#usda 1.0
(
    defaultPrim = "Tree"
    metersPerUnit = 1
    upAxis = "Y"
)

def Xform "Tree" (
    prepend apiSchemas = ["NaniteAssemblyRootAPI"]
    kind = "component"
)
{
    uniform token unreal:naniteAssembly:meshType = "skeletalMesh"
    rel unreal:naniteAssembly:skeleton = </Tree/BaseTreeSkelRoot/MainSkeleton>



    def SkelRoot "BaseTreeSkelRoot" (
        kind = "component"
    )
    {
        string[] primvars:boneCapture_pCaptPath = ["Tree_point_0", "Tree_point_1", "Tree_point_2", "Tree_point_3", "Tree_point_4", "Tree_point_5", "Tree_point_6", "Tree_point_7", "Tree_point_8", "Tree_point_9", "Tree_point_10", "Tree_point_11", "Tree_point_12", "Tree_point_13", "Tree_point_14", "Tree_point_15", "Tree_point_16", "Tree_point_17", "Tree_point_18", "Tree_point_19", "Tree_point_20", "Tree_point_21", "Tree_point_22", "Tree_point_23", "Tree_point_24", "Tree_point_25", "Tree_point_26", "Tree_point_27", "Tree_point_28", "Tree_point_29", "Tree_point_30", "Tree_point_31", "Tree_point_32", "Tree_point_33", "Tree_point_34", "Tree_point_35", "Tree_point_36", "Tree_point_37", "Tree_point_38", "Tree_point_39", "Tree_point_40", "Tree_point_41", "Tree_point_42", "Tree_point_43", "Tree_point_44", "Tree_point_45", "Tree_point_46", "Tree_point_47", "Tree_point_48", "Tree_point_49", "Tree_point_50", "Tree_point_51", "Tree_point_52", "Tree_point_53", "Tree_point_54", "Tree_point_55", "Tree_point_56", "Tree_point_57", "Tree_point_58", "Tree_point_59", "Tree_point_60", "Tree_point_61", "Tree_point_62", "Tree_point_63", "Tree_point_64", "Tree_point_65", "Tree_point_66", "Tree_point_67", "Tree_point_68", "Tree_point_69", "Tree_point_70", "Tree_point_71", "Tree_point_72", "Tree_point_73", "Tree_point_74", "Tree_point_75", "Tree_point_76", "Tree_point_77", "Tree_point_78", "Tree_point_79", "Tree_point_80", "Tree_point_81", "Tree_point_82", "Tree_point_83", "Tree_point_84", "Tree_point_85", "Tree_point_86", "Tree_point_87", "Tree_point_88", "Tree_point_89", "Tree_point_90", "Tree_point_91", "Tree_point_92", "Tree_point_93", "Tree_point_94", "Tree_point_95", "Tree_point_96", "Tree_point_97", "Tree_point_98", "Tree_point_99", "Tree_point_100", "Tree_point_101", "Tree_point_102", "Tree_point_103", "Tree_point_104"] (
                    elementSize = 1
                    interpolation = "constant"
                )
                int[] primvars:boneCapture_pCaptPath:indices = None
                int[] primvars:boneCapture_pCaptPath:lengths = [105] (
                    interpolation = "constant"
                )
                int[] primvars:hierarchicalDepth = [0, 1, 2, 3, 4, 5, 6, 7, 8, 9, 10, 8, 9, 10, 11, 11, 12, 13, 14, 15, 12, 13, 14, 15, 16, 10, 11, 12, 13, 12, 13, 14, 15, 13, 14, 15, 16, 8, 9, 10, 11, 12, 11, 12, 13, 14, 15, 12, 13, 14, 15, 16, 4, 5, 6, 7, 6, 7, 8, 9, 7, 8, 9, 10, 7, 8, 9, 10, 8, 9, 10, 11, 6, 7, 8, 9, 8, 9, 10, 11, 12, 9, 10, 11, 12, 13, 11, 12, 13, 12, 13, 14, 15, 13, 14, 15, 16, 13, 14, 15, 16, 14, 15, 16, 17] (
                    elementSize = 1
                    interpolation = "constant"
                )
                int[] primvars:hierarchicalDepth:indices = None
                int[] primvars:hierarchicalDepth:lengths = [105] (
                    interpolation = "constant"
                )
                matrix4d primvars:localtransform = ( (1, 0, 0, 0), (0, 1, 0, 0), (0, 0, 1, 0), (0, 0, 0, 1) )
                int[] primvars:localtransform:indices = None
                int[] primvars:logicalDepth = [0, 1, 2, 3, 4, 5, 6, 7, 8, 9, 10, 8, 9, 10, 11, 11, 12, 13, 14, 15, 12, 13, 14, 15, 16, 10, 11, 12, 13, 12, 13, 14, 15, 13, 14, 15, 16, 8, 9, 10, 11, 12, 11, 12, 13, 14, 15, 12, 13, 14, 15, 16, 4, 5, 6, 7, 6, 7, 8, 9, 7, 8, 9, 10, 7, 8, 9, 10, 8, 9, 10, 11, 6, 7, 8, 9, 8, 9, 10, 11, 12, 9, 10, 11, 12, 13, 11, 12, 13, 12, 13, 14, 15, 13, 14, 15, 16, 13, 14, 15, 16, 14, 15, 16, 17] (
                    elementSize = 1
                    interpolation = "constant"
                )
                int[] primvars:logicalDepth:indices = None
                int[] primvars:logicalDepth:lengths = [105] (
                    interpolation = "constant"
                )
                token[] primvars:ueJointNames = ["Tree_point_0", "Tree_point_1", "Tree_point_2", "Tree_point_3", "Tree_point_4", "Tree_point_5", "Tree_point_6", "Tree_point_7", "Tree_point_8", "Tree_point_9", "Tree_point_10", "Tree_point_11", "Tree_point_12", "Tree_point_13", "Tree_point_14", "Tree_point_15", "Tree_point_16", "Tree_point_17", "Tree_point_18", "Tree_point_19", "Tree_point_20", "Tree_point_21", "Tree_point_22", "Tree_point_23", "Tree_point_24", "Tree_point_25", "Tree_point_26", "Tree_point_27", "Tree_point_28", "Tree_point_29", "Tree_point_30", "Tree_point_31", "Tree_point_32", "Tree_point_33", "Tree_point_34", "Tree_point_35", "Tree_point_36", "Tree_point_37", "Tree_point_38", "Tree_point_39", "Tree_point_40", "Tree_point_41", "Tree_point_42", "Tree_point_43", "Tree_point_44", "Tree_point_45", "Tree_point_46", "Tree_point_47", "Tree_point_48", "Tree_point_49", "Tree_point_50", "Tree_point_51", "Tree_point_52", "Tree_point_53", "Tree_point_54", "Tree_point_55", "Tree_point_56", "Tree_point_57", "Tree_point_58", "Tree_point_59", "Tree_point_60", "Tree_point_61", "Tree_point_62", "Tree_point_63", "Tree_point_64", "Tree_point_65", "Tree_point_66", "Tree_point_67", "Tree_point_68", "Tree_point_69", "Tree_point_70", "Tree_point_71", "Tree_point_72", "Tree_point_73", "Tree_point_74", "Tree_point_75", "Tree_point_76", "Tree_point_77", "Tree_point_78", "Tree_point_79", "Tree_point_80", "Tree_point_81", "Tree_point_82", "Tree_point_83", "Tree_point_84", "Tree_point_85", "Tree_point_86", "Tree_point_87", "Tree_point_88", "Tree_point_89", "Tree_point_90", "Tree_point_91", "Tree_point_92", "Tree_point_93", "Tree_point_94", "Tree_point_95", "Tree_point_96", "Tree_point_97", "Tree_point_98", "Tree_point_99", "Tree_point_100", "Tree_point_101", "Tree_point_102", "Tree_point_103", "Tree_point_104"] (
                    elementSize = 105
                    interpolation = "constant"
                )
                int[] primvars:ueJointNames:indices = None
                int[] primvars:ueJointNames:lengths = [105] (
                    interpolation = "constant"
                )
        matrix4d xformOp:transform = ( (1, 0, 0, 0), (0, 1, 0, 0), (0, 0, 1, 0), (0, 0, 0, 1) )
        uniform token[] xformOpOrder = ["xformOp:transform"]

        def SkelAnimation "BaseTreeAnimation"
        {
            uniform token[] joints = ["root", "root/bone_001", "root/bone_001/bone_002", "root/bone_001/bone_002/bone_003", "root/bone_001/bone_002/bone_003/bone_004", "root/bone_001/bone_002/bone_003/bone_004/bone_005", "root/bone_001/bone_002/bone_003/bone_004/bone_005/bone_006", "root/bone_001/bone_002/bone_003/bone_004/bone_005/bone_006/bone_007", "root/bone_001/bone_002/bone_003/bone_004/bone_005/bone_006/bone_007/bone_008", "root/bone_001/bone_002/bone_003/bone_004/bone_005/bone_006/bone_007/bone_008/bone_009", "root/bone_001/bone_002/bone_003/bone_004/bone_005/bone_006/bone_007/bone_008/bone_009/bone_010", "root/bone_001/bone_002/bone_003/bone_004/bone_005/bone_006/bone_007/bone_011", "root/bone_001/bone_002/bone_003/bone_004/bone_005/bone_006/bone_007/bone_011/bone_012", "root/bone_001/bone_002/bone_003/bone_004/bone_005/bone_006/bone_007/bone_011/bone_012/bone_013", "root/bone_001/bone_002/bone_003/bone_004/bone_005/bone_006/bone_007/bone_011/bone_012/bone_013/bone_014", "root/bone_001/bone_002/bone_003/bone_004/bone_005/bone_006/bone_007/bone_011/bone_012/bone_013/bone_015", "root/bone_001/bone_002/bone_003/bone_004/bone_005/bone_006/bone_007/bone_011/bone_012/bone_013/bone_015/bone_016", "root/bone_001/bone_002/bone_003/bone_004/bone_005/bone_006/bone_007/bone_011/bone_012/bone_013/bone_015/bone_016/bone_017", "root/bone_001/bone_002/bone_003/bone_004/bone_005/bone_006/bone_007/bone_011/bone_012/bone_013/bone_015/bone_016/bone_017/bone_018", "root/bone_001/bone_002/bone_003/bone_004/bone_005/bone_006/bone_007/bone_011/bone_012/bone_013/bone_015/bone_016/bone_017/bone_018/bone_019", "root/bone_001/bone_002/bone_003/bone_004/bone_005/bone_006/bone_007/bone_011/bone_012/bone_013/bone_014/bone_020", "root/bone_001/bone_002/bone_003/bone_004/bone_005/bone_006/bone_007/bone_011/bone_012/bone_013/bone_014/bone_020/bone_021", "root/bone_001/bone_002/bone_003/bone_004/bone_005/bone_006/bone_007/bone_011/bone_012/bone_013/bone_014/bone_020/bone_021/bone_022", "root/bone_001/bone_002/bone_003/bone_004/bone_005/bone_006/bone_007/bone_011/bone_012/bone_013/bone_014/bone_020/bone_021/bone_022/bone_023", "root/bone_001/bone_002/bone_003/bone_004/bone_005/bone_006/bone_007/bone_011/bone_012/bone_013/bone_014/bone_020/bone_021/bone_022/bone_023/bone_024", "root/bone_001/bone_002/bone_003/bone_004/bone_005/bone_006/bone_007/bone_008/bone_009/bone_025", "root/bone_001/bone_002/bone_003/bone_004/bone_005/bone_006/bone_007/bone_008/bone_009/bone_025/bone_026", "root/bone_001/bone_002/bone_003/bone_004/bone_005/bone_006/bone_007/bone_008/bone_009/bone_025/bone_026/bone_027", "root/bone_001/bone_002/bone_003/bone_004/bone_005/bone_006/bone_007/bone_008/bone_009/bone_025/bone_026/bone_027/bone_028", "root/bone_001/bone_002/bone_003/bone_004/bone_005/bone_006/bone_007/bone_008/bone_009/bone_025/bone_026/bone_029", "root/bone_001/bone_002/bone_003/bone_004/bone_005/bone_006/bone_007/bone_008/bone_009/bone_025/bone_026/bone_029/bone_030", "root/bone_001/bone_002/bone_003/bone_004/bone_005/bone_006/bone_007/bone_008/bone_009/bone_025/bone_026/bone_029/bone_030/bone_031", "root/bone_001/bone_002/bone_003/bone_004/bone_005/bone_006/bone_007/bone_008/bone_009/bone_025/bone_026/bone_029/bone_030/bone_031/bone_032", "root/bone_001/bone_002/bone_003/bone_004/bone_005/bone_006/bone_007/bone_008/bone_009/bone_025/bone_026/bone_027/bone_033", "root/bone_001/bone_002/bone_003/bone_004/bone_005/bone_006/bone_007/bone_008/bone_009/bone_025/bone_026/bone_027/bone_033/bone_034", "root/bone_001/bone_002/bone_003/bone_004/bone_005/bone_006/bone_007/bone_008/bone_009/bone_025/bone_026/bone_027/bone_033/bone_034/bone_035", "root/bone_001/bone_002/bone_003/bone_004/bone_005/bone_006/bone_007/bone_008/bone_009/bone_025/bone_026/bone_027/bone_033/bone_034/bone_035/bone_036", "root/bone_001/bone_002/bone_003/bone_004/bone_005/bone_006/bone_007/bone_037", "root/bone_001/bone_002/bone_003/bone_004/bone_005/bone_006/bone_007/bone_037/bone_038", "root/bone_001/bone_002/bone_003/bone_004/bone_005/bone_006/bone_007/bone_037/bone_038/bone_039", "root/bone_001/bone_002/bone_003/bone_004/bone_005/bone_006/bone_007/bone_037/bone_038/bone_039/bone_040", "root/bone_001/bone_002/bone_003/bone_004/bone_005/bone_006/bone_007/bone_037/bone_038/bone_039/bone_040/bone_041", "root/bone_001/bone_002/bone_003/bone_004/bone_005/bone_006/bone_007/bone_037/bone_038/bone_039/bone_042", "root/bone_001/bone_002/bone_003/bone_004/bone_005/bone_006/bone_007/bone_037/bone_038/bone_039/bone_042/bone_043", "root/bone_001/bone_002/bone_003/bone_004/bone_005/bone_006/bone_007/bone_037/bone_038/bone_039/bone_042/bone_043/bone_044", "root/bone_001/bone_002/bone_003/bone_004/bone_005/bone_006/bone_007/bone_037/bone_038/bone_039/bone_042/bone_043/bone_044/bone_045", "root/bone_001/bone_002/bone_003/bone_004/bone_005/bone_006/bone_007/bone_037/bone_038/bone_039/bone_042/bone_043/bone_044/bone_045/bone_046", "root/bone_001/bone_002/bone_003/bone_004/bone_005/bone_006/bone_007/bone_037/bone_038/bone_039/bone_040/bone_047", "root/bone_001/bone_002/bone_003/bone_004/bone_005/bone_006/bone_007/bone_037/bone_038/bone_039/bone_040/bone_047/bone_048", "root/bone_001/bone_002/bone_003/bone_004/bone_005/bone_006/bone_007/bone_037/bone_038/bone_039/bone_040/bone_047/bone_048/bone_049", "root/bone_001/bone_002/bone_003/bone_004/bone_005/bone_006/bone_007/bone_037/bone_038/bone_039/bone_040/bone_047/bone_048/bone_049/bone_050", "root/bone_001/bone_002/bone_003/bone_004/bone_005/bone_006/bone_007/bone_037/bone_038/bone_039/bone_040/bone_047/bone_048/bone_049/bone_050/bone_051", "root/bone_001/bone_002/bone_003/bone_052", "root/bone_001/bone_002/bone_003/bone_052/bone_053", "root/bone_001/bone_002/bone_003/bone_052/bone_053/bone_054", "root/bone_001/bone_002/bone_003/bone_052/bone_053/bone_054/bone_055", "root/bone_001/bone_002/bone_003/bone_052/bone_053/bone_056", "root/bone_001/bone_002/bone_003/bone_052/bone_053/bone_056/bone_057", "root/bone_001/bone_002/bone_003/bone_052/bone_053/bone_056/bone_057/bone_058", "root/bone_001/bone_002/bone_003/bone_052/bone_053/bone_056/bone_057/bone_058/bone_059", "root/bone_001/bone_002/bone_003/bone_052/bone_053/bone_054/bone_060", "root/bone_001/bone_002/bone_003/bone_052/bone_053/bone_054/bone_060/bone_061", "root/bone_001/bone_002/bone_003/bone_052/bone_053/bone_054/bone_060/bone_061/bone_062", "root/bone_001/bone_002/bone_003/bone_052/bone_053/bone_054/bone_060/bone_061/bone_062/bone_063", "root/bone_001/bone_002/bone_003/bone_052/bone_053/bone_054/bone_064", "root/bone_001/bone_002/bone_003/bone_052/bone_053/bone_054/bone_064/bone_065", "root/bone_001/bone_002/bone_003/bone_052/bone_053/bone_054/bone_064/bone_065/bone_066", "root/bone_001/bone_002/bone_003/bone_052/bone_053/bone_054/bone_064/bone_065/bone_066/bone_067", "root/bone_001/bone_002/bone_003/bone_052/bone_053/bone_054/bone_055/bone_068", "root/bone_001/bone_002/bone_003/bone_052/bone_053/bone_054/bone_055/bone_068/bone_069", "root/bone_001/bone_002/bone_003/bone_052/bone_053/bone_054/bone_055/bone_068/bone_069/bone_070", "root/bone_001/bone_002/bone_003/bone_052/bone_053/bone_054/bone_055/bone_068/bone_069/bone_070/bone_071", "root/bone_001/bone_002/bone_003/bone_004/bone_005/bone_072", "root/bone_001/bone_002/bone_003/bone_004/bone_005/bone_072/bone_073", "root/bone_001/bone_002/bone_003/bone_004/bone_005/bone_072/bone_073/bone_074", "root/bone_001/bone_002/bone_003/bone_004/bone_005/bone_072/bone_073/bone_074/bone_075", "root/bone_001/bone_002/bone_003/bone_004/bone_005/bone_072/bone_073/bone_076", "root/bone_001/bone_002/bone_003/bone_004/bone_005/bone_072/bone_073/bone_076/bone_077", "root/bone_001/bone_002/bone_003/bone_004/bone_005/bone_072/bone_073/bone_076/bone_077/bone_078", "root/bone_001/bone_002/bone_003/bone_004/bone_005/bone_072/bone_073/bone_076/bone_077/bone_078/bone_079", "root/bone_001/bone_002/bone_003/bone_004/bone_005/bone_072/bone_073/bone_076/bone_077/bone_078/bone_079/bone_080", "root/bone_001/bone_002/bone_003/bone_004/bone_005/bone_072/bone_073/bone_074/bone_081", "root/bone_001/bone_002/bone_003/bone_004/bone_005/bone_072/bone_073/bone_074/bone_081/bone_082", "root/bone_001/bone_002/bone_003/bone_004/bone_005/bone_072/bone_073/bone_074/bone_081/bone_082/bone_083", "root/bone_001/bone_002/bone_003/bone_004/bone_005/bone_072/bone_073/bone_074/bone_081/bone_082/bone_083/bone_084", "root/bone_001/bone_002/bone_003/bone_004/bone_005/bone_072/bone_073/bone_074/bone_081/bone_082/bone_083/bone_084/bone_085", "root/bone_001/bone_002/bone_003/bone_004/bone_005/bone_006/bone_007/bone_008/bone_009/bone_010/bone_086", "root/bone_001/bone_002/bone_003/bone_004/bone_005/bone_006/bone_007/bone_008/bone_009/bone_010/bone_086/bone_087", "root/bone_001/bone_002/bone_003/bone_004/bone_005/bone_006/bone_007/bone_008/bone_009/bone_010/bone_086/bone_087/bone_088", "root/bone_001/bone_002/bone_003/bone_004/bone_005/bone_006/bone_007/bone_008/bone_009/bone_010/bone_086/bone_089", "root/bone_001/bone_002/bone_003/bone_004/bone_005/bone_006/bone_007/bone_008/bone_009/bone_010/bone_086/bone_089/bone_090", "root/bone_001/bone_002/bone_003/bone_004/bone_005/bone_006/bone_007/bone_008/bone_009/bone_010/bone_086/bone_089/bone_090/bone_091", "root/bone_001/bone_002/bone_003/bone_004/bone_005/bone_006/bone_007/bone_008/bone_009/bone_010/bone_086/bone_089/bone_090/bone_091/bone_092", "root/bone_001/bone_002/bone_003/bone_004/bone_005/bone_006/bone_007/bone_008/bone_009/bone_010/bone_086/bone_087/bone_093", "root/bone_001/bone_002/bone_003/bone_004/bone_005/bone_006/bone_007/bone_008/bone_009/bone_010/bone_086/bone_087/bone_093/bone_094", "root/bone_001/bone_002/bone_003/bone_004/bone_005/bone_006/bone_007/bone_008/bone_009/bone_010/bone_086/bone_087/bone_093/bone_094/bone_095", "root/bone_001/bone_002/bone_003/bone_004/bone_005/bone_006/bone_007/bone_008/bone_009/bone_010/bone_086/bone_087/bone_093/bone_094/bone_095/bone_096", "root/bone_001/bone_002/bone_003/bone_004/bone_005/bone_006/bone_007/bone_008/bone_009/bone_010/bone_086/bone_087/bone_097", "root/bone_001/bone_002/bone_003/bone_004/bone_005/bone_006/bone_007/bone_008/bone_009/bone_010/bone_086/bone_087/bone_097/bone_098", "root/bone_001/bone_002/bone_003/bone_004/bone_005/bone_006/bone_007/bone_008/bone_009/bone_010/bone_086/bone_087/bone_097/bone_098/bone_099", "root/bone_001/bone_002/bone_003/bone_004/bone_005/bone_006/bone_007/bone_008/bone_009/bone_010/bone_086/bone_087/bone_097/bone_098/bone_099/bone_100", "root/bone_001/bone_002/bone_003/bone_004/bone_005/bone_006/bone_007/bone_008/bone_009/bone_010/bone_086/bone_087/bone_088/bone_101", "root/bone_001/bone_002/bone_003/bone_004/bone_005/bone_006/bone_007/bone_008/bone_009/bone_010/bone_086/bone_087/bone_088/bone_101/bone_102", "root/bone_001/bone_002/bone_003/bone_004/bone_005/bone_006/bone_007/bone_008/bone_009/bone_010/bone_086/bone_087/bone_088/bone_101/bone_102/bone_103", "root/bone_001/bone_002/bone_003/bone_004/bone_005/bone_006/bone_007/bone_008/bone_009/bone_010/bone_086/bone_087/bone_088/bone_101/bone_102/bone_103/bone_104"]
            quath[] rotations = [(1, 0, 0, 0), (1, 0, 0, 0), (1, 0, 0, 0), (1, 0, 0, 0), (1, 0, 0, 0), (1, 0, 0, 0), (1, 0, 0, 0), (1, 0, 0, 0), (1, 0, 0, 0), (1, 0, 0, 0), (1, 0, 0, 0), (1, 0, 0, 0), (1, 0, 0, 0), (1, 0, 0, 0), (1, 0, 0, 0), (1, 0, 0, 0), (1, 0, 0, 0), (1, 0, 0, 0), (1, 0, 0, 0), (1, 0, 0, 0), (1, 0, 0, 0), (1, 0, 0, 0), (1, 0, 0, 0), (1, 0, 0, 0), (1, 0, 0, 0), (1, 0, 0, 0), (1, 0, 0, 0), (1, 0, 0, 0), (1, 0, 0, 0), (1, 0, 0, 0), (1, 0, 0, 0), (1, 0, 0, 0), (1, 0, 0, 0), (1, 0, 0, 0), (1, 0, 0, 0), (1, 0, 0, 0), (1, 0, 0, 0), (1, 0, 0, 0), (1, 0, 0, 0), (1, 0, 0, 0), (1, 0, 0, 0), (1, 0, 0, 0), (1, 0, 0, 0), (1, 0, 0, 0), (1, 0, 0, 0), (1, 0, 0, 0), (1, 0, 0, 0), (1, 0, 0, 0), (1, 0, 0, 0), (1, 0, 0, 0), (1, 0, 0, 0), (1, 0, 0, 0), (1, 0, 0, 0), (1, 0, 0, 0), (1, 0, 0, 0), (1, 0, 0, 0), (1, 0, 0, 0), (1, 0, 0, 0), (1, 0, 0, 0), (1, 0, 0, 0), (1, 0, 0, 0), (1, 0, 0, 0), (1, 0, 0, 0), (1, 0, 0, 0), (1, 0, 0, 0), (1, 0, 0, 0), (1, 0, 0, 0), (1, 0, 0, 0), (1, 0, 0, 0), (1, 0, 0, 0), (1, 0, 0, 0), (1, 0, 0, 0), (1, 0, 0, 0), (1, 0, 0, 0), (1, 0, 0, 0), (1, 0, 0, 0), (1, 0, 0, 0), (1, 0, 0, 0), (1, 0, 0, 0), (1, 0, 0, 0), (1, 0, 0, 0), (1, 0, 0, 0), (1, 0, 0, 0), (1, 0, 0, 0), (1, 0, 0, 0), (1, 0, 0, 0), (1, 0, 0, 0), (1, 0, 0, 0), (1, 0, 0, 0), (1, 0, 0, 0), (1, 0, 0, 0), (1, 0, 0, 0), (1, 0, 0, 0), (1, 0, 0, 0), (1, 0, 0, 0), (1, 0, 0, 0), (1, 0, 0, 0), (1, 0, 0, 0), (1, 0, 0, 0), (1, 0, 0, 0), (1, 0, 0, 0), (1, 0, 0, 0), (1, 0, 0, 0), (1, 0, 0, 0), (1, 0, 0, 0)]
            half3[] scales = [(1, 1, 1), (1, 1, 1), (1, 1, 1), (1, 1, 1), (1, 1, 1), (1, 1, 1), (1, 1, 1), (1, 1, 1), (1, 1, 1), (1, 1, 1), (1, 1, 1), (1, 1, 1), (1, 1, 1), (1, 1, 1), (1, 1, 1), (1, 1, 1), (1, 1, 1), (1, 1, 1), (1, 1, 1), (1, 1, 1), (1, 1, 1), (1, 1, 1), (1, 1, 1), (1, 1, 1), (1, 1, 1), (1, 1, 1), (1, 1, 1), (1, 1, 1), (1, 1, 1), (1, 1, 1), (1, 1, 1), (1, 1, 1), (1, 1, 1), (1, 1, 1), (1, 1, 1), (1, 1, 1), (1, 1, 1), (1, 1, 1), (1, 1, 1), (1, 1, 1), (1, 1, 1), (1, 1, 1), (1, 1, 1), (1, 1, 1), (1, 1, 1), (1, 1, 1), (1, 1, 1), (1, 1, 1), (1, 1, 1), (1, 1, 1), (1, 1, 1), (1, 1, 1), (1, 1, 1), (1, 1, 1), (1, 1, 1), (1, 1, 1), (1, 1, 1), (1, 1, 1), (1, 1, 1), (1, 1, 1), (1, 1, 1), (1, 1, 1), (1, 1, 1), (1, 1, 1), (1, 1, 1), (1, 1, 1), (1, 1, 1), (1, 1, 1), (1, 1, 1), (1, 1, 1), (1, 1, 1), (1, 1, 1), (1, 1, 1), (1, 1, 1), (1, 1, 1), (1, 1, 1), (1, 1, 1), (1, 1, 1), (1, 1, 1), (1, 1, 1), (1, 1, 1), (1, 1, 1), (1, 1, 1), (1, 1, 1), (1, 1, 1), (1, 1, 1), (1, 1, 1), (1, 1, 1), (1, 1, 1), (1, 1, 1), (1, 1, 1), (1, 1, 1), (1, 1, 1), (1, 1, 1), (1, 1, 1), (1, 1, 1), (1, 1, 1), (1, 1, 1), (1, 1, 1), (1, 1, 1), (1, 1, 1), (1, 1, 1), (1, 1, 1), (1, 1, 1), (1, 1, 1)]
            float3[] translations = [(0, 0, -0), (-0.00409338, 0.585628, -0.0130253), (0.00045016, 0.604592, -0.013765), (0.00042548, 0.62551, -0.0091022), (0.00505777, 0.64879, 0.0223667), (0.0459749, 0.67486, 0.01908), (0.011345, 0.70435, -0.0272595), (0.0176548, 0.7381, -0.0400119), (0.0305963, 0.7772, 0.0021176), (0.05621, 0.82328, 0.0096628), (-0.017733, 0.87867, -0.0464655), (-0.0131289, 0.58973, -0.113928), (-0.172776, 0.54814, -0.673352), (-0.113377, 0.63332, -0.706813), (-0.323916, 0.41158, -0.80844), (0.041564, 0.11876, -0.13046), (0.205532, 0.20046, -0.12048), (0.222456, 0.26559, -0.33607), (0.06565, 0.29582, -0.25616), (0.008845, 0.31967, -0.25265), (-0.121069, 0.09013, -0.10252), (-0.314065, 0.15286, -0.1461), (-0.246533, 0.17802, -0.2156), (-0.32435, 0.13727, -0.13485), (-0.39779, 0.09179, -0.1945), (-0.109235, 0.77735, -0.0117412), (-0.379767, 0.65783, 0.22299), (-0.676269, 0.64725, 0.194496), (-0.53165, 0.57959, 0.228245), (-0.488021, 0.50057, 0.046661), (-0.183606, 0.26494, -0.272637), (-0.231652, 0.34265, -0.132953), (-0.33408, 0.28262, 0.00469), (-0.30554, 0.23604, 0.241017), (-0.32413, 0.01986, 0.276468), (-0.23391, 0.16989, 0.223027), (-0.34807, 0.16131, 0.30228), (0.0511613, 0.36985, 0.117574), (0.160077, 0.46732, 0.585381), (0.222447, 0.42449, 0.676682), (0.155844, 0.49052, 0.41929), (0.22006, 0.80496, 0.57424), (0.076237, 0.05916, 0.16065), (0.179788, -0.06607, 0.37027), (0.247855, 0.03112, 0.35831), (0.03844, 0.09792, 0.34521), (0.01564, 0.18743, 0.41966), (0.166336, 0.72723, 0.44203), (0.012796, 0.29884, 0.0315), (-0.009791, 0.44175, 0.2059), (0.112948, 0.32475, 0.10597), (0.144017, 0.40326, 0.22004), (-0.150847, 0.15885, -0.0740155), (-0.535048, 0.36518, -0.299976), (-0.504717, 0.5019, -0.363533), (-0.73165, 0.43128, -0.541073), (-0.401897, 0.42689, -0.186233), (-0.19488, 0.20651, 0.152248), (-0.23326, 0.22394, 0.157397), (-0.41572, 0.40326, -0.003545), (-0.06864, 0.18588, -0.138467), (0.0064, 0.32976, -0.194696), (-0.05895, 0.16166, -0.09523), (-0.26553, 0.39836, -0.33943), (-0.57324, 0.30468, -0.527993), (-0.19403, 0.01684, -0.3184), (-0.31657, 0.10923, -0.29698), (-0.03333, 0.0367, -0.06036), (-0.22648, 0.06264, -0.04048), (-0.3361, 0.1214, -0.08353), (-0.39329, 0.14762, 0.01456), (-0.41332, 0.10079, -0.06798), (-0.0621649, 0.14385, 0.118114), (-0.158152, 0.5159, 0.597509), (-0.575357, 0.71626, 0.539903), (-0.290451, 0.42985, 0.6978), (-0.500521, 0.54996, 0.232897), (-0.17795, 0.18538, -0.134071), (-0.252347, 0.15997, -0.054068), (-0.34216, 0.21954, 0.001064), (-0.38716, 0.31107, 0.074891), (-0.033945, 0.11494, 0.37481), (0.079879, -0.0229, 0.28436), (0.134512, 0.00234, 0.45061), (0.090908, 0.07061, 0.37963), (-0.066875, 0.11231, 0.20466), (0.0281, 0.93902, 0.0169706), (0.032763, 0.80747, -0.0469263), (-0.124254, 1.01322, 0.000313), (0.163428, 0.61801, -0.0492543), (0.231794, 0.10507, -0.026158), (0.293885, 0.3276, -0.009415), (0.099097, 0.41905, -0.065757), (-0.045251, 0.19726, -0.121596), (-0.0676168, 0.13527, -0.272865), (-0.0765661, 0.31283, -0.286181), (-0.127469, 0.24286, -0.192131), (-0.030808, 0.62072, -0.137061), (0.017244, 0.20824, -0.208645), (-0.004586, 0.34573, -0.219934), (0.010536, 0.38574, -0.138567), (-0.0125238, 0.41531, 0.081556), (-0.121919, 0.2215, 0.0711118), (-0.114021, 0.4245, 0.114651), (0.008064, 0.3935, 0.007898)]
        }

        def Mesh "BaseTreeMesh" (
            prepend apiSchemas = ["SkelBindingAPI"]
        )
        {
            uniform token[] skel:joints = ["root", "root/bone_001", "root/bone_001/bone_002", "root/bone_001/bone_002/bone_003", "root/bone_001/bone_002/bone_003/bone_004", "root/bone_001/bone_002/bone_003/bone_004/bone_005", "root/bone_001/bone_002/bone_003/bone_004/bone_005/bone_006", "root/bone_001/bone_002/bone_003/bone_004/bone_005/bone_006/bone_007", "root/bone_001/bone_002/bone_003/bone_004/bone_005/bone_006/bone_007/bone_008", "root/bone_001/bone_002/bone_003/bone_004/bone_005/bone_006/bone_007/bone_008/bone_009", "root/bone_001/bone_002/bone_003/bone_004/bone_005/bone_006/bone_007/bone_008/bone_009/bone_010", "root/bone_001/bone_002/bone_003/bone_004/bone_005/bone_006/bone_007/bone_011", "root/bone_001/bone_002/bone_003/bone_004/bone_005/bone_006/bone_007/bone_011/bone_012", "root/bone_001/bone_002/bone_003/bone_004/bone_005/bone_006/bone_007/bone_011/bone_012/bone_013", "root/bone_001/bone_002/bone_003/bone_004/bone_005/bone_006/bone_007/bone_011/bone_012/bone_013/bone_014", "root/bone_001/bone_002/bone_003/bone_004/bone_005/bone_006/bone_007/bone_011/bone_012/bone_013/bone_015", "root/bone_001/bone_002/bone_003/bone_004/bone_005/bone_006/bone_007/bone_011/bone_012/bone_013/bone_015/bone_016", "root/bone_001/bone_002/bone_003/bone_004/bone_005/bone_006/bone_007/bone_011/bone_012/bone_013/bone_015/bone_016/bone_017", "root/bone_001/bone_002/bone_003/bone_004/bone_005/bone_006/bone_007/bone_011/bone_012/bone_013/bone_015/bone_016/bone_017/bone_018", "root/bone_001/bone_002/bone_003/bone_004/bone_005/bone_006/bone_007/bone_011/bone_012/bone_013/bone_015/bone_016/bone_017/bone_018/bone_019", "root/bone_001/bone_002/bone_003/bone_004/bone_005/bone_006/bone_007/bone_011/bone_012/bone_013/bone_014/bone_020", "root/bone_001/bone_002/bone_003/bone_004/bone_005/bone_006/bone_007/bone_011/bone_012/bone_013/bone_014/bone_020/bone_021", "root/bone_001/bone_002/bone_003/bone_004/bone_005/bone_006/bone_007/bone_011/bone_012/bone_013/bone_014/bone_020/bone_021/bone_022", "root/bone_001/bone_002/bone_003/bone_004/bone_005/bone_006/bone_007/bone_011/bone_012/bone_013/bone_014/bone_020/bone_021/bone_022/bone_023", "root/bone_001/bone_002/bone_003/bone_004/bone_005/bone_006/bone_007/bone_011/bone_012/bone_013/bone_014/bone_020/bone_021/bone_022/bone_023/bone_024", "root/bone_001/bone_002/bone_003/bone_004/bone_005/bone_006/bone_007/bone_008/bone_009/bone_025", "root/bone_001/bone_002/bone_003/bone_004/bone_005/bone_006/bone_007/bone_008/bone_009/bone_025/bone_026", "root/bone_001/bone_002/bone_003/bone_004/bone_005/bone_006/bone_007/bone_008/bone_009/bone_025/bone_026/bone_027", "root/bone_001/bone_002/bone_003/bone_004/bone_005/bone_006/bone_007/bone_008/bone_009/bone_025/bone_026/bone_027/bone_028", "root/bone_001/bone_002/bone_003/bone_004/bone_005/bone_006/bone_007/bone_008/bone_009/bone_025/bone_026/bone_029", "root/bone_001/bone_002/bone_003/bone_004/bone_005/bone_006/bone_007/bone_008/bone_009/bone_025/bone_026/bone_029/bone_030", "root/bone_001/bone_002/bone_003/bone_004/bone_005/bone_006/bone_007/bone_008/bone_009/bone_025/bone_026/bone_029/bone_030/bone_031", "root/bone_001/bone_002/bone_003/bone_004/bone_005/bone_006/bone_007/bone_008/bone_009/bone_025/bone_026/bone_029/bone_030/bone_031/bone_032", "root/bone_001/bone_002/bone_003/bone_004/bone_005/bone_006/bone_007/bone_008/bone_009/bone_025/bone_026/bone_027/bone_033", "root/bone_001/bone_002/bone_003/bone_004/bone_005/bone_006/bone_007/bone_008/bone_009/bone_025/bone_026/bone_027/bone_033/bone_034", "root/bone_001/bone_002/bone_003/bone_004/bone_005/bone_006/bone_007/bone_008/bone_009/bone_025/bone_026/bone_027/bone_033/bone_034/bone_035", "root/bone_001/bone_002/bone_003/bone_004/bone_005/bone_006/bone_007/bone_008/bone_009/bone_025/bone_026/bone_027/bone_033/bone_034/bone_035/bone_036", "root/bone_001/bone_002/bone_003/bone_004/bone_005/bone_006/bone_007/bone_037", "root/bone_001/bone_002/bone_003/bone_004/bone_005/bone_006/bone_007/bone_037/bone_038", "root/bone_001/bone_002/bone_003/bone_004/bone_005/bone_006/bone_007/bone_037/bone_038/bone_039", "root/bone_001/bone_002/bone_003/bone_004/bone_005/bone_006/bone_007/bone_037/bone_038/bone_039/bone_040", "root/bone_001/bone_002/bone_003/bone_004/bone_005/bone_006/bone_007/bone_037/bone_038/bone_039/bone_040/bone_041", "root/bone_001/bone_002/bone_003/bone_004/bone_005/bone_006/bone_007/bone_037/bone_038/bone_039/bone_042", "root/bone_001/bone_002/bone_003/bone_004/bone_005/bone_006/bone_007/bone_037/bone_038/bone_039/bone_042/bone_043", "root/bone_001/bone_002/bone_003/bone_004/bone_005/bone_006/bone_007/bone_037/bone_038/bone_039/bone_042/bone_043/bone_044", "root/bone_001/bone_002/bone_003/bone_004/bone_005/bone_006/bone_007/bone_037/bone_038/bone_039/bone_042/bone_043/bone_044/bone_045", "root/bone_001/bone_002/bone_003/bone_004/bone_005/bone_006/bone_007/bone_037/bone_038/bone_039/bone_042/bone_043/bone_044/bone_045/bone_046", "root/bone_001/bone_002/bone_003/bone_004/bone_005/bone_006/bone_007/bone_037/bone_038/bone_039/bone_040/bone_047", "root/bone_001/bone_002/bone_003/bone_004/bone_005/bone_006/bone_007/bone_037/bone_038/bone_039/bone_040/bone_047/bone_048", "root/bone_001/bone_002/bone_003/bone_004/bone_005/bone_006/bone_007/bone_037/bone_038/bone_039/bone_040/bone_047/bone_048/bone_049", "root/bone_001/bone_002/bone_003/bone_004/bone_005/bone_006/bone_007/bone_037/bone_038/bone_039/bone_040/bone_047/bone_048/bone_049/bone_050", "root/bone_001/bone_002/bone_003/bone_004/bone_005/bone_006/bone_007/bone_037/bone_038/bone_039/bone_040/bone_047/bone_048/bone_049/bone_050/bone_051", "root/bone_001/bone_002/bone_003/bone_052", "root/bone_001/bone_002/bone_003/bone_052/bone_053", "root/bone_001/bone_002/bone_003/bone_052/bone_053/bone_054", "root/bone_001/bone_002/bone_003/bone_052/bone_053/bone_054/bone_055", "root/bone_001/bone_002/bone_003/bone_052/bone_053/bone_056", "root/bone_001/bone_002/bone_003/bone_052/bone_053/bone_056/bone_057", "root/bone_001/bone_002/bone_003/bone_052/bone_053/bone_056/bone_057/bone_058", "root/bone_001/bone_002/bone_003/bone_052/bone_053/bone_056/bone_057/bone_058/bone_059", "root/bone_001/bone_002/bone_003/bone_052/bone_053/bone_054/bone_060", "root/bone_001/bone_002/bone_003/bone_052/bone_053/bone_054/bone_060/bone_061", "root/bone_001/bone_002/bone_003/bone_052/bone_053/bone_054/bone_060/bone_061/bone_062", "root/bone_001/bone_002/bone_003/bone_052/bone_053/bone_054/bone_060/bone_061/bone_062/bone_063", "root/bone_001/bone_002/bone_003/bone_052/bone_053/bone_054/bone_064", "root/bone_001/bone_002/bone_003/bone_052/bone_053/bone_054/bone_064/bone_065", "root/bone_001/bone_002/bone_003/bone_052/bone_053/bone_054/bone_064/bone_065/bone_066", "root/bone_001/bone_002/bone_003/bone_052/bone_053/bone_054/bone_064/bone_065/bone_066/bone_067", "root/bone_001/bone_002/bone_003/bone_052/bone_053/bone_054/bone_055/bone_068", "root/bone_001/bone_002/bone_003/bone_052/bone_053/bone_054/bone_055/bone_068/bone_069", "root/bone_001/bone_002/bone_003/bone_052/bone_053/bone_054/bone_055/bone_068/bone_069/bone_070", "root/bone_001/bone_002/bone_003/bone_052/bone_053/bone_054/bone_055/bone_068/bone_069/bone_070/bone_071", "root/bone_001/bone_002/bone_003/bone_004/bone_005/bone_072", "root/bone_001/bone_002/bone_003/bone_004/bone_005/bone_072/bone_073", "root/bone_001/bone_002/bone_003/bone_004/bone_005/bone_072/bone_073/bone_074", "root/bone_001/bone_002/bone_003/bone_004/bone_005/bone_072/bone_073/bone_074/bone_075", "root/bone_001/bone_002/bone_003/bone_004/bone_005/bone_072/bone_073/bone_076", "root/bone_001/bone_002/bone_003/bone_004/bone_005/bone_072/bone_073/bone_076/bone_077", "root/bone_001/bone_002/bone_003/bone_004/bone_005/bone_072/bone_073/bone_076/bone_077/bone_078", "root/bone_001/bone_002/bone_003/bone_004/bone_005/bone_072/bone_073/bone_076/bone_077/bone_078/bone_079", "root/bone_001/bone_002/bone_003/bone_004/bone_005/bone_072/bone_073/bone_076/bone_077/bone_078/bone_079/bone_080", "root/bone_001/bone_002/bone_003/bone_004/bone_005/bone_072/bone_073/bone_074/bone_081", "root/bone_001/bone_002/bone_003/bone_004/bone_005/bone_072/bone_073/bone_074/bone_081/bone_082", "root/bone_001/bone_002/bone_003/bone_004/bone_005/bone_072/bone_073/bone_074/bone_081/bone_082/bone_083", "root/bone_001/bone_002/bone_003/bone_004/bone_005/bone_072/bone_073/bone_074/bone_081/bone_082/bone_083/bone_084", "root/bone_001/bone_002/bone_003/bone_004/bone_005/bone_072/bone_073/bone_074/bone_081/bone_082/bone_083/bone_084/bone_085", "root/bone_001/bone_002/bone_003/bone_004/bone_005/bone_006/bone_007/bone_008/bone_009/bone_010/bone_086", "root/bone_001/bone_002/bone_003/bone_004/bone_005/bone_006/bone_007/bone_008/bone_009/bone_010/bone_086/bone_087", "root/bone_001/bone_002/bone_003/bone_004/bone_005/bone_006/bone_007/bone_008/bone_009/bone_010/bone_086/bone_087/bone_088", "root/bone_001/bone_002/bone_003/bone_004/bone_005/bone_006/bone_007/bone_008/bone_009/bone_010/bone_086/bone_089", "root/bone_001/bone_002/bone_003/bone_004/bone_005/bone_006/bone_007/bone_008/bone_009/bone_010/bone_086/bone_089/bone_090", "root/bone_001/bone_002/bone_003/bone_004/bone_005/bone_006/bone_007/bone_008/bone_009/bone_010/bone_086/bone_089/bone_090/bone_091", "root/bone_001/bone_002/bone_003/bone_004/bone_005/bone_006/bone_007/bone_008/bone_009/bone_010/bone_086/bone_089/bone_090/bone_091/bone_092", "root/bone_001/bone_002/bone_003/bone_004/bone_005/bone_006/bone_007/bone_008/bone_009/bone_010/bone_086/bone_087/bone_093", "root/bone_001/bone_002/bone_003/bone_004/bone_005/bone_006/bone_007/bone_008/bone_009/bone_010/bone_086/bone_087/bone_093/bone_094", "root/bone_001/bone_002/bone_003/bone_004/bone_005/bone_006/bone_007/bone_008/bone_009/bone_010/bone_086/bone_087/bone_093/bone_094/bone_095", "root/bone_001/bone_002/bone_003/bone_004/bone_005/bone_006/bone_007/bone_008/bone_009/bone_010/bone_086/bone_087/bone_093/bone_094/bone_095/bone_096", "root/bone_001/bone_002/bone_003/bone_004/bone_005/bone_006/bone_007/bone_008/bone_009/bone_010/bone_086/bone_087/bone_097", "root/bone_001/bone_002/bone_003/bone_004/bone_005/bone_006/bone_007/bone_008/bone_009/bone_010/bone_086/bone_087/bone_097/bone_098", "root/bone_001/bone_002/bone_003/bone_004/bone_005/bone_006/bone_007/bone_008/bone_009/bone_010/bone_086/bone_087/bone_097/bone_098/bone_099", "root/bone_001/bone_002/bone_003/bone_004/bone_005/bone_006/bone_007/bone_008/bone_009/bone_010/bone_086/bone_087/bone_097/bone_098/bone_099/bone_100", "root/bone_001/bone_002/bone_003/bone_004/bone_005/bone_006/bone_007/bone_008/bone_009/bone_010/bone_086/bone_087/bone_088/bone_101", "root/bone_001/bone_002/bone_003/bone_004/bone_005/bone_006/bone_007/bone_008/bone_009/bone_010/bone_086/bone_087/bone_088/bone_101/bone_102", "root/bone_001/bone_002/bone_003/bone_004/bone_005/bone_006/bone_007/bone_008/bone_009/bone_010/bone_086/bone_087/bone_088/bone_101/bone_102/bone_103", "root/bone_001/bone_002/bone_003/bone_004/bone_005/bone_006/bone_007/bone_008/bone_009/bone_010/bone_086/bone_087/bone_088/bone_101/bone_102/bone_103/bone_104"]
            uniform matrix4d primvars:skel:geomBindTransform = ( (1, 0, 0, 0), (0, 1, 0, 0), (0, 0, 1, 0), (0, 0, 0, 1) )
            append rel skel:skeleton = </Tree/BaseTreeSkelRoot/MainSkeleton>
            uniform token subdivisionScheme = "none"
            uniform token orientation = "rightHanded"
            point3f[] points = [(-0.00405929, 0.580038, -0.261359), (2.57413e-05, -0.00711921, -0.320116), (-0.183507, 0.582747, -0.116604), (-0.210557, -0.00417442, -0.121528), (-0.218345, 0.587755, 0.110618), (-0.269693, 0.0015775, 0.155686), (-0.00412629, 0.591028, 0.226918), (-2.28177e-05, 0.0063175, 0.284067), (0.214226, 0.589133, 0.113015), (0.30026, 0.00595285, 0.173302), (0.17613, 0.583838, -0.117031), (0.218107, -0.00127576, -0.125906), (-0.00365636, 1.18638, -0.233265), (-0.173741, 1.18851, -0.124967), (-0.186261, 1.19231, 0.0786392), (-0.0036305, 1.19393, 0.172832), (0.181419, 1.19207, 0.080024), (0.165481, 1.18828, -0.124429), (-0.00322042, 1.81771, -0.226173), (-0.155767, 1.81731, -0.123953), (-0.162139, 1.81546, 0.0558668), (-0.00321508, 1.81378, 0.151831), (0.15566, 1.8141, 0.0558214), (0.151305, 1.816, -0.125112), (0.00211926, 2.46966, -0.178076), (-0.146934, 2.47295, -0.0995998), (-0.156019, 2.46775, 0.0774702), (0.00155744, 2.45931, 0.153011), (0.154871, 2.45585, 0.0750113), (0.155126, 2.46137, -0.101886), (0.0477819, 3.13842, -0.156103), (-0.0932326, 3.14476, -0.0759447), (-0.0943119, 3.14577, 0.0876846), (0.0478484, 3.14034, 0.168849), (0.191854, 3.13388, 0.0887815), (0.185853, 3.13317, -0.0742134), (0.0592283, 3.83683, -0.169747), (-0.0678, 3.84286, -0.0951376), (-0.0697958, 3.84978, 0.0524815), (0.0590915, 3.85064, 0.126362), (0.184111, 3.84459, 0.0505651), (0.187213, 3.83772, -0.0953726), (0.0768789, 4.57818, -0.207368), (-0.0460309, 4.58396, -0.132826), (-0.0465126, 4.58753, 0.00932892), (0.0767514, 4.58541, 0.0816436), (0.202774, 4.57964, 0.0111941), (0.203009, 4.57599, -0.134415), (0.107373, 5.35999, -0.19001), (-0.0122526, 5.36603, -0.128693), (-0.0096437, 5.36488, 0.00817109), (0.107448, 5.35807, 0.0699447), (0.222103, 5.35232, 0.00662372), (0.22218, 5.35329, -0.126048), (0.163672, 6.17958, -0.176194), (0.0596122, 6.18336, -0.110094), (0.0596705, 6.18595, 0.00997398), (0.16357, 6.18506, 0.0772761), (0.268521, 6.18125, 0.0107357), (0.268909, 6.17861, -0.110618), (0.145993, 7.05912, -0.211012), (0.0510023, 7.06063, -0.151303), (0.0540266, 7.06236, -0.0434929), (0.145786, 7.06278, 0.0148371), (0.242486, 7.06133, -0.0405108), (0.24048, 7.05955, -0.150884), (0.17406, 8.00178, -0.17826), (0.0882452, 8.00346, -0.128986), (0.0885954, 8.00166, -0.0301535), (0.173913, 7.99815, 0.0229877), (0.257273, 7.99664, -0.031297), (0.256447, 7.99839, -0.127017), (0.0601227, 5.27466, -0.187555), (0.0645742, 5.27632, -0.171686), (0.108691, 5.25327, -0.207373), (0.11621, 5.24715, -0.184534), (0.124187, 5.20057, -0.220656), (0.136216, 5.17395, -0.172996), (0.100342, 5.14615, -0.239614), (0.116353, 5.09147, -0.184409), (0.0468763, 5.12311, -0.236524), (0.0621964, 5.04924, -0.180036), (0.00047348, 5.14597, -0.211562), (0.0152355, 5.08584, -0.154087), (-0.0148777, 5.20053, -0.186275), (-0.0043669, 5.16888, -0.139607), (0.00976043, 5.25345, -0.176708), (0.0174094, 5.24366, -0.148987), (0.0562893, 5.28773, -0.202751), (0.102944, 5.26928, -0.228998), (0.115392, 5.22871, -0.266193), (0.086547, 5.18788, -0.29421), (0.0309382, 5.17269, -0.29441), (-0.0160939, 5.19118, -0.268042), (-0.0278999, 5.23205, -0.230746), (0.00077407, 5.27286, -0.202702), (0.00047031, 5.48432, -0.44882), (0.0491412, 5.47141, -0.471589), (0.0588665, 5.42878, -0.506982), (0.0312644, 5.38728, -0.531659), (-0.0214603, 5.3746, -0.527526), (-0.0705164, 5.38689, -0.505132), (-0.0776639, 5.42973, -0.470264), (-0.0523315, 5.47123, -0.44498), (-0.0985712, 5.76453, -0.810919), (-0.0598003, 5.75093, -0.831921), (-0.0492488, 5.71823, -0.863799), (-0.0757564, 5.68722, -0.885808), (-0.120039, 5.67304, -0.888631), (-0.158179, 5.6886, -0.866003), (-0.173893, 5.72129, -0.832966), (-0.142318, 5.75208, -0.812302), (-0.142105, 5.96431, -1.04947), (-0.102702, 5.95356, -1.06772), (-0.0979824, 5.92262, -1.09985), (-0.122264, 5.89608, -1.12209), (-0.162746, 5.88625, -1.12442), (-0.202131, 5.89644, -1.10674), (-0.206966, 5.92728, -1.0747), (-0.182757, 5.95381, -1.05245), (-0.165815, 6.08298, -1.14997), (-0.127236, 6.07617, -1.16844), (-0.120626, 6.04963, -1.20427), (-0.144319, 6.02297, -1.23263), (-0.189802, 6.01167, -1.23575), (-0.22719, 6.02413, -1.21029), (-0.229733, 6.05108, -1.17496), (-0.208268, 6.07696, -1.14704), (-0.191613, 6.22097, -1.24652), (-0.153478, 6.20907, -1.26686), (-0.14683, 6.17943, -1.29988), (-0.170094, 6.15123, -1.32541), (-0.213826, 6.14143, -1.32717), (-0.251118, 6.1543, -1.30597), (-0.256737, 6.1835, -1.27362), (-0.234622, 6.21124, -1.24835), (-0.212898, 6.32933, -1.37862), (-0.182586, 6.30902, -1.39378), (-0.170913, 6.27954, -1.41342), (-0.187783, 6.24856, -1.43191), (-0.227698, 6.23723, -1.43619), (-0.257828, 6.2582, -1.42061), (-0.265512, 6.2873, -1.40151), (-0.252867, 6.31878, -1.38239), (-0.21499, 6.39234, -1.53321), (-0.181604, 6.37816, -1.54076), (-0.174855, 6.34585, -1.5591), (-0.192476, 6.31647, -1.57619), (-0.230117, 6.31278, -1.57893), (-0.264512, 6.32714, -1.5713), (-0.271029, 6.36032, -1.55245), (-0.252022, 6.38902, -1.53572), (-0.209471, 6.4858, -1.66827), (-0.180291, 6.47005, -1.67892), (-0.163552, 6.44087, -1.69624), (-0.184946, 6.41142, -1.71124), (-0.22148, 6.40546, -1.71219), (-0.250984, 6.4206, -1.70186), (-0.267931, 6.45, -1.6844), (-0.245341, 6.4786, -1.66995), (-0.235254, 6.55126, -1.81717), (-0.207502, 6.53693, -1.83202), (-0.194028, 6.50924, -1.84956), (-0.210846, 6.47753, -1.86067), (-0.245886, 6.46854, -1.85542), (-0.272691, 6.48248, -1.84103), (-0.288529, 6.50924, -1.8233), (-0.270088, 6.54055, -1.81283), (-0.288909, 6.61741, -1.95165), (-0.260113, 6.61641, -1.96779), (-0.257651, 6.58774, -1.98446), (-0.266094, 6.55734, -1.99615), (-0.296076, 6.55144, -1.98306), (-0.324935, 6.55089, -1.96772), (-0.330309, 6.5791, -1.94971), (-0.318627, 6.60938, -1.93984), (-0.378797, 6.68185, -2.08215), (-0.357094, 6.67629, -2.09949), (-0.352881, 6.65289, -2.11297), (-0.360265, 6.62719, -2.11958), (-0.383773, 6.6106, -2.11105), (-0.405648, 6.61912, -2.09224), (-0.412851, 6.6424, -2.07677), (-0.402051, 6.66868, -2.07223), (-0.543439, 6.79521, -2.34865), (-0.523104, 6.79089, -2.36532), (-0.514082, 6.77107, -2.38304), (-0.527147, 6.7466, -2.38804), (-0.549405, 6.73317, -2.38027), (-0.569582, 6.7384, -2.36318), (-0.572921, 6.75929, -2.34881), (-0.564865, 6.7819, -2.34139), (-0.641174, 6.87707, -2.46477), (-0.62106, 6.87169, -2.48161), (-0.621239, 6.84897, -2.49255), (-0.629629, 6.82951, -2.4961), (-0.647884, 6.81321, -2.49114), (-0.668071, 6.81888, -2.4741), (-0.669472, 6.84147, -2.46211), (-0.659452, 6.86126, -2.45955), (-0.726255, 6.91839, -2.61069), (-0.709584, 6.91041, -2.62342), (-0.700759, 6.89337, -2.63562), (-0.710217, 6.87179, -2.6395), (-0.730445, 6.86083, -2.63283), (-0.746853, 6.86979, -2.61982), (-0.753, 6.88696, -2.60907), (-0.746364, 6.90811, -2.60379), (-0.794286, 6.98392, -2.73908), (-0.774728, 6.9818, -2.74868), (-0.773229, 6.96288, -2.75971), (-0.778764, 6.94258, -2.76846), (-0.800634, 6.93389, -2.76378), (-0.819584, 6.94072, -2.75186), (-0.819703, 6.95973, -2.74138), (-0.815607, 6.97999, -2.73203), (-0.83806, 7.06162, -2.87154), (-0.823872, 7.04878, -2.88171), (-0.818252, 7.03392, -2.8907), (-0.82801, 7.01937, -2.89555), (-0.845276, 7.00852, -2.8966), (-0.859029, 7.02015, -2.88715), (-0.866079, 7.03447, -2.87808), (-0.856094, 7.04957, -2.87299), (-0.866186, 7.12117, -3.0194), (-0.850864, 7.11603, -3.02458), (-0.844942, 7.1008, -3.03244), (-0.854481, 7.08594, -3.03721), (-0.871328, 7.08174, -3.03587), (-0.886536, 7.08763, -3.03038), (-0.893546, 7.1029, -3.0223), (-0.882935, 7.11771, -3.01776), (-0.895167, 7.18278, -3.16815), (-0.880346, 7.17776, -3.17409), (-0.877712, 7.16288, -3.18026), (-0.883321, 7.1484, -3.184), (-0.898414, 7.14438, -3.18129), (-0.913158, 7.14785, -3.17594), (-0.916405, 7.16253, -3.16968), (-0.910634, 7.17724, -3.1659), (-0.948588, 7.22925, -3.31533), (-0.937545, 7.2214, -3.32184), (-0.932647, 7.20979, -3.32731), (-0.938701, 7.1973, -3.32909), (-0.951322, 7.18983, -3.32689), (-0.96263, 7.1968, -3.32056), (-0.96826, 7.20859, -3.31476), (-0.961306, 7.22117, -3.31328), (-0.187373, 6.5213, -1.68982), (-0.212438, 6.49121, -1.6816), (-0.1432, 6.47171, -1.66846), (-0.173663, 6.42913, -1.64316), (-0.158296, 6.48987, -1.73956), (-0.178315, 6.47116, -1.73618), (-0.162137, 6.55116, -1.69915), (-0.11199, 6.50822, -1.68542), (-0.138906, 6.50998, -1.74723), (-0.0455595, 6.6563, -1.7519), (0.0008983, 6.61584, -1.73725), (-0.0315503, 6.60861, -1.79114), (0.0057284, 6.70148, -1.80063), (0.0524874, 6.66461, -1.78637), (0.0156688, 6.65062, -1.83325), (0.102478, 6.77649, -1.91367), (0.148933, 6.74563, -1.90204), (0.111912, 6.72764, -1.94143), (0.177725, 6.86278, -2.02206), (0.22276, 6.83627, -2.01406), (0.188987, 6.82032, -2.05148), (0.210337, 6.90689, -2.07549), (0.256692, 6.88621, -2.07269), (0.222158, 6.86697, -2.10467), (0.227538, 6.95535, -2.13256), (0.273687, 6.9395, -2.13368), (0.240025, 6.91865, -2.16222), (0.28177, 7.10956, -2.29844), (0.322901, 7.09816, -2.30137), (0.294176, 7.08179, -2.32853), (0.295754, 7.17323, -2.34067), (0.335334, 7.16564, -2.34649), (0.307757, 7.15116, -2.37272), (0.296328, 7.24103, -2.38584), (0.333984, 7.23665, -2.39302), (0.307889, 7.22326, -2.41808), (0.301081, 7.39606, -2.4662), (0.333965, 7.39131, -2.47417), (0.309557, 7.37592, -2.49246), (0.295861, 7.45341, -2.52815), (0.326782, 7.44781, -2.53457), (0.303995, 7.43072, -2.54931), (0.297642, 7.50689, -2.58938), (0.326585, 7.49975, -2.59299), (0.3055, 7.48552, -2.60895), (0.311381, 7.56552, -2.64864), (0.336414, 7.55342, -2.64519), (0.316942, 7.54103, -2.66107), (0.357329, 7.5879, -2.72627), (0.378881, 7.57544, -2.7197), (0.360131, 7.56301, -2.73222), (0.385483, 7.60857, -2.80326), (0.406143, 7.59836, -2.79843), (0.390109, 7.58694, -2.81135), (0.42263, 7.65033, -2.8608), (0.439794, 7.6381, -2.85671), (0.427402, 7.63386, -2.87372), (0.484545, 7.71055, -2.89884), (0.499471, 7.69956, -2.89443), (0.489903, 7.69658, -2.91063), (0.532263, 7.76116, -2.94629), (0.545928, 7.75193, -2.94279), (0.536468, 7.74823, -2.95625), (-0.679271, 6.88885, -2.46973), (-0.653508, 6.87268, -2.47064), (-0.702578, 6.85888, -2.49377), (-0.687673, 6.85092, -2.49458), (-0.691806, 6.85036, -2.44651), (-0.649635, 6.82726, -2.43971), (-0.704749, 6.9046, -2.47102), (-0.718709, 6.86756, -2.49643), (-0.729084, 6.8699, -2.45062), (-0.75081, 6.93018, -2.48607), (-0.761228, 6.89223, -2.51), (-0.776718, 6.89727, -2.46692), (-0.797234, 6.95328, -2.50974), (-0.803185, 6.91423, -2.53142), (-0.822311, 6.92078, -2.49116), (-0.972635, 7.02961, -2.61258), (-0.975529, 6.9926, -2.63029), (-0.996389, 7.00055, -2.59574), (-1.01096, 7.04436, -2.64189), (-1.01873, 7.00996, -2.66109), (-1.03895, 7.01932, -2.62769), (-1.04156, 7.07439, -2.66804), (-1.05296, 7.04384, -2.68975), (-1.07314, 7.05366, -2.65765), (-1.07296, 7.10805, -2.69969), (-1.0814, 7.07681, -2.71993), (-1.1042, 7.08777, -2.69134), (-1.1038, 7.13736, -2.74037), (-1.10942, 7.10498, -2.7577), (-1.13217, 7.11558, -2.73032), (-1.14188, 7.16003, -2.77566), (-1.14493, 7.12764, -2.79152), (-1.16416, 7.13511, -2.76178), (-1.18378, 7.17388, -2.80134), (-1.18979, 7.14359, -2.81833), (-1.20631, 7.15033, -2.78794), (-1.21646, 7.20142, -2.82569), (-1.22588, 7.17449, -2.8447), (-1.2418, 7.18094, -2.81502), (-1.25469, 7.23334, -2.85215), (-1.26081, 7.20503, -2.86865), (-1.27426, 7.21002, -2.83856), (-1.30622, 7.24757, -2.87379), (-1.30875, 7.21855, -2.88787), (-1.31985, 7.22297, -2.8578), (-1.35276, 7.26042, -2.89229), (-1.35802, 7.23362, -2.90773), (-1.36986, 7.23775, -2.87897), (-1.44029, 7.30935, -2.93236), (-1.4458, 7.28425, -2.94669), (-1.45299, 7.28685, -2.91828), (-1.49595, 7.32579, -2.94507), (-1.49923, 7.30062, -2.95778), (-1.50631, 7.30377, -2.93047), (-1.54825, 7.3381, -2.96419), (-1.54997, 7.31332, -2.97566), (-1.55897, 7.31722, -2.95012), (-1.64607, 7.36744, -3.00492), (-1.64952, 7.34527, -3.0167), (-1.65829, 7.34861, -2.99317), (-1.74382, 7.40205, -3.04803), (-1.74527, 7.3808, -3.05753), (-1.75453, 7.38484, -3.03651), (-1.79319, 7.41309, -3.07507), (-1.79255, 7.39212, -3.08263), (-1.80294, 7.39674, -3.06345), (-1.89553, 7.42098, -3.13369), (-1.89374, 7.4019, -3.14003), (-1.9025, 7.40586, -3.12228), (-1.94675, 7.42516, -3.15793), (-1.94823, 7.40813, -3.16649), (-1.95561, 7.41074, -3.14905), (-1.98915, 7.44985, -3.17673), (-1.99427, 7.4358, -3.18695), (-2.001, 7.43779, -3.17026), (-2.02766, 7.48217, -3.19664), (-2.03371, 7.47058, -3.20765), (-2.04133, 7.47277, -3.1925), (-2.1004, 7.56515, -3.23852), (-2.10626, 7.55434, -3.24704), (-2.10945, 7.55491, -3.23244), (-2.24297, 7.66585, -3.27015), (-2.24761, 7.65777, -3.27723), (-2.25066, 7.65809, -3.26594), (0.0480767, 7.05507, -0.0621569), (0.0535056, 7.05093, -0.0654201), (0.0298102, 7.04038, -0.10189), (0.0525172, 7.02477, -0.108362), (0.00642897, 7.00017, -0.114656), (0.0525813, 6.96051, -0.125443), (-0.00795606, 6.95493, -0.0897842), (0.053848, 6.88542, -0.103123), (-0.00547973, 6.93193, -0.0446685), (0.0553976, 6.84665, -0.0567099), (0.0210303, 6.94775, -0.00684984), (0.077057, 6.883, -0.0188175), (0.0511736, 6.98989, 0.00089898), (0.0927391, 6.95825, -0.0132091), (0.0593868, 7.03331, -0.0199709), (0.0773059, 7.02321, -0.0266726), (0.0420304, 7.06983, -0.0586034), (0.00878629, 7.06411, -0.0942329), (-0.033439, 7.0413, -0.101121), (-0.0637556, 7.01209, -0.074397), (-0.0598236, 6.99535, -0.0271971), (-0.0267422, 7.00107, 0.00819826), (0.0153108, 7.02371, 0.0152571), (0.0455764, 7.05285, -0.0113842), (-0.0181887, 7.18048, -0.00675311), (-0.0489411, 7.17896, -0.0454926), (-0.0942926, 7.15781, -0.0500114), (-0.126182, 7.13148, -0.0212954), (-0.120875, 7.11727, 0.0256682), (-0.0908252, 7.1183, 0.0647548), (-0.0452221, 7.13945, 0.069613), (-0.0137306, 7.1658, 0.0403058), (-0.0777075, 7.30138, 0.0281392), (-0.106389, 7.29505, -0.00809148), (-0.147601, 7.27494, -0.0142039), (-0.177773, 7.2527, 0.0127254), (-0.179579, 7.24102, 0.057558), (-0.151543, 7.24684, 0.0945252), (-0.109399, 7.2671, 0.101997), (-0.0797639, 7.28952, 0.0731503), (-0.144711, 7.42374, 0.0513039), (-0.175449, 7.41629, 0.0149523), (-0.21518, 7.39333, 0.0136727), (-0.246284, 7.36834, 0.036718), (-0.243973, 7.35644, 0.0821724), (-0.2162, 7.36174, 0.119939), (-0.175369, 7.3848, 0.123083), (-0.145155, 7.40998, 0.0976083), (-0.217489, 7.53386, 0.0955299), (-0.247674, 7.53006, 0.0631844), (-0.285912, 7.50995, 0.0592905), (-0.311325, 7.48542, 0.0837797), (-0.310345, 7.46917, 0.124523), (-0.280647, 7.4725, 0.15736), (-0.241773, 7.49264, 0.162046), (-0.217007, 7.51732, 0.136303), (-0.280725, 7.65151, 0.147606), (-0.311469, 7.64138, 0.121535), (-0.346552, 7.62377, 0.107947), (-0.368375, 7.59937, 0.135391), (-0.371859, 7.58206, 0.175577), (-0.339418, 7.59337, 0.201445), (-0.305458, 7.61156, 0.211533), (-0.283188, 7.63526, 0.18675), (-0.372065, 7.7603, 0.182415), (-0.394843, 7.74806, 0.153093), (-0.425259, 7.72356, 0.136426), (-0.441375, 7.69678, 0.165616), (-0.44581, 7.67834, 0.204167), (-0.41913, 7.69431, 0.234002), (-0.389039, 7.72011, 0.246199), (-0.372511, 7.74647, 0.219293), (-0.481227, 7.84718, 0.21967), (-0.500809, 7.83415, 0.185463), (-0.526487, 7.80357, 0.180378), (-0.544253, 7.77456, 0.200002), (-0.545307, 7.76012, 0.23867), (-0.524941, 7.77423, 0.272607), (-0.498209, 7.80483, 0.281543), (-0.481763, 7.83355, 0.257872), (-0.586065, 7.92646, 0.23945), (-0.601444, 7.9131, 0.205969), (-0.628264, 7.88496, 0.201315), (-0.648612, 7.86133, 0.222988), (-0.653578, 7.85263, 0.260797), (-0.636386, 7.86798, 0.293515), (-0.609717, 7.89597, 0.298052), (-0.589087, 7.91985, 0.27691), (-0.67789, 8.02373, 0.235319), (-0.693952, 8.00813, 0.206456), (-0.721125, 7.98335, 0.194093), (-0.743063, 7.96495, 0.220625), (-0.748958, 7.96129, 0.256814), (-0.732554, 7.97716, 0.284924), (-0.705646, 8.00177, 0.298797), (-0.683959, 8.01991, 0.271397), (-0.772984, 8.13307, 0.232386), (-0.791968, 8.1226, 0.203889), (-0.815744, 8.09892, 0.200834), (-0.836513, 8.07328, 0.213482), (-0.832129, 8.06658, 0.248178), (-0.81649, 8.0731, 0.278138), (-0.792091, 8.09716, 0.281998), (-0.772057, 8.1226, 0.267652), (-0.880073, 8.21178, 0.299651), (-0.899534, 8.20834, 0.271249), (-0.923934, 8.18358, 0.265233), (-0.936647, 8.15669, 0.282347), (-0.93172, 8.1416, 0.31266), (-0.911283, 8.1458, 0.341639), (-0.886053, 8.1711, 0.348303), (-0.87395, 8.19826, 0.329741), (-0.972745, 8.29987, 0.347935), (-0.99517, 8.2909, 0.324256), (-1.02037, 8.27078, 0.314009), (-1.03211, 8.24612, 0.334119), (-1.03042, 8.22978, 0.363644), (-1.00805, 8.23892, 0.386959), (-0.982216, 8.25848, 0.399202), (-0.971007, 8.28347, 0.377626), (-1.06523, 8.38769, 0.408691), (-1.08712, 8.38198, 0.38704), (-1.11007, 8.36327, 0.380297), (-1.12315, 8.33852, 0.394163), (-1.11916, 8.32076, 0.421723), (-1.09595, 8.32786, 0.443377), (-1.07287, 8.34685, 0.449921), (-1.0603, 8.37142, 0.435628), (-1.16304, 8.47055, 0.489108), (-1.18245, 8.46957, 0.464249), (-1.20457, 8.44634, 0.458481), (-1.21591, 8.41847, 0.471811), (-1.20608, 8.40417, 0.499484), (-1.18521, 8.40771, 0.523668), (-1.16608, 8.43173, 0.524653), (-1.1533, 8.45751, 0.515375), (-1.2696, 8.54032, 0.55938), (-1.28578, 8.53129, 0.536241), (-1.30388, 8.51048, 0.534843), (-1.31475, 8.49172, 0.54831), (-1.31856, 8.47599, 0.574012), (-1.30023, 8.48814, 0.595826), (-1.28145, 8.50834, 0.600472), (-1.27063, 8.52784, 0.585166), (-1.36266, 8.62739, 0.562189), (-1.37231, 8.61971, 0.540901), (-1.39318, 8.6046, 0.534193), (-1.41386, 8.59041, 0.548569), (-1.41002, 8.59416, 0.575759), (-1.40188, 8.60077, 0.597441), (-1.38091, 8.61598, 0.604891), (-1.36059, 8.62989, 0.589643), (-1.427, 8.75423, 0.550369), (-1.44131, 8.74651, 0.531252), (-1.46236, 8.73384, 0.52383), (-1.47619, 8.72402, 0.542425), (-1.48141, 8.71932, 0.565175), (-1.46801, 8.72647, 0.584239), (-1.44747, 8.7389, 0.590501), (-1.43322, 8.74888, 0.57348), (-1.51486, 8.86423, 0.578692), (-1.52587, 8.86223, 0.558211), (-1.54457, 8.84644, 0.553119), (-1.55483, 8.83033, 0.568174), (-1.55229, 8.82384, 0.589574), (-1.54043, 8.82715, 0.608864), (-1.523, 8.8424, 0.612322), (-1.5118, 8.8583, 0.599907), (-1.62166, 8.94685, 0.632415), (-1.63159, 8.94138, 0.615685), (-1.64448, 8.92603, 0.611536), (-1.65362, 8.9093, 0.621079), (-1.65009, 8.90457, 0.641271), (-1.64032, 8.90981, 0.65806), (-1.62761, 8.92518, 0.661642), (-1.61777, 8.94238, 0.653118), (-1.7297, 9.02716, 0.653129), (-1.74009, 9.01786, 0.635534), (-1.75484, 9.00236, 0.63217), (-1.76643, 8.98862, 0.64416), (-1.76877, 8.98381, 0.665789), (-1.75846, 8.99306, 0.683146), (-1.74381, 9.00841, 0.686903), (-1.73233, 9.02204, 0.674735), (-1.81657, 9.13061, 0.650658), (-1.82527, 9.12021, 0.635094), (-1.83935, 9.10674, 0.631417), (-1.851, 9.09802, 0.643974), (-1.85462, 9.09748, 0.661832), (-1.84891, 9.10526, 0.678156), (-1.83473, 9.11917, 0.684), (-1.82322, 9.12745, 0.669453), (-2.00008, 9.3395, 0.609227), (-2.01079, 9.33418, 0.597562), (-2.02457, 9.3276, 0.596132), (-2.03569, 9.32248, 0.605173), (-2.04052, 9.3205, 0.621244), (-2.02922, 9.32609, 0.632483), (-2.0154, 9.33271, 0.635083), (-2.00467, 9.33763, 0.625059), (-2.04723, 9.47547, 0.617623), (-2.05334, 9.47406, 0.604556), (-2.06819, 9.47097, 0.602951), (-2.08212, 9.46817, 0.610807), (-2.08238, 9.4683, 0.627169), (-2.0734, 9.47029, 0.639761), (-2.05821, 9.47345, 0.641543), (-2.04443, 9.47621, 0.633143), (-2.06601, 9.63535, 0.607438), (-2.07363, 9.63372, 0.596161), (-2.08687, 9.63211, 0.596192), (-2.09793, 9.63119, 0.603016), (-2.09905, 9.63188, 0.616154), (-2.09202, 9.63344, 0.627425), (-2.07892, 9.63504, 0.627475), (-2.06754, 9.63601, 0.620929), (-0.820759, 8.16879, 0.207563), (-0.813931, 8.15074, 0.234627), (-0.795855, 8.11297, 0.172914), (-0.768698, 8.07155, 0.203403), (-0.857153, 8.12454, 0.198975), (-0.850166, 8.11035, 0.22392), (-0.830451, 8.18848, 0.182829), (-0.816007, 8.14455, 0.142242), (-0.86723, 8.13963, 0.175973), (-0.908171, 8.25223, 0.0834167), (-0.897203, 8.2147, 0.0408964), (-0.945686, 8.20984, 0.0719098), (-0.93629, 8.2966, 0.0411636), (-0.927867, 8.26302, -0.0027314), (-0.976313, 8.26103, 0.0250955), (-0.987927, 8.40497, -0.0462439), (-0.979856, 8.37489, -0.087992), (-1.02324, 8.36915, -0.0597567), (-1.03229, 8.4486, -0.0906442), (-1.02507, 8.42043, -0.1315), (-1.06333, 8.4105, -0.100641), (-1.07277, 8.49146, -0.124118), (-1.07157, 8.47096, -0.167763), (-1.10762, 8.46086, -0.137349), (-1.10312, 8.548, -0.141911), (-1.1066, 8.53582, -0.186457), (-1.14286, 8.53061, -0.158127), (-1.15069, 8.69889, -0.177081), (-1.15589, 8.68711, -0.217292), (-1.18035, 8.67057, -0.187118), (-1.21813, 8.73787, -0.180917), (-1.22624, 8.7319, -0.219849), (-1.2416, 8.70719, -0.192087), (-1.33145, 8.83499, -0.17311), (-1.33528, 8.82572, -0.208004), (-1.35693, 8.81103, -0.182838), (-1.42359, 8.94241, -0.188739), (-1.4297, 8.93595, -0.22011), (-1.44295, 8.91743, -0.196766), (-1.48952, 8.98204, -0.182913), (-1.49505, 8.97604, -0.212453), (-1.50486, 8.95671, -0.190792), (-1.55766, 9.01961, -0.181967), (-1.56005, 9.01061, -0.209103), (-1.5705, 8.9946, -0.187713), (-1.68653, 9.08946, -0.19017), (-1.68967, 9.08316, -0.213945), (-1.70151, 9.07062, -0.196131), (-1.73226, 9.13955, -0.207265), (-1.73485, 9.13358, -0.229287), (-1.74833, 9.12426, -0.2132), (-1.77878, 9.19092, -0.208843), (-1.78262, 9.1868, -0.229217), (-1.79487, 9.17832, -0.214233), (-1.81852, 9.24979, -0.214998), (-1.82012, 9.2444, -0.233457), (-1.83428, 9.2404, -0.220982), (-1.87531, 9.38155, -0.254176), (-1.87736, 9.37797, -0.26898), (-1.88827, 9.37462, -0.258679), (-1.32929, 8.53462, 0.622601), (-1.32037, 8.53882, 0.600625), (-1.34333, 8.48933, 0.600808), (-1.32884, 8.49075, 0.575813), (-1.29633, 8.48769, 0.62544), (-1.26403, 8.48247, 0.582747), (-1.34178, 8.53338, 0.643229), (-1.3593, 8.48825, 0.624288), (-1.32405, 8.48847, 0.66249), (-1.39168, 8.53134, 0.681584), (-1.40613, 8.48721, 0.661517), (-1.37619, 8.48786, 0.702293), (-1.58876, 8.53721, 0.82783), (-1.60599, 8.49775, 0.814458), (-1.57512, 8.49889, 0.847296), (-1.62654, 8.54484, 0.867863), (-1.65052, 8.50873, 0.862003), (-1.61692, 8.50837, 0.890013), (-1.65612, 8.5672, 0.910176), (-1.68564, 8.53686, 0.911922), (-1.65106, 8.5342, 0.93626), (-1.72262, 8.63487, 0.995926), (-1.7461, 8.60334, 0.991646), (-1.72061, 8.60506, 1.02183), (-1.85958, 8.70933, 1.09039), (-1.87776, 8.67937, 1.08451), (-1.85836, 8.68288, 1.11407), (-1.96105, 8.75443, 1.14334), (-1.97815, 8.72697, 1.13773), (-1.9567, 8.72817, 1.16256), (-1.99824, 8.77006, 1.19209), (-2.01702, 8.74502, 1.18915), (-1.99174, 8.74361, 1.20778), (-2.02983, 8.7931, 1.24044), (-2.04919, 8.77023, 1.2386), (-2.02577, 8.7686, 1.25731), (-2.06765, 8.81959, 1.28298), (-2.08297, 8.79571, 1.27903), (-2.06411, 8.79724, 1.30054), (-2.16403, 8.85677, 1.35222), (-2.17621, 8.83451, 1.3469), (-2.15895, 8.83555, 1.36621), (-2.21367, 8.86596, 1.39779), (-2.22149, 8.84406, 1.39009), (-2.20475, 8.84552, 1.40792), (-2.31125, 8.86706, 1.49086), (-2.32064, 8.84839, 1.48614), (-2.30724, 8.84973, 1.5028), (-2.35966, 8.8851, 1.52044), (-2.36983, 8.8681, 1.51736), (-2.35955, 8.87069, 1.53438), (-2.40684, 8.91298, 1.54083), (-2.41976, 8.8995, 1.5401), (-2.41008, 8.90232, 1.55583), (-2.44445, 8.96267, 1.55841), (-2.45797, 8.95202, 1.55833), (-2.44887, 8.95427, 1.57277), (-2.48596, 9.01105, 1.57566), (-2.49734, 9.00016, 1.57498), (-2.48971, 9.00275, 1.58854), (-2.53346, 9.0517, 1.59191), (-2.54208, 9.04034, 1.5902), (-2.5363, 9.04311, 1.60306), (-2.58619, 9.08107, 1.60602), (-2.59292, 9.07014, 1.60419), (-2.58821, 9.07296, 1.61593), (0.131924, 5.06303, 0.0672206), (0.127928, 5.06228, 0.0566337), (0.08147, 5.03906, 0.0878663), (0.0725632, 5.02792, 0.0618309), (0.0673782, 4.98454, 0.106783), (0.0514169, 4.94865, 0.052403), (0.0953001, 4.92919, 0.129353), (0.0713961, 4.85972, 0.0676557), (0.151696, 4.90724, 0.121124), (0.12734, 4.81977, 0.0552702), (0.199473, 4.932, 0.0917457), (0.176866, 4.86614, 0.027976), (0.214605, 4.98815, 0.0629323), (0.198802, 4.95446, 0.0164333), (0.185151, 5.0416, 0.0535331), (0.176007, 5.03185, 0.0297918), (0.13546, 5.07911, 0.0761206), (0.0872384, 5.06093, 0.111764), (0.0789077, 5.02131, 0.158581), (0.114042, 4.98153, 0.191713), (0.174995, 4.96674, 0.188751), (0.223481, 4.98404, 0.154005), (0.233417, 5.02365, 0.106685), (0.196521, 5.0632, 0.074376), (0.20477, 5.31039, 0.320402), (0.162202, 5.29062, 0.345704), (0.147289, 5.25016, 0.37986), (0.181104, 5.21176, 0.400581), (0.23368, 5.19259, 0.402216), (0.276448, 5.21598, 0.374138), (0.285599, 5.25706, 0.340917), (0.255823, 5.2952, 0.319405), (0.237868, 5.40607, 0.462093), (0.193097, 5.38365, 0.486289), (0.185095, 5.33891, 0.514535), (0.211558, 5.29702, 0.53261), (0.262394, 5.28261, 0.528543), (0.307429, 5.30116, 0.506552), (0.319183, 5.34564, 0.477538), (0.290094, 5.38799, 0.459838), (0.277315, 5.48743, 0.611456), (0.233181, 5.46312, 0.635992), (0.218854, 5.41727, 0.662207), (0.247396, 5.3725, 0.675434), (0.298624, 5.35164, 0.670559), (0.342978, 5.37485, 0.646489), (0.359603, 5.4208, 0.619556), (0.328744, 5.46555, 0.607012), (0.326095, 5.54135, 0.762513), (0.280026, 5.52886, 0.78548), (0.272664, 5.48398, 0.814014), (0.299914, 5.44315, 0.828387), (0.347373, 5.42535, 0.822508), (0.393426, 5.43951, 0.798577), (0.402757, 5.48467, 0.769209), (0.373703, 5.52606, 0.755129), (0.369564, 5.63523, 0.881773), (0.327161, 5.61846, 0.907128), (0.317353, 5.57816, 0.939295), (0.347268, 5.54037, 0.957254), (0.395194, 5.52492, 0.953447), (0.438514, 5.54003, 0.929002), (0.448112, 5.58079, 0.896571), (0.419012, 5.61995, 0.877368), (0.445792, 5.81474, 1.15357), (0.414381, 5.79086, 1.17992), (0.404113, 5.75807, 1.20465), (0.425041, 5.72247, 1.2203), (0.46843, 5.70256, 1.21802), (0.499755, 5.72562, 1.19222), (0.512703, 5.75819, 1.16671), (0.489841, 5.79428, 1.1514), (0.500778, 5.88991, 1.28954), (0.463903, 5.88097, 1.31249), (0.460902, 5.8458, 1.33868), (0.476918, 5.8076, 1.35842), (0.519964, 5.79832, 1.34554), (0.558179, 5.80515, 1.32347), (0.561718, 5.84112, 1.29648), (0.544526, 5.87987, 1.27689), (0.558704, 5.98038, 1.40263), (0.527307, 5.96871, 1.4305), (0.515974, 5.94135, 1.46405), (0.544478, 5.91082, 1.48045), (0.583902, 5.89668, 1.47464), (0.615634, 5.90605, 1.44893), (0.61961, 5.93368, 1.41887), (0.597954, 5.96269, 1.40051), (0.607926, 6.09875, 1.4947), (0.577948, 6.08684, 1.52024), (0.566247, 6.0642, 1.55461), (0.597625, 6.04301, 1.57356), (0.636322, 6.03068, 1.57819), (0.666385, 6.04286, 1.55227), (0.677543, 6.06561, 1.51791), (0.646838, 6.08715, 1.49828), (0.620266, 6.23533, 1.59769), (0.587736, 6.22504, 1.61863), (0.577619, 6.20128, 1.65268), (0.605985, 6.17897, 1.67629), (0.645724, 6.17406, 1.67411), (0.679104, 6.18316, 1.65457), (0.687541, 6.20706, 1.6207), (0.660196, 6.22923, 1.59705), (0.653152, 6.36569, 1.70257), (0.626142, 6.35721, 1.72627), (0.618172, 6.33601, 1.75738), (0.644527, 6.31353, 1.77394), (0.677695, 6.30676, 1.76702), (0.706354, 6.31093, 1.7481), (0.711922, 6.33212, 1.71812), (0.689158, 6.35543, 1.6988), (0.749471, 6.62655, 1.88667), (0.723572, 6.61644, 1.90923), (0.716214, 6.59772, 1.9389), (0.740629, 6.57989, 1.95778), (0.77397, 6.57258, 1.95857), (0.801914, 6.58022, 1.93902), (0.805378, 6.59943, 1.9098), (0.783312, 6.61698, 1.89063), (0.771997, 6.75607, 1.99142), (0.74931, 6.7487, 2.00866), (0.740234, 6.73371, 2.03559), (0.764302, 6.72055, 2.05223), (0.793066, 6.7161, 2.05334), (0.815937, 6.72316, 2.03657), (0.825746, 6.7382, 2.00939), (0.801243, 6.7516, 1.99246), (0.829066, 7.05556, 2.17296), (0.806754, 7.05099, 2.18737), (0.804982, 7.03355, 2.20838), (0.819958, 7.016, 2.22269), (0.845134, 7.01189, 2.21722), (0.868583, 7.01447, 2.20467), (0.870109, 7.03221, 2.18341), (0.854453, 7.04936, 2.16983), (0.879264, 7.16479, 2.29124), (0.858566, 7.15791, 2.30529), (0.859083, 7.13935, 2.32159), (0.8692, 7.12102, 2.33401), (0.893651, 7.11276, 2.33198), (0.914385, 7.11994, 2.31765), (0.918253, 7.13852, 2.29964), (0.903494, 7.1568, 2.28905), (1.01644, 7.47371, 2.64972), (0.999441, 7.46596, 2.66079), (0.995694, 7.45032, 2.67493), (1.00944, 7.43715, 2.68233), (1.02894, 7.42776, 2.685), (1.04592, 7.43664, 2.673), (1.0508, 7.45256, 2.65831), (1.03568, 7.46579, 2.65123), (1.04823, 7.57006, 2.78184), (1.03208, 7.56425, 2.78948), (1.02856, 7.54924, 2.80104), (1.03828, 7.53432, 2.80971), (1.05755, 7.5307, 2.80819), (1.07381, 7.5371, 2.8001), (1.0767, 7.55228, 2.78855), (1.06736, 7.56728, 2.77975), (1.07483, 7.65912, 2.91996), (1.06111, 7.65259, 2.92599), (1.05842, 7.63938, 2.93529), (1.06659, 7.62673, 2.94295), (1.08335, 7.62429, 2.94266), (1.09758, 7.63068, 2.93667), (1.09876, 7.6441, 2.9274), (1.09141, 7.6567, 2.91969), (1.08079, 7.75013, 3.05719), (1.07014, 7.74382, 3.06198), (1.06219, 7.73251, 3.07013), (1.07343, 7.72241, 3.07669), (1.08822, 7.72039, 3.07751), (1.09883, 7.72777, 3.07198), (1.10519, 7.73902, 3.06394), (1.0953, 7.74935, 3.05717), (0.609592, 5.93639, 1.53296), (0.603451, 5.95224, 1.51733), (0.560718, 5.87752, 1.51103), (0.53766, 5.89025, 1.45759), (0.62701, 5.8789, 1.48039), (0.606666, 5.89204, 1.43248), (0.618065, 5.9271, 1.55297), (0.581225, 5.86232, 1.56053), (0.646943, 5.86406, 1.52463), (0.76927, 5.87385, 1.85633), (0.734548, 5.81771, 1.85746), (0.795757, 5.81817, 1.83273), (0.798906, 5.85309, 1.9334), (0.767917, 5.79853, 1.9444), (0.823464, 5.79788, 1.91322), (0.849914, 5.854, 1.99674), (0.828399, 5.80233, 2.02193), (0.876855, 5.80027, 1.98431), (1.0116, 5.89841, 2.20108), (0.993496, 5.85342, 2.22578), (1.03804, 5.85128, 2.19458), (1.05109, 5.91643, 2.27534), (1.02959, 5.87115, 2.28989), (1.0806, 5.87355, 2.27911), (1.04387, 5.93287, 2.36757), (1.02604, 5.88857, 2.38127), (1.07509, 5.89635, 2.38019), (1.05056, 5.99113, 2.54868), (1.03164, 5.95108, 2.55552), (1.07624, 5.95463, 2.55288), (1.06252, 6.02442, 2.7204), (1.0501, 5.99204, 2.74034), (1.08905, 5.99712, 2.73273), (1.07123, 6.07885, 2.79192), (1.06074, 6.05065, 2.81442), (1.09719, 6.05667, 2.8076), (1.07315, 6.13848, 2.87152), (1.06021, 6.10959, 2.88661), (1.09488, 6.11474, 2.88545), (1.06532, 6.17027, 2.96519), (1.054, 6.14209, 2.97692), (1.08608, 6.14678, 2.97395), (1.07792, 6.20443, 3.04322), (1.06959, 6.18112, 3.06064), (1.09783, 6.18262, 3.04985), (1.11446, 6.25514, 3.10621), (1.10712, 6.23418, 3.12324), (1.13154, 6.23324, 3.1096), (1.15622, 6.28355, 3.17856), (1.14849, 6.26283, 3.19176), (1.17033, 6.26201, 3.17814), (1.20334, 6.30813, 3.24547), (1.19752, 6.29095, 3.26043), (1.21595, 6.2883, 3.24607), (1.2609, 6.35082, 3.29975), (1.25769, 6.33657, 3.31504), (1.27262, 6.33324, 3.30045), (1.32517, 6.3908, 3.35129), (1.32242, 6.37825, 3.36489), (1.33514, 6.37497, 3.35157), (0.817158, 7.09631, 2.20215), (0.819847, 7.0716, 2.20711), (0.862072, 7.09259, 2.1836), (0.862155, 7.0673, 2.18965), (0.822444, 7.07667, 2.15194), (0.821812, 7.0195, 2.15144), (0.816295, 7.12204, 2.20035), (0.863345, 7.11874, 2.18069), (0.823149, 7.12516, 2.14981), (0.82497, 7.1807, 2.20767), (0.870928, 7.17719, 2.18835), (0.83207, 7.18756, 2.15867), (0.835103, 7.29679, 2.22391), (0.879238, 7.30116, 2.20617), (0.841477, 7.30288, 2.17697), (0.829136, 7.35409, 2.2313), (0.871838, 7.36354, 2.21506), (0.835456, 7.3626, 2.18587), (0.801408, 7.53237, 2.2675), (0.842048, 7.53731, 2.25359), (0.808973, 7.54904, 2.22833), (0.81051, 7.58363, 2.29836), (0.849995, 7.5889, 2.2848), (0.818003, 7.60628, 2.2637), (0.812866, 7.63317, 2.33486), (0.851118, 7.64295, 2.32421), (0.819505, 7.65843, 2.3034), (0.812626, 7.74184, 2.40982), (0.848721, 7.74406, 2.39644), (0.819507, 7.75802, 2.37551), (0.822084, 7.7978, 2.43298), (0.856852, 7.79801, 2.41899), (0.828121, 7.80967, 2.39794), (0.845532, 7.91413, 2.46522), (0.876126, 7.90624, 2.44948), (0.849898, 7.92072, 2.43081), (0.873523, 7.96898, 2.4767), (0.902122, 7.95969, 2.46051), (0.877939, 7.9771, 2.44383), (0.899445, 8.01865, 2.49734), (0.927823, 8.01172, 2.48194), (0.904729, 8.02972, 2.46668), (0.923072, 8.06942, 2.52042), (0.95147, 8.06452, 2.50674), (0.9282, 8.07902, 2.49044), (0.937793, 8.12508, 2.53663), (0.965835, 8.12234, 2.52418), (0.942273, 8.13231, 2.50703), (0.975004, 8.29026, 2.5903), (0.999437, 8.28687, 2.5782), (0.980448, 8.30295, 2.56655), (1.06448, 8.48204, 2.71182), (1.08532, 8.48044, 2.7023), (1.06968, 8.4947, 2.69338), (1.08417, 8.52536, 2.7508), (1.1043, 8.52504, 2.74241), (1.0895, 8.53911, 2.73473), (1.10242, 8.56687, 2.79591), (1.12181, 8.56872, 2.7891), (1.1066, 8.5792, 2.7799), (1.10348, 8.61984, 2.82736), (1.12185, 8.62308, 2.82166), (1.10699, 8.62876, 2.81037), (1.10203, 8.67746, 2.85271), (1.1192, 8.67948, 2.84646), (1.10494, 8.683, 2.83542), (1.10444, 8.7404, 2.86513), (1.12044, 8.74073, 2.85876), (1.10698, 8.7435, 2.84837), (1.11883, 8.8629, 2.88739), (1.13255, 8.86218, 2.88154), (1.12106, 8.86663, 2.87311), (1.13102, 8.91772, 2.90818), (1.14371, 8.91713, 2.90275), (1.13336, 8.92276, 2.89553), (1.14445, 8.96847, 2.93298), (1.15613, 8.96795, 2.928), (1.14673, 8.97358, 2.92157), (-0.174385, 2.10908, -0.119118), (-0.152187, 2.10974, -0.10601), (-0.137598, 2.07913, -0.173452), (-0.0969255, 2.069, -0.151702), (-0.135677, 2.00863, -0.202478), (-0.0753342, 1.97326, -0.170582), (-0.169732, 1.93615, -0.192677), (-0.100264, 1.86741, -0.158778), (-0.219361, 1.90843, -0.144301), (-0.156096, 1.81788, -0.114498), (-0.231292, 1.93926, -0.0771306), (-0.158138, 1.86862, -0.0413857), (-0.223041, 2.01173, -0.0422594), (-0.158105, 1.97437, -0.0107041), (-0.199489, 2.08213, -0.0583997), (-0.156212, 2.06971, -0.0358258), (-0.197272, 2.12533, -0.132206), (-0.175457, 2.10218, -0.19639), (-0.192373, 2.04407, -0.237227), (-0.23775, 1.98735, -0.228647), (-0.282702, 1.96817, -0.176071), (-0.304039, 1.99174, -0.112188), (-0.288127, 2.04948, -0.0701089), (-0.242199, 2.10575, -0.0801522), (-0.348028, 2.22566, -0.225436), (-0.328563, 2.19851, -0.285729), (-0.337389, 2.14211, -0.329218), (-0.381061, 2.08596, -0.314631), (-0.423858, 2.06633, -0.263852), (-0.443199, 2.09259, -0.204697), (-0.433454, 2.14795, -0.163796), (-0.391728, 2.20463, -0.174605), (-0.645589, 2.40769, -0.387465), (-0.636305, 2.3802, -0.440999), (-0.646228, 2.33696, -0.484655), (-0.690376, 2.29242, -0.473544), (-0.731329, 2.27387, -0.431628), (-0.742576, 2.29882, -0.378383), (-0.733049, 2.34263, -0.333281), (-0.687856, 2.38688, -0.346506), (-0.762708, 2.5302, -0.47259), (-0.748825, 2.50116, -0.529656), (-0.767037, 2.45621, -0.570736), (-0.816542, 2.42022, -0.56207), (-0.864342, 2.40352, -0.528489), (-0.880932, 2.42844, -0.473952), (-0.864193, 2.47287, -0.431844), (-0.814272, 2.50929, -0.440403), (-0.87551, 2.66564, -0.581966), (-0.861183, 2.64973, -0.635996), (-0.888336, 2.60875, -0.663348), (-0.92698, 2.57054, -0.665608), (-0.961627, 2.55993, -0.624501), (-0.979095, 2.57195, -0.572094), (-0.952304, 2.6129, -0.544156), (-0.913249, 2.65178, -0.541388), (-1.03705, 2.78874, -0.630252), (-1.02226, 2.77136, -0.677831), (-1.03467, 2.73067, -0.713242), (-1.07297, 2.6914, -0.704886), (-1.10811, 2.67706, -0.667646), (-1.12121, 2.69598, -0.620706), (-1.1103, 2.73562, -0.584301), (-1.07188, 2.77513, -0.592529), (-1.1591, 2.89142, -0.755229), (-1.13811, 2.86967, -0.794399), (-1.15081, 2.82951, -0.822316), (-1.18936, 2.79882, -0.818744), (-1.22876, 2.7916, -0.791714), (-1.24953, 2.81365, -0.752442), (-1.23466, 2.85319, -0.726998), (-1.1982, 2.88355, -0.729091), (-1.2634, 3.0355, -0.887355), (-1.24283, 3.01246, -0.925674), (-1.24977, 2.97106, -0.950509), (-1.28084, 2.93075, -0.950332), (-1.32054, 2.9204, -0.918483), (-1.34034, 2.94516, -0.879622), (-1.33131, 2.98627, -0.857096), (-1.3022, 3.02686, -0.855108), (-1.4353, 3.09281, -1.02081), (-1.41921, 3.07147, -1.05353), (-1.41994, 3.03567, -1.07), (-1.43711, 3.00077, -1.06326), (-1.46505, 2.97566, -1.03679), (-1.4802, 3.00266, -1.0026), (-1.48285, 3.0395, -0.980933), (-1.46138, 3.07346, -0.994109), (-1.74782, 3.20737, -1.25255), (-1.73612, 3.19341, -1.2871), (-1.74683, 3.16096, -1.30134), (-1.76557, 3.13224, -1.29781), (-1.78799, 3.11835, -1.2728), (-1.79955, 3.13139, -1.23942), (-1.79, 3.16288, -1.22413), (-1.77106, 3.19118, -1.22846), (-1.90765, 3.30913, -1.30622), (-1.90256, 3.30515, -1.33972), (-1.91378, 3.27714, -1.35811), (-1.93139, 3.24642, -1.35372), (-1.94366, 3.23606, -1.32293), (-1.94875, 3.24023, -1.28889), (-1.937, 3.2688, -1.27158), (-1.9197, 3.2989, -1.2761), (-2.09701, 3.3798, -1.32578), (-2.09869, 3.37761, -1.35405), (-2.11167, 3.36212, -1.37321), (-2.13063, 3.3397, -1.37506), (-2.14617, 3.32149, -1.35382), (-2.14119, 3.32758, -1.3237), (-2.12809, 3.34321, -1.30511), (-2.1095, 3.36519, -1.30346), (-2.22555, 3.57137, -1.30454), (-2.2324, 3.56529, -1.3288), (-2.24334, 3.55585, -1.34802), (-2.26237, 3.53987, -1.34515), (-2.27891, 3.52615, -1.32873), (-2.27169, 3.53254, -1.30393), (-2.25994, 3.54265, -1.28671), (-2.24141, 3.55822, -1.28786), (-2.51324, 3.89027, -1.31547), (-2.51629, 3.88999, -1.3329), (-2.52703, 3.88389, -1.345), (-2.54121, 3.87401, -1.34336), (-2.55137, 3.86581, -1.33126), (-2.54809, 3.86625, -1.31387), (-2.53741, 3.87234, -1.30203), (-2.52331, 3.88212, -1.30333), (-1.09457, 2.83672, -0.60748), (-1.07583, 2.8052, -0.642557), (-1.16511, 2.78114, -0.597483), (-1.14696, 2.75848, -0.632503), (-1.07905, 2.7658, -0.535252), (-1.02299, 2.70472, -0.571721), (-1.11594, 2.87019, -0.576012), (-1.18669, 2.80686, -0.567323), (-1.12361, 2.81787, -0.496663), (-1.18837, 2.9526, -0.531346), (-1.25015, 2.88651, -0.526786), (-1.19081, 2.89778, -0.459281), (-1.27068, 3.01559, -0.464281), (-1.32276, 2.94753, -0.464643), (-1.26421, 2.95636, -0.402681), (-1.42492, 3.13974, -0.340419), (-1.47853, 3.08719, -0.334232), (-1.43154, 3.1, -0.276774), (-1.49597, 3.22142, -0.309228), (-1.55048, 3.17746, -0.303192), (-1.51101, 3.19242, -0.246993), (-1.63399, 3.41255, -0.259344), (-1.67785, 3.37187, -0.25381), (-1.64922, 3.39201, -0.204985), (-1.72843, 3.48531, -0.263287), (-1.76187, 3.44191, -0.257551), (-1.74649, 3.47088, -0.213288), (-1.92159, 3.61682, -0.305189), (-1.94436, 3.57825, -0.299978), (-1.93865, 3.60599, -0.264883), (-2.0329, 3.65935, -0.336345), (-2.05816, 3.62896, -0.331581), (-2.0479, 3.65139, -0.300338), (-2.09598, 3.74744, -0.343053), (-2.12656, 3.73056, -0.342182), (-2.11359, 3.74473, -0.313002), (-2.14542, 3.85322, -0.379633), (-2.17328, 3.84303, -0.378952), (-2.16005, 3.85174, -0.353856), (-2.18624, 3.97493, -0.375778), (-2.20928, 3.96779, -0.373846), (-2.19602, 3.97139, -0.353923), (-1.27864, 3.0785, -0.889266), (-1.28738, 3.03078, -0.869712), (-1.21371, 3.0386, -0.927965), (-1.21705, 2.9713, -0.894974), (-1.2922, 3.0674, -0.974409), (-1.30851, 3.03647, -0.966572), (-1.26929, 3.12622, -0.907624), (-1.20491, 3.09934, -0.95381), (-1.28207, 3.10028, -0.986139), (-1.25141, 3.22217, -0.939939), (-1.19009, 3.19822, -0.984952), (-1.26481, 3.1893, -1.01136), (-1.25963, 3.31201, -1.00049), (-1.20076, 3.2864, -1.04086), (-1.27105, 3.26324, -1.05744), (-1.27055, 3.37904, -1.07435), (-1.21607, 3.36012, -1.11721), (-1.28159, 3.33274, -1.12817), (-1.29973, 3.45361, -1.12042), (-1.24978, 3.44512, -1.16576), (-1.31059, 3.41664, -1.17645), (-1.32748, 3.53628, -1.1715), (-1.28103, 3.52623, -1.21465), (-1.33656, 3.49437, -1.21926), (-1.45485, 3.7393, -1.34262), (-1.41821, 3.73417, -1.3801), (-1.46029, 3.70249, -1.37989), (-1.50626, 3.79916, -1.40806), (-1.47094, 3.79064, -1.44064), (-1.50999, 3.76144, -1.43878), (-1.54588, 3.85262, -1.47671), (-1.51369, 3.84711, -1.50763), (-1.55099, 3.82204, -1.50929), (-1.58911, 3.92929, -1.5226), (-1.55826, 3.92105, -1.54853), (-1.59428, 3.90161, -1.55258), (-1.60794, 3.99466, -1.60261), (-1.57812, 3.98136, -1.62047), (-1.61175, 3.96684, -1.62704), (-1.64003, 4.11547, -1.76755), (-1.61595, 4.10676, -1.78145), (-1.64058, 4.09138, -1.78394), (-1.6948, 4.22647, -1.92622), (-1.67741, 4.2198, -1.93638), (-1.69549, 4.20879, -1.93793), (-1.78738, 3.18349, -1.34073), (-1.78323, 3.18993, -1.31264), (-1.74404, 3.12818, -1.3313), (-1.71051, 3.12918, -1.26726), (-1.81215, 3.13026, -1.32144), (-1.80197, 3.13821, -1.28691), (-1.79619, 3.18055, -1.36863), (-1.76988, 3.1252, -1.38715), (-1.82535, 3.12517, -1.3552), (-1.96029, 3.19501, -1.61809), (-1.93954, 3.14761, -1.63741), (-1.98347, 3.14692, -1.60392), (-2.00906, 3.20043, -1.67261), (-1.9929, 3.15579, -1.69626), (-2.02992, 3.15381, -1.65833), (-2.06614, 3.20832, -1.71973), (-2.05412, 3.16649, -1.74593), (-2.08651, 3.16359, -1.7069), (-2.17834, 3.23731, -1.81123), (-2.1696, 3.20023, -1.83768), (-2.20089, 3.19752, -1.80356), (-2.22767, 3.26157, -1.85703), (-2.22098, 3.22745, -1.88428), (-2.25343, 3.22577, -1.85435), (-2.27106, 3.29389, -1.90775), (-2.26377, 3.26143, -1.93331), (-2.29819, 3.26192, -1.90932), (-2.30483, 3.32931, -1.96829), (-2.29664, 3.29778, -1.99093), (-2.33154, 3.30024, -1.97222), (-2.45688, 3.50662, -2.29939), (-2.44862, 3.48277, -2.31115), (-2.47438, 3.48501, -2.30082), (-2.48802, 3.52429, -2.37917), (-2.47727, 3.50305, -2.388), (-2.49881, 3.50177, -2.37462), (-2.54462, 3.51804, -2.43815), (-2.53561, 3.49846, -2.44623), (-2.55278, 3.49778, -2.43091), (-2.70386, 3.52527, -2.60751), (-2.69804, 3.51176, -2.61411), (-2.70934, 3.51091, -2.60265), (-2.18973, 3.36904, -1.36504), (-2.16992, 3.37727, -1.35765), (-2.16188, 3.32275, -1.38335), (-2.1088, 3.32488, -1.36853), (-2.18686, 3.32501, -1.33697), (-2.14393, 3.33115, -1.32501), (-2.21099, 3.36685, -1.37266), (-2.20692, 3.32128, -1.39899), (-2.22748, 3.32193, -1.35038), (-2.26154, 3.37795, -1.3986), (-2.26428, 3.33479, -1.42616), (-2.28326, 3.33605, -1.37854), (-2.31393, 3.39864, -1.41628), (-2.32472, 3.35883, -1.44415), (-2.33612, 3.35912, -1.3957), (-2.42133, 3.45037, -1.43506), (-2.43753, 3.41575, -1.46204), (-2.44329, 3.41391, -1.41565), (-2.47711, 3.48062, -1.43639), (-2.49235, 3.44661, -1.46211), (-2.49474, 3.4437, -1.41698), (-2.53624, 3.50186, -1.43834), (-2.54682, 3.4671, -1.46288), (-2.54851, 3.4644, -1.41915), (-2.65193, 3.53071, -1.43606), (-2.66458, 3.49965, -1.45955), (-2.66304, 3.49525, -1.41888), (-2.70687, 3.55391, -1.43022), (-2.72233, 3.52512, -1.45234), (-2.71769, 3.51985, -1.41351), (-2.82032, 3.59555, -1.41723), (-2.83198, 3.56817, -1.43832), (-2.83497, 3.56579, -1.40204), (-2.87059, 3.62161, -1.42193), (-2.88605, 3.59771, -1.44237), (-2.8874, 3.59446, -1.4075), (-2.92263, 3.65811, -1.4154), (-2.93482, 3.63355, -1.4347), (-2.93721, 3.63139, -1.40132), (-2.98329, 3.67825, -1.42651), (-2.98728, 3.65202, -1.44454), (-2.99069, 3.65025, -1.41269), (-3.04888, 3.68436, -1.42714), (-3.05007, 3.65909, -1.44425), (-3.05238, 3.65709, -1.41386), (-3.1117, 3.68873, -1.43668), (-3.11127, 3.66342, -1.4508), (-3.11888, 3.6643, -1.42284), (-3.16779, 3.69864, -1.46098), (-3.17174, 3.67611, -1.4761), (-3.17842, 3.67612, -1.44951), (-3.2241, 3.72566, -1.46454), (-3.22478, 3.70348, -1.47799), (-3.23091, 3.70355, -1.45278), (-3.29547, 3.71931, -1.49244), (-3.28982, 3.69826, -1.5029), (-3.29874, 3.69859, -1.48043), (-3.36197, 3.71407, -1.51894), (-3.35945, 3.69455, -1.52964), (-3.36641, 3.69484, -1.50835), (-3.42063, 3.72329, -1.53329), (-3.4249, 3.70679, -1.54527), (-3.42765, 3.70568, -1.52464), (-3.47352, 3.75072, -1.53117), (-3.48089, 3.73685, -1.54246), (-3.4816, 3.73504, -1.52321), (-3.52747, 3.77718, -1.53195), (-3.53542, 3.76514, -1.54249), (-3.53661, 3.76363, -1.52472), (-3.57424, 3.81589, -1.53222), (-3.58337, 3.80649, -1.54201), (-3.58467, 3.80507, -1.52577), (-3.66248, 3.90691, -1.53076), (-3.67019, 3.89959, -1.53865), (-3.67114, 3.89839, -1.5255), (-0.0229678, 3.40698, 0.138633), (-0.0139184, 3.40021, 0.115864), (-0.0786533, 3.38465, 0.12193), (-0.0661173, 3.36428, 0.0885655), (-0.109581, 3.32515, 0.125747), (-0.0888402, 3.28132, 0.0770729), (-0.0936439, 3.26068, 0.152552), (-0.0676945, 3.18793, 0.0999099), (-0.0437281, 3.22971, 0.182255), (-0.015225, 3.14436, 0.132727), (0.0132727, 3.25583, 0.199222), (0.0403824, 3.19133, 0.161097), (0.0438725, 3.3174, 0.186778), (0.0656914, 3.28467, 0.149984), (0.0272129, 3.3797, 0.168112), (0.0390783, 3.36745, 0.148237), (-0.0313193, 3.429, 0.160935), (-0.0927865, 3.41441, 0.154132), (-0.131056, 3.36653, 0.172889), (-0.122056, 3.31246, 0.207192), (-0.0713724, 3.28443, 0.236544), (-0.0096167, 3.30118, 0.242143), (0.0271401, 3.34895, 0.223072), (0.0197003, 3.40271, 0.189342), (-0.109763, 3.58457, 0.453938), (-0.166882, 3.57217, 0.450281), (-0.205827, 3.53392, 0.47312), (-0.198435, 3.48982, 0.51245), (-0.153381, 3.46795, 0.542247), (-0.0966451, 3.47876, 0.547155), (-0.0605698, 3.51751, 0.523183), (-0.0653232, 3.56125, 0.484813), (-0.121413, 3.705, 0.56336), (-0.179738, 3.69877, 0.560362), (-0.216244, 3.66704, 0.592696), (-0.211447, 3.63217, 0.636435), (-0.171117, 3.61154, 0.669168), (-0.114015, 3.617, 0.672883), (-0.0764438, 3.64805, 0.64159), (-0.0795803, 3.68387, 0.596981), (-0.146541, 3.84274, 0.669369), (-0.198653, 3.82816, 0.66377), (-0.232587, 3.79846, 0.690495), (-0.233773, 3.76913, 0.733918), (-0.198284, 3.75583, 0.772626), (-0.146896, 3.77071, 0.777388), (-0.114024, 3.7998, 0.751038), (-0.111999, 3.82876, 0.708595), (-0.217828, 3.98155, 0.75363), (-0.265666, 3.95992, 0.742682), (-0.302105, 3.92758, 0.763772), (-0.30005, 3.90379, 0.810114), (-0.271691, 3.89727, 0.852477), (-0.224794, 3.917, 0.865944), (-0.187848, 3.94964, 0.844837), (-0.189757, 3.97382, 0.79793), (-0.311899, 4.126, 0.830167), (-0.352019, 4.1007, 0.808497), (-0.384616, 4.06201, 0.827044), (-0.387449, 4.03588, 0.87404), (-0.359614, 4.0388, 0.918245), (-0.319629, 4.06495, 0.93797), (-0.288088, 4.10263, 0.919551), (-0.283401, 4.12974, 0.873926), (-0.464707, 4.24316, 0.902831), (-0.495196, 4.2211, 0.869659), (-0.517087, 4.18257, 0.893853), (-0.528846, 4.15074, 0.930421), (-0.50421, 4.16128, 0.972649), (-0.472627, 4.18527, 1.00462), (-0.443078, 4.22879, 0.989926), (-0.438931, 4.25594, 0.943314), (-0.623597, 4.36915, 0.95658), (-0.658231, 4.34976, 0.938468), (-0.684117, 4.3158, 0.952644), (-0.683899, 4.29017, 0.989418), (-0.658627, 4.28845, 1.02523), (-0.623388, 4.30852, 1.04316), (-0.596862, 4.34298, 1.02911), (-0.597919, 4.36835, 0.9916), (-0.691309, 4.48281, 1.08004), (-0.73177, 4.47851, 1.06701), (-0.756012, 4.44403, 1.08114), (-0.754922, 4.407, 1.10704), (-0.717128, 4.39911, 1.12741), (-0.67727, 4.40399, 1.13981), (-0.653374, 4.43777, 1.12602), (-0.654276, 4.47427, 1.10055), (-0.738297, 4.5681, 1.24282), (-0.782238, 4.55937, 1.23492), (-0.800895, 4.51968, 1.24572), (-0.796122, 4.47882, 1.26303), (-0.758194, 4.45842, 1.28083), (-0.713689, 4.47168, 1.28709), (-0.700445, 4.51155, 1.27482), (-0.699774, 4.55183, 1.25915), (-0.778843, 4.61907, 1.41992), (-0.818914, 4.61318, 1.41519), (-0.840615, 4.57939, 1.42429), (-0.833152, 4.54312, 1.43942), (-0.801072, 4.52378, 1.45237), (-0.760968, 4.53004, 1.45697), (-0.738197, 4.56362, 1.44813), (-0.746165, 4.60039, 1.43273), (-0.795252, 4.68857, 1.58236), (-0.829962, 4.67736, 1.58023), (-0.859357, 4.65252, 1.58815), (-0.84481, 4.62381, 1.61022), (-0.82015, 4.60555, 1.62837), (-0.785568, 4.61594, 1.63099), (-0.759411, 4.64125, 1.62191), (-0.771004, 4.66948, 1.60093), (-0.853096, 4.7918, 1.69665), (-0.885022, 4.77668, 1.68996), (-0.90838, 4.75103, 1.69961), (-0.900535, 4.72952, 1.72641), (-0.880465, 4.71691, 1.75266), (-0.848589, 4.73244, 1.7589), (-0.825589, 4.75788, 1.74922), (-0.83328, 4.77918, 1.72273), (-0.945986, 4.90391, 1.80193), (-0.977236, 4.89085, 1.78968), (-0.988784, 4.86242, 1.80437), (-0.992785, 4.8355, 1.82336), (-0.967667, 4.83045, 1.84586), (-0.937677, 4.84032, 1.85979), (-0.924125, 4.86862, 1.84667), (-0.921525, 4.89569, 1.82654), (-1.03152, 4.9796, 1.94416), (-1.05433, 4.96568, 1.93579), (-1.06919, 4.94255, 1.93835), (-1.06549, 4.91894, 1.95444), (-1.04604, 4.90616, 1.97561), (-1.02169, 4.92401, 1.98284), (-1.0058, 4.94807, 1.98049), (-1.01192, 4.97077, 1.96318), (-1.1362, 5.0499, 2.06696), (-1.15942, 5.03174, 2.06636), (-1.17334, 5.01298, 2.07237), (-1.17509, 4.99104, 2.08898), (-1.15484, 4.98198, 2.10966), (-1.13203, 4.99958, 2.11043), (-1.1181, 5.01809, 2.10462), (-1.11683, 5.0395, 2.08814), (-1.1857, 5.16961, 2.17504), (-1.2096, 5.15778, 2.18393), (-1.23059, 5.1461, 2.19268), (-1.22328, 5.12566, 2.20754), (-1.20531, 5.1088, 2.21969), (-1.18166, 5.11923, 2.21183), (-1.1604, 5.13103, 2.20299), (-1.16857, 5.15134, 2.18823), (-1.13045, 5.25344, 2.36353), (-1.15497, 5.25582, 2.36671), (-1.16852, 5.24312, 2.38108), (-1.17044, 5.22659, 2.39636), (-1.15371, 5.21328, 2.40471), (-1.13041, 5.20892, 2.40357), (-1.11599, 5.22121, 2.38938), (-1.115, 5.23806, 2.37401), (-1.12516, 5.41202, 2.46669), (-1.14356, 5.40967, 2.46834), (-1.15716, 5.40133, 2.47806), (-1.15371, 5.39032, 2.49251), (-1.14151, 5.38227, 2.5038), (-1.12282, 5.38434, 2.50255), (-1.10778, 5.3927, 2.49289), (-1.11324, 5.40391, 2.47804), (-1.15195, 5.53427, 2.59061), (-1.17013, 5.53359, 2.5923), (-1.18325, 5.52485, 2.60241), (-1.18098, 5.51204, 2.6161), (-1.1672, 5.50288, 2.62525), (-1.14863, 5.5042, 2.62285), (-1.13488, 5.51283, 2.61282), (-1.13771, 5.52585, 2.59893), (-1.11486, 5.67563, 2.72062), (-1.12995, 5.67971, 2.72057), (-1.14139, 5.67331, 2.73152), (-1.1412, 5.66157, 2.74507), (-1.12651, 5.65355, 2.7498), (-1.11024, 5.65086, 2.74788), (-1.09856, 5.65745, 2.73663), (-1.10053, 5.66913, 2.7237), (-0.68417, 4.41242, 0.958415), (-0.659113, 4.39812, 0.986152), (-0.673795, 4.33881, 0.899921), (-0.614011, 4.2979, 0.92087), (-0.738994, 4.35754, 0.966628), (-0.704082, 4.34248, 0.996016), (-0.710087, 4.43052, 0.934122), (-0.722032, 4.37241, 0.874194), (-0.774303, 4.37621, 0.940251), (-0.824916, 4.5669, 0.836232), (-0.845565, 4.52043, 0.777967), (-0.882438, 4.5161, 0.845809), (-0.900006, 4.6356, 0.813327), (-0.921409, 4.59229, 0.757373), (-0.946446, 4.57944, 0.82573), (-0.991444, 4.69125, 0.798643), (-1.00494, 4.64602, 0.746249), (-1.02478, 4.63059, 0.812134), (-1.09172, 4.72942, 0.777591), (-1.10142, 4.68492, 0.728519), (-1.11682, 4.66897, 0.791695), (-1.28732, 4.79537, 0.760746), (-1.30813, 4.76366, 0.714692), (-1.32029, 4.74662, 0.770563), (-1.35029, 4.86508, 0.76578), (-1.37882, 4.84301, 0.722664), (-1.3896, 4.826, 0.775151), (-1.4227, 4.93121, 0.777661), (-1.45028, 4.91194, 0.736963), (-1.46346, 4.8988, 0.786372), (-1.54518, 5.10324, 0.779276), (-1.56692, 5.08372, 0.744034), (-1.57423, 5.06864, 0.78663), (-1.63657, 5.15469, 0.794062), (-1.65563, 5.13734, 0.760507), (-1.65719, 5.11796, 0.798083), (-1.72393, 5.20488, 0.823646), (-1.74178, 5.18726, 0.794052), (-1.73942, 5.16965, 0.828542), (-1.82189, 5.2402, 0.850054), (-1.83572, 5.22445, 0.821839), (-1.84032, 5.21051, 0.853777), (-1.8921, 5.30667, 0.844539), (-1.908, 5.29387, 0.820276), (-1.91684, 5.28762, 0.85008), (-1.94546, 5.39571, 0.843791), (-1.96205, 5.38697, 0.822815), (-1.9683, 5.38028, 0.849415), (-2.00648, 5.47574, 0.859608), (-2.0225, 5.46955, 0.841851), (-2.0248, 5.4599, 0.864473), (-2.06732, 5.54747, 0.895732), (-2.08193, 5.54304, 0.880984), (-2.08244, 5.53313, 0.89975), (-0.766414, 4.66839, 1.67965), (-0.779784, 4.67704, 1.65957), (-0.801923, 4.61514, 1.67611), (-0.818043, 4.62317, 1.64508), (-0.744289, 4.61038, 1.63927), (-0.762062, 4.60731, 1.57545), (-0.755601, 4.66342, 1.7031), (-0.787615, 4.60851, 1.7084), (-0.725744, 4.60799, 1.69288), (-0.701291, 4.64098, 1.92113), (-0.729249, 4.59089, 1.93054), (-0.675233, 4.59044, 1.90906), (-0.596608, 4.64217, 2.21375), (-0.620896, 4.59846, 2.21962), (-0.572281, 4.59868, 2.20653), (-0.568336, 4.63651, 2.37088), (-0.589901, 4.59561, 2.37391), (-0.544, 4.5972, 2.36777), (-0.554477, 4.63934, 2.44523), (-0.575338, 4.60228, 2.4578), (-0.532956, 4.60057, 2.44485), (-0.521163, 4.65836, 2.51718), (-0.539222, 4.62341, 2.53266), (-0.499997, 4.62177, 2.51697), (-0.494202, 4.6714, 2.59435), (-0.5124, 4.63703, 2.6047), (-0.473294, 4.63702, 2.5952), (-0.48392, 4.68252, 2.67096), (-0.501432, 4.64965, 2.67977), (-0.463417, 4.65051, 2.6754), (-0.477568, 4.70005, 2.74327), (-0.494115, 4.66978, 2.75468), (-0.457832, 4.6713, 2.7535), (-0.481334, 4.73177, 2.81124), (-0.49694, 4.70359, 2.82329), (-0.463009, 4.7075, 2.82729), (-0.501148, 4.76922, 2.87909), (-0.516181, 4.74195, 2.88794), (-0.486167, 4.74804, 2.89844), (-0.543014, 4.80684, 2.945), (-0.556311, 4.78113, 2.95352), (-0.530814, 4.79009, 2.96693), (-0.629909, 4.90829, 3.06967), (-0.641719, 4.88791, 3.07971), (-0.616338, 4.89043, 3.08202), (-0.621163, 4.93585, 3.14276), (-0.631646, 4.91665, 3.15194), (-0.608541, 4.91613, 3.14657), (-0.580687, 4.9751, 3.29044), (-0.589508, 4.95792, 3.29487), (-0.569789, 4.95878, 3.29317), (-0.58427, 4.9876, 3.36647), (-0.592448, 4.97181, 3.36858), (-0.574561, 4.97268, 3.36839), (-0.579789, 4.99293, 3.443), (-0.587083, 4.97883, 3.44461), (-0.571171, 4.97951, 3.44363), (0.20233, 8.19547, -0.176308), (0.17406, 8.00178, -0.17826), (0.120721, 8.21203, -0.128438), (0.0882456, 8.00346, -0.128986), (0.118493, 8.2182, -0.0309385), (0.0885958, 8.00166, -0.0301535), (0.20372, 8.20673, 0.0173033), (0.173913, 7.99815, 0.0229877), (0.285454, 8.19005, -0.0321376), (0.257273, 7.99664, -0.031297), (0.285351, 8.18435, -0.128434), (0.256447, 7.99839, -0.127017), (0.271352, 8.59866, -0.20916), (0.198771, 8.595, -0.163705), (0.198695, 8.59973, -0.0804697), (0.269967, 8.60854, -0.0334101), (0.340442, 8.6119, -0.0809315), (0.340304, 8.6073, -0.161599), (0.209114, 8.79609, -0.203988), (0.142126, 8.78679, -0.164693), (0.141283, 8.79831, -0.0884882), (0.204472, 8.81846, -0.0514298), (0.269002, 8.82739, -0.0894311), (0.270598, 8.81641, -0.163289), (0.177329, 8.99885, -0.258498), (0.117722, 9.00159, -0.21767), (0.115215, 9.01309, -0.148145), (0.177379, 9.02315, -0.113789), (0.235013, 9.02069, -0.152108), (0.238229, 9.00955, -0.219793), (0.179032, 9.20849, -0.261678), (0.117927, 9.20879, -0.22975), (0.12091, 9.21383, -0.1614), (0.178385, 9.21864, -0.121151), (0.242778, 9.21815, -0.157349), (0.242134, 9.21281, -0.230793), (0.164681, 9.42032, -0.271924), (0.108432, 9.41029, -0.24745), (0.110746, 9.40608, -0.184046), (0.163239, 9.41132, -0.149436), (0.22073, 9.42189, -0.179107), (0.217855, 9.4261, -0.243565), (0.116271, 9.62905, -0.217324), (0.0673725, 9.61408, -0.193643), (0.0713587, 9.60245, -0.136235), (0.122075, 9.60782, -0.113808), (0.169296, 9.62259, -0.138123), (0.167523, 9.63453, -0.194925), (0.082952, 9.8282, -0.171347), (0.038112, 9.8258, -0.151775), (0.0410678, 9.81763, -0.102854), (0.0819749, 9.81207, -0.0739824), (0.125905, 9.81569, -0.100881), (0.12645, 9.82394, -0.150648), (0.103378, 10.226, -0.0946242), (0.0689613, 10.2307, -0.0776321), (0.06505, 10.2275, -0.0358225), (0.102181, 10.2193, -0.0203346), (0.136251, 10.2147, -0.0379637), (0.141041, 10.2177, -0.0798687), (0.199544, 10.4224, -0.0974884), (0.172959, 10.4357, -0.0776498), (0.174913, 10.4345, -0.0433634), (0.201428, 10.421, -0.0226962), (0.226119, 10.4086, -0.045608), (0.226101, 10.4088, -0.0788466), (0.305067, 10.6216, -0.087016), (0.283392, 10.6287, -0.0685493), (0.28013, 10.6286, -0.0407879), (0.30372, 10.6191, -0.0238174), (0.324316, 10.6125, -0.0428009), (0.326211, 10.613, -0.0684209), (0.345504, 10.8194, -0.0630506), (0.32328, 10.8234, -0.055027), (0.324387, 10.8215, -0.0296106), (0.345381, 10.8166, -0.0212142), (0.367129, 10.8126, -0.0296531), (0.365045, 10.8147, -0.0539235), (0.35862, 8.71545, -0.131907), (0.307344, 8.70842, -0.126125), (0.390687, 8.60587, -0.0793002), (0.3286, 8.56503, -0.0724451), (0.376823, 8.60856, -0.18732), (0.313811, 8.57184, -0.17401), (0.40672, 8.73189, -0.137806), (0.452154, 8.63921, -0.0850972), (0.439367, 8.63989, -0.200285), (0.539822, 8.77753, -0.150691), (0.58917, 8.69461, -0.103481), (0.57864, 8.69708, -0.210359), (0.653919, 8.8547, -0.157869), (0.710837, 8.78527, -0.116627), (0.705286, 8.79258, -0.215), (0.760668, 8.94512, -0.147521), (0.827824, 8.89682, -0.112206), (0.818891, 8.90286, -0.201506), (0.818437, 9.06335, -0.157117), (0.892341, 9.04614, -0.127787), (0.878507, 9.04253, -0.207874), (0.83921, 9.20892, -0.172551), (0.907557, 9.20456, -0.148752), (0.892844, 9.19376, -0.218921), (0.865628, 9.35551, -0.21171), (0.923781, 9.34189, -0.188738), (0.911349, 9.33409, -0.251023), (0.935566, 9.48763, -0.22669), (0.980217, 9.46269, -0.204211), (0.970794, 9.45888, -0.259146), (1.0306, 9.59219, -0.256684), (1.07294, 9.58087, -0.239278), (1.06526, 9.57889, -0.28576), (1.02238, 9.73818, -0.251612), (1.05801, 9.7399, -0.237865), (1.05219, 9.73646, -0.275489), (1.03545, 9.88152, -0.283483), (1.06385, 9.88193, -0.274633), (1.05719, 9.87589, -0.302993), (0.153643, 9.08291, -0.282701), (0.163664, 9.08641, -0.252297), (0.196412, 8.99236, -0.293871), (0.211927, 8.96712, -0.229482), (0.107337, 8.99264, -0.274527), (0.126228, 8.96602, -0.211377), (0.14411, 9.08946, -0.312846), (0.182515, 9.01273, -0.355893), (0.0886922, 9.01445, -0.335628), (0.101254, 9.18056, -0.493622), (0.130512, 9.12186, -0.54855), (0.0498824, 9.11756, -0.520283), (0.0642811, 9.24331, -0.567367), (0.091449, 9.18911, -0.619982), (0.0128933, 9.19381, -0.604149), (0.0783536, 9.3133, -0.650826), (0.102554, 9.26244, -0.700006), (0.0294049, 9.27669, -0.6939), (0.0823754, 9.39347, -0.72318), (0.103174, 9.35826, -0.779289), (0.0373083, 9.35361, -0.757827), (0.0248034, 9.47682, -0.780007), (0.0412024, 9.44821, -0.834723), (-0.0140555, 9.43344, -0.806268), (-0.0236147, 9.55554, -0.846518), (-0.0059329, 9.52491, -0.893097), (-0.0595752, 9.51665, -0.871312), (-0.106579, 9.71564, -0.980514), (-0.0916907, 9.69215, -1.01924), (-0.132189, 9.67925, -0.997635), (-0.179025, 9.77816, -1.06237), (-0.16725, 9.75762, -1.09645), (-0.205336, 9.752, -1.08096), (-0.181682, 9.86918, -1.10708), (-0.171664, 9.85698, -1.13961), (-0.20659, 9.86318, -1.1326), (-0.156902, 9.9821, -1.13692), (-0.147438, 9.97421, -1.16458), (-0.176607, 9.98082, -1.15987), (-0.139147, 10.0958, -1.16355), (-0.132551, 10.0901, -1.18645), (-0.156033, 10.0948, -1.18128), (0.174803, 9.50787, -0.271573), (0.166396, 9.49442, -0.243229), (0.222833, 9.43144, -0.294147), (0.21345, 9.38202, -0.245929), (0.142374, 9.43521, -0.306554), (0.138313, 9.39609, -0.258805), (0.180848, 9.52853, -0.297641), (0.232092, 9.47402, -0.341523), (0.1462, 9.47183, -0.35338), (0.187306, 9.66171, -0.435396), (0.234702, 9.62693, -0.486384), (0.157552, 9.62063, -0.494411), (0.186594, 9.74575, -0.484105), (0.231035, 9.71963, -0.536303), (0.158416, 9.71113, -0.542324), (0.179136, 9.91889, -0.599931), (0.217655, 9.88769, -0.641039), (0.153754, 9.88525, -0.648623), (0.183599, 10.0005, -0.663174), (0.22053, 9.9778, -0.704349), (0.161675, 9.96821, -0.708471), (0.172324, 10.176, -0.76936), (0.203023, 10.1552, -0.803536), (0.153701, 10.1594, -0.813199), (0.193376, 10.2663, -0.804223), (0.220235, 10.2571, -0.840159), (0.174977, 10.2611, -0.845846), (0.195164, 10.3736, -0.807847), (0.220501, 10.36, -0.837277), (0.181747, 10.3702, -0.846571), (0.26668, 10.5736, -0.855004), (0.28548, 10.5713, -0.879725), (0.254616, 10.5694, -0.883411), (0.247782, 10.6737, -0.88105), (0.264166, 10.6698, -0.901719), (0.238238, 10.6641, -0.90401), (0.230939, 10.7658, -0.925234), (0.244233, 10.7607, -0.942152), (0.222641, 10.7561, -0.94328), (0.0731998, 10.292, -0.0451496), (0.0919427, 10.2766, -0.053715), (0.0382221, 10.244, -0.0556439), (0.0657458, 10.2011, -0.0717002), (0.0631645, 10.2513, -0.00891448), (0.0883541, 10.2185, -0.0267619), (0.0572521, 10.3121, -0.0372053), (0.0108374, 10.2813, -0.0415039), (0.0385329, 10.2835, 0.00695727), (-0.010257, 10.4123, -0.00648125), (-0.0581833, 10.3917, -0.00772701), (-0.0306401, 10.391, 0.036549), (-0.0288725, 10.4678, 0.0122711), (-0.0774191, 10.4546, 0.0129818), (-0.0495471, 10.4502, 0.0546153), (-0.0620039, 10.5905, 0.0516627), (-0.105963, 10.575, 0.0511066), (-0.0793276, 10.5682, 0.088736), (-0.111102, 10.7018, 0.100146), (-0.151768, 10.6884, 0.100307), (-0.128206, 10.6858, 0.135962), (-0.126296, 10.76, 0.114588), (-0.166638, 10.753, 0.115917), (-0.143924, 10.7484, 0.149687), (-0.132193, 10.8211, 0.131312), (-0.170772, 10.8148, 0.132571), (-0.149807, 10.8144, 0.16558), (-0.147919, 10.8835, 0.129739), (-0.1847, 10.8782, 0.131446), (-0.165281, 10.8841, 0.162638), (-0.153883, 10.9473, 0.119568), (-0.18901, 10.9492, 0.121628), (-0.169405, 10.9534, 0.150607), (-0.14372, 11.0194, 0.106854), (-0.176882, 11.0196, 0.108329), (-0.159019, 11.0202, 0.136303), (-0.154818, 11.0848, 0.11764), (-0.186002, 11.0818, 0.119187), (-0.168852, 11.081, 0.145434), (-0.157418, 11.1471, 0.119078), (-0.186706, 11.15, 0.121296), (-0.170391, 11.146, 0.145558), (-0.145343, 11.2763, 0.141232), (-0.171024, 11.2743, 0.142243), (-0.157343, 11.2758, 0.164042), (-0.155121, 11.3421, 0.129656), (-0.178861, 11.3406, 0.131176), (-0.165842, 11.3439, 0.150864), (-0.156748, 11.4091, 0.125954), (-0.178631, 11.4095, 0.127738), (-0.166257, 11.4054, 0.1454), (-0.152156, 11.47, 0.15756), (-0.172046, 11.4717, 0.159306), (-0.161498, 11.4624, 0.173563), (-0.137489, 11.6457, 0.266311), (-0.151465, 11.6467, 0.267639), (-0.143844, 11.6408, 0.277873)] (
                interpolation = "vertex"
            )
            int[] faceVertexCounts = [3, 3, 3, 3, 3, 3, 3, 3, 3, 3, 3, 3, 3, 3, 3, 3, 3, 3, 3, 3, 3, 3, 3, 3, 3, 3, 3, 3, 3, 3, 3, 3, 3, 3, 3, 3, 3, 3, 3, 3, 3, 3, 3, 3, 3, 3, 3, 3, 3, 3, 3, 3, 3, 3, 3, 3, 3, 3, 3, 3, 3, 3, 3, 3, 3, 3, 3, 3, 3, 3, 3, 3, 3, 3, 3, 3, 3, 3, 3, 3, 3, 3, 3, 3, 3, 3, 3, 3, 3, 3, 3, 3, 3, 3, 3, 3, 3, 3, 3, 3, 3, 3, 3, 3, 3, 3, 3, 3, 3, 3, 3, 3, 3, 3, 3, 3, 3, 3, 3, 3, 3, 3, 3, 3, 3, 3, 3, 3, 3, 3, 3, 3, 3, 3, 3, 3, 3, 3, 3, 3, 3, 3, 3, 3, 3, 3, 3, 3, 3, 3, 3, 3, 3, 3, 3, 3, 3, 3, 3, 3, 3, 3, 3, 3, 3, 3, 3, 3, 3, 3, 3, 3, 3, 3, 3, 3, 3, 3, 3, 3, 3, 3, 3, 3, 3, 3, 3, 3, 3, 3, 3, 3, 3, 3, 3, 3, 3, 3, 3, 3, 3, 3, 3, 3, 3, 3, 3, 3, 3, 3, 3, 3, 3, 3, 3, 3, 3, 3, 3, 3, 3, 3, 3, 3, 3, 3, 3, 3, 3, 3, 3, 3, 3, 3, 3, 3, 3, 3, 3, 3, 3, 3, 3, 3, 3, 3, 3, 3, 3, 3, 3, 3, 3, 3, 3, 3, 3, 3, 3, 3, 3, 3, 3, 3, 3, 3, 3, 3, 3, 3, 3, 3, 3, 3, 3, 3, 3, 3, 3, 3, 3, 3, 3, 3, 3, 3, 3, 3, 3, 3, 3, 3, 3, 3, 3, 3, 3, 3, 3, 3, 3, 3, 3, 3, 3, 3, 3, 3, 3, 3, 3, 3, 3, 3, 3, 3, 3, 3, 3, 3, 3, 3, 3, 3, 3, 3, 3, 3, 3, 3, 3, 3, 3, 3, 3, 3, 3, 3, 3, 3, 3, 3, 3, 3, 3, 3, 3, 3, 3, 3, 3, 3, 3, 3, 3, 3, 3, 3, 3, 3, 3, 3, 3, 3, 3, 3, 3, 3, 3, 3, 3, 3, 3, 3, 3, 3, 3, 3, 3, 3, 3, 3, 3, 3, 3, 3, 3, 3, 3, 3, 3, 3, 3, 3, 3, 3, 3, 3, 3, 3, 3, 3, 3, 3, 3, 3, 3, 3, 3, 3, 3, 3, 3, 3, 3, 3, 3, 3, 3, 3, 3, 3, 3, 3, 3, 3, 3, 3, 3, 3, 3, 3, 3, 3, 3, 3, 3, 3, 3, 3, 3, 3, 3, 3, 3, 3, 3, 3, 3, 3, 3, 3, 3, 3, 3, 3, 3, 3, 3, 3, 3, 3, 3, 3, 3, 3, 3, 3, 3, 3, 3, 3, 3, 3, 3, 3, 3, 3, 3, 3, 3, 3, 3, 3, 3, 3, 3, 3, 3, 3, 3, 3, 3, 3, 3, 3, 3, 3, 3, 3, 3, 3, 3, 3, 3, 3, 3, 3, 3, 3, 3, 3, 3, 3, 3, 3, 3, 3, 3, 3, 3, 3, 3, 3, 3, 3, 3, 3, 3, 3, 3, 3, 3, 3, 3, 3, 3, 3, 3, 3, 3, 3, 3, 3, 3, 3, 3, 3, 3, 3, 3, 3, 3, 3, 3, 3, 3, 3, 3, 3, 3, 3, 3, 3, 3, 3, 3, 3, 3, 3, 3, 3, 3, 3, 3, 3, 3, 3, 3, 3, 3, 3, 3, 3, 3, 3, 3, 3, 3, 3, 3, 3, 3, 3, 3, 3, 3, 3, 3, 3, 3, 3, 3, 3, 3, 3, 3, 3, 3, 3, 3, 3, 3, 3, 3, 3, 3, 3, 3, 3, 3, 3, 3, 3, 3, 3, 3, 3, 3, 3, 3, 3, 3, 3, 3, 3, 3, 3, 3, 3, 3, 3, 3, 3, 3, 3, 3, 3, 3, 3, 3, 3, 3, 3, 3, 3, 3, 3, 3, 3, 3, 3, 3, 3, 3, 3, 3, 3, 3, 3, 3, 3, 3, 3, 3, 3, 3, 3, 3, 3, 3, 3, 3, 3, 3, 3, 3, 3, 3, 3, 3, 3, 3, 3, 3, 3, 3, 3, 3, 3, 3, 3, 3, 3, 3, 3, 3, 3, 3, 3, 3, 3, 3, 3, 3, 3, 3, 3, 3, 3, 3, 3, 3, 3, 3, 3, 3, 3, 3, 3, 3, 3, 3, 3, 3, 3, 3, 3, 3, 3, 3, 3, 3, 3, 3, 3, 3, 3, 3, 3, 3, 3, 3, 3, 3, 3, 3, 3, 3, 3, 3, 3, 3, 3, 3, 3, 3, 3, 3, 3, 3, 3, 3, 3, 3, 3, 3, 3, 3, 3, 3, 3, 3, 3, 3, 3, 3, 3, 3, 3, 3, 3, 3, 3, 3, 3, 3, 3, 3, 3, 3, 3, 3, 3, 3, 3, 3, 3, 3, 3, 3, 3, 3, 3, 3, 3, 3, 3, 3, 3, 3, 3, 3, 3, 3, 3, 3, 3, 3, 3, 3, 3, 3, 3, 3, 3, 3, 3, 3, 3, 3, 3, 3, 3, 3, 3, 3, 3, 3, 3, 3, 3, 3, 3, 3, 3, 3, 3, 3, 3, 3, 3, 3, 3, 3, 3, 3, 3, 3, 3, 3, 3, 3, 3, 3, 3, 3, 3, 3, 3, 3, 3, 3, 3, 3, 3, 3, 3, 3, 3, 3, 3, 3, 3, 3, 3, 3, 3, 3, 3, 3, 3, 3, 3, 3, 3, 3, 3, 3, 3, 3, 3, 3, 3, 3, 3, 3, 3, 3, 3, 3, 3, 3, 3, 3, 3, 3, 3, 3, 3, 3, 3, 3, 3, 3, 3, 3, 3, 3, 3, 3, 3, 3, 3, 3, 3, 3, 3, 3, 3, 3, 3, 3, 3, 3, 3, 3, 3, 3, 3, 3, 3, 3, 3, 3, 3, 3, 3, 3, 3, 3, 3, 3, 3, 3, 3, 3, 3, 3, 3, 3, 3, 3, 3, 3, 3, 3, 3, 3, 3, 3, 3, 3, 3, 3, 3, 3, 3, 3, 3, 3, 3, 3, 3, 3, 3, 3, 3, 3, 3, 3, 3, 3, 3, 3, 3, 3, 3, 3, 3, 3, 3, 3, 3, 3, 3, 3, 3, 3, 3, 3, 3, 3, 3, 3, 3, 3, 3, 3, 3, 3, 3, 3, 3, 3, 3, 3, 3, 3, 3, 3, 3, 3, 3, 3, 3, 3, 3, 3, 3, 3, 3, 3, 3, 3, 3, 3, 3, 3, 3, 3, 3, 3, 3, 3, 3, 3, 3, 3, 3, 3, 3, 3, 3, 3, 3, 3, 3, 3, 3, 3, 3, 3, 3, 3, 3, 3, 3, 3, 3, 3, 3, 3, 3, 3, 3, 3, 3, 3, 3, 3, 3, 3, 3, 3, 3, 3, 3, 3, 3, 3, 3, 3, 3, 3, 3, 3, 3, 3, 3, 3, 3, 3, 3, 3, 3, 3, 3, 3, 3, 3, 3, 3, 3, 3, 3, 3, 3, 3, 3, 3, 3, 3, 3, 3, 3, 3, 3, 3, 3, 3, 3, 3, 3, 3, 3, 3, 3, 3, 3, 3, 3, 3, 3, 3, 3, 3, 3, 3, 3, 3, 3, 3, 3, 3, 3, 3, 3, 3, 3, 3, 3, 3, 3, 3, 3, 3, 3, 3, 3, 3, 3, 3, 3, 3, 3, 3, 3, 3, 3, 3, 3, 3, 3, 3, 3, 3, 3, 3, 3, 3, 3, 3, 3, 3, 3, 3, 3, 3, 3, 3, 3, 3, 3, 3, 3, 3, 3, 3, 3, 3, 3, 3, 3, 3, 3, 3, 3, 3, 3, 3, 3, 3, 3, 3, 3, 3, 3, 3, 3, 3, 3, 3, 3, 3, 3, 3, 3, 3, 3, 3, 3, 3, 3, 3, 3, 3, 3, 3, 3, 3, 3, 3, 3, 3, 3, 3, 3, 3, 3, 3, 3, 3, 3, 3, 3, 3, 3, 3, 3, 3, 3, 3, 3, 3, 3, 3, 3, 3, 3, 3, 3, 3, 3, 3, 3, 3, 3, 3, 3, 3, 3, 3, 3, 3, 3, 3, 3, 3, 3, 3, 3, 3, 3, 3, 3, 3, 3, 3, 3, 3, 3, 3, 3, 3, 3, 3, 3, 3, 3, 3, 3, 3, 3, 3, 3, 3, 3, 3, 3, 3, 3, 3, 3, 3, 3, 3, 3, 3, 3, 3, 3, 3, 3, 3, 3, 3, 3, 3, 3, 3, 3, 3, 3, 3, 3, 3, 3, 3, 3, 3, 3, 3, 3, 3, 3, 3, 3, 3, 3, 3, 3, 3, 3, 3, 3, 3, 3, 3, 3, 3, 3, 3, 3, 3, 3, 3, 3, 3, 3, 3, 3, 3, 3, 3, 3, 3, 3, 3, 3, 3, 3, 3, 3, 3, 3, 3, 3, 3, 3, 3, 3, 3, 3, 3, 3, 3, 3, 3, 3, 3, 3, 3, 3, 3, 3, 3, 3, 3, 3, 3, 3, 3, 3, 3, 3, 3, 3, 3, 3, 3, 3, 3, 3, 3, 3, 3, 3, 3, 3, 3, 3, 3, 3, 3, 3, 3, 3, 3, 3, 3, 3, 3, 3, 3, 3, 3, 3, 3, 3, 3, 3, 3, 3, 3, 3, 3, 3, 3, 3, 3, 3, 3, 3, 3, 3, 3, 3, 3, 3, 3, 3, 3, 3, 3, 3, 3, 3, 3, 3, 3, 3, 3, 3, 3, 3, 3, 3, 3, 3, 3, 3, 3, 3, 3, 3, 3, 3, 3, 3, 3, 3, 3, 3, 3, 3, 3, 3, 3, 3, 3, 3, 3, 3, 3, 3, 3, 3, 3, 3, 3, 3, 3, 3, 3, 3, 3, 3, 3, 3, 3, 3, 3, 3, 3, 3, 3, 3, 3, 3, 3, 3, 3, 3, 3, 3, 3, 3, 3, 3, 3, 3, 3, 3, 3, 3, 3, 3, 3, 3, 3, 3, 3, 3, 3, 3, 3, 3, 3, 3, 3, 3, 3, 3, 3, 3, 3, 3, 3, 3, 3, 3, 3, 3, 3, 3, 3, 3, 3, 3, 3, 3, 3, 3, 3, 3, 3, 3, 3, 3, 3, 3, 3, 3, 3, 3, 3, 3, 3, 3, 3, 3, 3, 3, 3, 3, 3, 3, 3, 3, 3, 3, 3, 3, 3, 3, 3, 3, 3, 3, 3, 3, 3, 3, 3, 3, 3, 3, 3, 3, 3, 3, 3, 3, 3, 3, 3, 3, 3, 3, 3, 3, 3, 3, 3, 3, 3, 3, 3, 3, 3, 3, 3, 3, 3, 3, 3, 3, 3, 3, 3, 3, 3, 3, 3, 3, 3, 3, 3, 3, 3, 3, 3, 3, 3, 3, 3, 3, 3, 3, 3, 3, 3, 3, 3, 3, 3, 3, 3, 3, 3, 3, 3, 3, 3, 3, 3, 3, 3, 3, 3, 3, 3, 3, 3, 3, 3, 3, 3, 3, 3, 3, 3, 3, 3, 3, 3, 3, 3, 3, 3, 3, 3, 3, 3, 3, 3, 3, 3, 3, 3, 3, 3, 3, 3, 3, 3, 3, 3, 3, 3, 3, 3, 3, 3, 3, 3, 3, 3, 3, 3, 3, 3, 3, 3, 3, 3, 3, 3, 3, 3, 3, 3, 3, 3, 3, 3, 3, 3, 3, 3, 3, 3, 3, 3, 3, 3, 3, 3, 3, 3, 3, 3, 3, 3, 3, 3, 3, 3, 3, 3, 3, 3, 3, 3, 3, 3, 3, 3, 3, 3, 3, 3, 3, 3, 3, 3, 3, 3, 3, 3, 3, 3, 3, 3, 3, 3, 3, 3, 3, 3, 3, 3, 3, 3, 3, 3, 3, 3, 3, 3, 3, 3, 3, 3, 3, 3, 3, 3, 3, 3, 3, 3, 3, 3, 3, 3, 3, 3, 3, 3, 3, 3, 3, 3, 3, 3, 3, 3, 3, 3, 3, 3, 3, 3, 3, 3, 3, 3, 3, 3, 3, 3, 3, 3, 3, 3, 3, 3, 3, 3, 3, 3, 3, 3, 3, 3, 3, 3, 3, 3, 3, 3, 3, 3, 3, 3, 3, 3, 3, 3, 3, 3, 3, 3, 3, 3, 3, 3, 3, 3, 3, 3, 3, 3, 3, 3, 3, 3, 3, 3, 3, 3, 3, 3, 3, 3, 3, 3, 3, 3, 3, 3, 3, 3, 3, 3, 3, 3, 3, 3, 3, 3, 3, 3, 3, 3, 3, 3, 3, 3, 3, 3, 3, 3, 3, 3, 3, 3, 3, 3, 3, 3, 3, 3, 3, 3, 3, 3, 3, 3, 3, 3, 3, 3, 3, 3, 3, 3, 3, 3, 3, 3, 3, 3, 3, 3, 3, 3, 3, 3, 3, 3, 3, 3, 3, 3, 3, 3, 3, 3, 3, 3, 3, 3, 3, 3, 3, 3, 3, 3, 3, 3, 3, 3, 3, 3, 3, 3, 3, 3, 3, 3, 3, 3, 3, 3, 3, 3, 3, 3, 3, 3, 3, 3, 3, 3, 3, 3, 3, 3, 3, 3, 3, 3, 3, 3, 3, 3, 3, 3, 3, 3, 3, 3, 3, 3, 3, 3, 3, 3, 3, 3, 3, 3, 3, 3, 3, 3, 3, 3, 3, 3, 3, 3, 3, 3, 3, 3, 3, 3, 3, 3, 3, 3, 3, 3, 3, 3, 3, 3, 3, 3, 3, 3, 3, 3, 3, 3, 3, 3, 3, 3, 3, 3, 3, 3, 3, 3, 3, 3, 3, 3, 3, 3, 3, 3, 3, 3, 3, 3, 3, 3, 3, 3, 3, 3, 3, 3, 3, 3, 3, 3, 3, 3, 3, 3, 3, 3, 3, 3, 3, 3, 3, 3, 3, 3, 3, 3, 3, 3, 3, 3, 3, 3, 3, 3, 3, 3, 3, 3, 3, 3, 3, 3, 3, 3, 3, 3, 3, 3, 3, 3, 3, 3, 3, 3, 3, 3, 3, 3, 3, 3, 3, 3, 3, 3, 3, 3, 3, 3, 3, 3, 3, 3, 3, 3, 3, 3, 3, 3, 3, 3, 3, 3, 3, 3, 3, 3, 3, 3, 3, 3, 3, 3, 3, 3, 3, 3, 3, 3, 3, 3, 3, 3, 3, 3, 3, 3, 3, 3, 3, 3, 3, 3, 3, 3, 3, 3, 3, 3, 3, 3, 3, 3, 3, 3, 3, 3, 3, 3, 3, 3, 3, 3, 3, 3, 3, 3, 3, 3, 3, 3, 3, 3, 3, 3, 3, 3, 3, 3, 3, 3, 3, 3, 3, 3, 3, 3, 3, 3, 3, 3, 3, 3, 3, 3, 3, 3, 3, 3, 3, 3, 3, 3, 3, 3, 3, 3, 3, 3, 3, 3, 3, 3, 3, 3, 3, 3, 3, 3, 3, 3, 3, 3, 3, 3, 3, 3, 3, 3, 3, 3, 3, 3, 3, 3, 3, 3, 3, 3, 3, 3, 3, 3, 3, 3, 3, 3, 3, 3, 3, 3, 3, 3, 3, 3, 3, 3, 3, 3, 3, 3, 3, 3, 3, 3, 3, 3, 3, 3, 3, 3, 3, 3, 3, 3, 3, 3, 3, 3, 3, 3, 3, 3, 3, 3, 3, 3, 3, 3, 3, 3, 3, 3, 3, 3, 3, 3, 3, 3, 3, 3, 3, 3, 3, 3, 3, 3, 3, 3, 3, 3, 3, 3, 3, 3, 3, 3, 3, 3, 3, 3, 3, 3, 3, 3, 3, 3, 3, 3, 3, 3, 3, 3, 3, 3, 3, 3, 3, 3, 3, 3, 3, 3, 3, 3, 3, 3, 3, 3, 3, 3, 3, 3, 3, 3, 3, 3, 3, 3, 3, 3, 3, 3, 3, 3, 3, 3, 3, 3, 3, 3, 3, 3, 3, 3, 3, 3, 3, 3, 3, 3, 3, 3, 3, 3, 3, 3, 3, 3, 3, 3, 3, 3, 3, 3, 3, 3, 3, 3, 3, 3, 3, 3, 3, 3, 3, 3, 3, 3, 3, 3, 3, 3, 3, 3, 3, 3, 3, 3, 3, 3, 3, 3, 3, 3, 3, 3, 3, 3, 3, 3, 3, 3, 3, 3, 3, 3, 3, 3, 3, 3, 3, 3, 3, 3, 3, 3, 3, 3, 3, 3, 3, 3, 3, 3, 3, 3, 3, 3, 3, 3, 3, 3, 3, 3, 3, 3, 3, 3, 3, 3, 3, 3, 3, 3, 3, 3, 3, 3, 3, 3, 3, 3, 3, 3, 3, 3, 3, 3, 3, 3, 3, 3, 3, 3, 3, 3, 3, 3, 3, 3, 3, 3, 3, 3, 3, 3, 3, 3, 3, 3, 3, 3, 3, 3, 3, 3, 3, 3, 3, 3, 3, 3, 3, 3, 3, 3, 3, 3, 3, 3, 3, 3, 3, 3, 3, 3, 3, 3, 3, 3, 3, 3, 3, 3, 3, 3, 3, 3, 3, 3, 3, 3, 3, 3, 3, 3, 3, 3, 3, 3, 3, 3, 3, 3, 3, 3, 3, 3, 3, 3, 3, 3, 3, 3, 3, 3, 3, 3, 3, 3, 3, 3, 3, 3, 3, 3, 3, 3, 3, 3, 3, 3, 3, 3, 3, 3, 3, 3, 3, 3, 3, 3, 3, 3, 3, 3, 3, 3, 3, 3, 3, 3, 3, 3, 3, 3, 3, 3, 3, 3, 3, 3, 3, 3, 3, 3, 3, 3, 3, 3, 3, 3, 3, 3, 3, 3, 3, 3, 3, 3, 3, 3, 3, 3, 3, 3, 3, 3, 3, 3, 3, 3, 3, 3, 3, 3, 3, 3, 3, 3, 3, 3, 3, 3, 3, 3, 3, 3, 3, 3, 3, 3, 3, 3, 3, 3, 3, 3, 3, 3, 3, 3, 3, 3, 3, 3, 3, 3, 3, 3, 3, 3, 3, 3, 3, 3, 3, 3, 3, 3, 3, 3, 3, 3, 3, 3, 3, 3, 3, 3, 3, 3, 3, 3, 3, 3, 3, 3, 3, 3, 3, 3, 3, 3, 3, 3, 3, 3, 3, 3, 3, 3, 3, 3, 3, 3, 3, 3, 3, 3, 3, 3, 3, 3, 3, 3, 3, 3, 3, 3, 3, 3, 3, 3, 3, 3, 3, 3, 3, 3, 3, 3, 3, 3, 3, 3, 3, 3, 3, 3, 3, 3, 3, 3, 3, 3, 3, 3, 3, 3, 3, 3, 3, 3, 3, 3, 3, 3, 3, 3, 3, 3, 3, 3, 3, 3, 3, 3, 3, 3, 3, 3, 3, 3, 3, 3, 3, 3, 3, 3, 3, 3, 3, 3, 3, 3, 3, 3, 3, 3, 3, 3, 3, 3, 3, 3, 3, 3, 3, 3, 3, 3, 3, 3, 3, 3, 3, 3, 3, 3, 3, 3, 3, 3, 3, 3, 3, 3, 3, 3, 3, 3, 3, 3, 3, 3, 3, 3, 3, 3, 3, 3, 3, 3, 3, 3, 3, 3, 3, 3, 3, 3, 3, 3, 3, 3, 3, 3, 3, 3, 3, 3, 3, 3, 3, 3, 3, 3, 3, 3, 3, 3, 3, 3, 3, 3, 3, 3, 3, 3, 3, 3, 3, 3, 3, 3, 3, 3, 3, 3, 3, 3, 3, 3, 3, 3, 3, 3, 3, 3, 3, 3, 3, 3, 3, 3, 3, 3, 3, 3, 3, 3, 3, 3, 3, 3, 3, 3, 3, 3, 3, 3, 3, 3, 3, 3, 3, 3, 3, 3, 3, 3, 3, 3, 3, 3, 3, 3, 3, 3, 3, 3, 3, 3, 3, 3, 3, 3, 3, 3, 3, 3, 3, 3, 3, 3, 3, 3, 3, 3, 3, 3, 3, 3, 3, 3, 3, 3, 3, 3, 3, 3, 3, 3, 3, 3, 3, 3, 3, 3, 3, 3, 3, 3, 3, 3, 3, 3, 3, 3, 3, 3, 3, 3, 3, 3, 3, 3, 3, 3, 3, 3, 3, 3, 3, 3, 3, 3, 3, 3, 3, 3, 3, 3, 3, 3, 3, 3, 3, 3, 3, 3, 3, 3, 3, 3, 3, 3, 3, 3, 3, 3, 3, 3, 3, 3, 3, 3, 3, 3, 3, 3, 3, 3, 3, 3, 3, 3, 3, 3, 3, 3, 3, 3, 3, 3, 3, 3, 3, 3, 3, 3, 3, 3, 3, 3, 3, 3, 3, 3, 3, 3, 3, 3, 3, 3, 3, 3, 3, 3, 3, 3, 3, 3, 3, 3, 3, 3, 3, 3, 3, 3, 3, 3, 3, 3, 3, 3, 3, 3, 3, 3, 3, 3, 3, 3, 3, 3, 3, 3, 3, 3, 3, 3, 3, 3, 3, 3, 3, 3, 3, 3, 3, 3, 3, 3, 3, 3, 3, 3, 3, 3, 3, 3, 3, 3, 3, 3, 3, 3, 3, 3, 3, 3, 3, 3, 3, 3, 3, 3, 3, 3, 3, 3, 3, 3, 3, 3, 3, 3, 3, 3, 3, 3, 3, 3, 3, 3, 3, 3, 3, 3, 3, 3, 3, 3, 3, 3, 3, 3, 3, 3, 3, 3, 3, 3, 3, 3, 3, 3, 3, 3, 3, 3, 3, 3, 3, 3, 3, 3, 3, 3, 3, 3, 3, 3, 3, 3, 3, 3, 3, 3, 3, 3, 3, 3, 3, 3, 3, 3, 3, 3, 3, 3, 3, 3, 3, 3, 3, 3, 3, 3, 3, 3, 3, 3, 3, 3, 3, 3, 3, 3, 3, 3, 3, 3, 3, 3, 3, 3, 3, 3, 3, 3, 3, 3, 3, 3, 3, 3, 3, 3, 3, 3, 3, 3, 3, 3, 3, 3, 3, 3, 3, 3, 3, 3, 3, 3, 3, 3, 3, 3, 3, 3, 3, 3, 3, 3, 3, 3, 3, 3, 3, 3, 3, 3, 3, 3, 3, 3, 3, 3, 3, 3, 3, 3, 3, 3, 3, 3, 3, 3, 3, 3, 3, 3, 3, 3, 3, 3, 3, 3, 3, 3, 3, 3, 3, 3, 3, 3, 3, 3, 3, 3, 3, 3, 3, 3, 3, 3, 3, 3, 3, 3, 3, 3, 3, 3, 3, 3, 3, 3, 3, 3, 3, 3, 3, 3, 3, 3, 3, 3, 3, 3, 3, 3, 3, 3, 3, 3, 3, 3, 3, 3, 3, 3, 3, 3, 3, 3, 3, 3, 3, 3, 3, 3, 3, 3, 3, 3, 3, 3, 3, 3, 3, 3, 3, 3, 3, 3, 3, 3, 3, 3, 3, 3, 3, 3, 3, 3, 3, 3, 3, 3, 3, 3, 3, 3, 3, 3, 3, 3, 3, 3, 3, 3, 3, 3, 3, 3, 3, 3, 3, 3, 3, 3, 3, 3, 3, 3, 3, 3, 3, 3, 3, 3, 3, 3, 3, 3, 3, 3, 3, 3, 3, 3, 3, 3, 3, 3, 3, 3, 3, 3, 3, 3, 3, 3, 3, 3, 3, 3, 3, 3, 3, 3, 3, 3, 3, 3, 3, 3, 3, 3, 3, 3, 3, 3, 3, 3, 3, 3, 3]
            int[] faceVertexIndices = [0, 1, 2, 3, 2, 1, 2, 3, 4, 5, 4, 3, 4, 5, 6, 7, 6, 5, 6, 7, 8, 9, 8, 7, 8, 9, 10, 11, 10, 9, 10, 11, 0, 1, 0, 11, 12, 0, 13, 2, 13, 0, 13, 2, 14, 4, 14, 2, 14, 4, 15, 6, 15, 4, 15, 6, 16, 8, 16, 6, 16, 8, 17, 10, 17, 8, 17, 10, 12, 0, 12, 10, 18, 12, 19, 13, 19, 12, 19, 13, 20, 14, 20, 13, 20, 14, 21, 15, 21, 14, 21, 15, 22, 16, 22, 15, 22, 16, 23, 17, 23, 16, 23, 17, 18, 12, 18, 17, 24, 18, 25, 19, 25, 18, 25, 19, 26, 20, 26, 19, 26, 20, 27, 21, 27, 20, 27, 21, 28, 22, 28, 21, 28, 22, 29, 23, 29, 22, 29, 23, 24, 18, 24, 23, 30, 24, 31, 25, 31, 24, 31, 25, 32, 26, 32, 25, 32, 26, 33, 27, 33, 26, 33, 27, 34, 28, 34, 27, 34, 28, 35, 29, 35, 28, 35, 29, 30, 24, 30, 29, 36, 30, 37, 31, 37, 30, 37, 31, 38, 32, 38, 31, 38, 32, 39, 33, 39, 32, 39, 33, 40, 34, 40, 33, 40, 34, 41, 35, 41, 34, 41, 35, 36, 30, 36, 35, 42, 36, 43, 37, 43, 36, 43, 37, 44, 38, 44, 37, 44, 38, 45, 39, 45, 38, 45, 39, 46, 40, 46, 39, 46, 40, 47, 41, 47, 40, 47, 41, 42, 36, 42, 41, 48, 42, 49, 43, 49, 42, 49, 43, 50, 44, 50, 43, 50, 44, 51, 45, 51, 44, 51, 45, 52, 46, 52, 45, 52, 46, 53, 47, 53, 46, 53, 47, 48, 42, 48, 47, 54, 48, 55, 49, 55, 48, 55, 49, 56, 50, 56, 49, 56, 50, 57, 51, 57, 50, 57, 51, 58, 52, 58, 51, 58, 52, 59, 53, 59, 52, 59, 53, 54, 48, 54, 53, 60, 54, 61, 55, 61, 54, 61, 55, 62, 56, 62, 55, 62, 56, 63, 57, 63, 56, 63, 57, 64, 58, 64, 57, 64, 58, 65, 59, 65, 58, 65, 59, 60, 54, 60, 59, 66, 60, 67, 61, 67, 60, 67, 61, 68, 62, 68, 61, 68, 62, 69, 63, 69, 62, 69, 63, 70, 64, 70, 63, 70, 64, 71, 65, 71, 64, 71, 65, 66, 60, 66, 65, 72, 73, 74, 75, 74, 73, 74, 75, 76, 77, 76, 75, 76, 77, 78, 79, 78, 77, 78, 79, 80, 81, 80, 79, 80, 81, 82, 83, 82, 81, 82, 83, 84, 85, 84, 83, 84, 85, 86, 87, 86, 85, 86, 87, 72, 73, 72, 87, 88, 72, 89, 74, 89, 72, 89, 74, 90, 76, 90, 74, 90, 76, 91, 78, 91, 76, 91, 78, 92, 80, 92, 78, 92, 80, 93, 82, 93, 80, 93, 82, 94, 84, 94, 82, 94, 84, 95, 86, 95, 84, 95, 86, 88, 72, 88, 86, 96, 88, 97, 89, 97, 88, 97, 89, 98, 90, 98, 89, 98, 90, 99, 91, 99, 90, 99, 91, 100, 92, 100, 91, 100, 92, 101, 93, 101, 92, 101, 93, 102, 94, 102, 93, 102, 94, 103, 95, 103, 94, 103, 95, 96, 88, 96, 95, 104, 96, 105, 97, 105, 96, 105, 97, 106, 98, 106, 97, 106, 98, 107, 99, 107, 98, 107, 99, 108, 100, 108, 99, 108, 100, 109, 101, 109, 100, 109, 101, 110, 102, 110, 101, 110, 102, 111, 103, 111, 102, 111, 103, 104, 96, 104, 103, 112, 104, 113, 105, 113, 104, 113, 105, 114, 106, 114, 105, 114, 106, 115, 107, 115, 106, 115, 107, 116, 108, 116, 107, 116, 108, 117, 109, 117, 108, 117, 109, 118, 110, 118, 109, 118, 110, 119, 111, 119, 110, 119, 111, 112, 104, 112, 111, 120, 112, 121, 113, 121, 112, 121, 113, 122, 114, 122, 113, 122, 114, 123, 115, 123, 114, 123, 115, 124, 116, 124, 115, 124, 116, 125, 117, 125, 116, 125, 117, 126, 118, 126, 117, 126, 118, 127, 119, 127, 118, 127, 119, 120, 112, 120, 119, 128, 120, 129, 121, 129, 120, 129, 121, 130, 122, 130, 121, 130, 122, 131, 123, 131, 122, 131, 123, 132, 124, 132, 123, 132, 124, 133, 125, 133, 124, 133, 125, 134, 126, 134, 125, 134, 126, 135, 127, 135, 126, 135, 127, 128, 120, 128, 127, 136, 128, 137, 129, 137, 128, 137, 129, 138, 130, 138, 129, 138, 130, 139, 131, 139, 130, 139, 131, 140, 132, 140, 131, 140, 132, 141, 133, 141, 132, 141, 133, 142, 134, 142, 133, 142, 134, 143, 135, 143, 134, 143, 135, 136, 128, 136, 135, 144, 136, 145, 137, 145, 136, 145, 137, 146, 138, 146, 137, 146, 138, 147, 139, 147, 138, 147, 139, 148, 140, 148, 139, 148, 140, 149, 141, 149, 140, 149, 141, 150, 142, 150, 141, 150, 142, 151, 143, 151, 142, 151, 143, 144, 136, 144, 143, 152, 144, 153, 145, 153, 144, 153, 145, 154, 146, 154, 145, 154, 146, 155, 147, 155, 146, 155, 147, 156, 148, 156, 147, 156, 148, 157, 149, 157, 148, 157, 149, 158, 150, 158, 149, 158, 150, 159, 151, 159, 150, 159, 151, 152, 144, 152, 151, 160, 152, 161, 153, 161, 152, 161, 153, 162, 154, 162, 153, 162, 154, 163, 155, 163, 154, 163, 155, 164, 156, 164, 155, 164, 156, 165, 157, 165, 156, 165, 157, 166, 158, 166, 157, 166, 158, 167, 159, 167, 158, 167, 159, 160, 152, 160, 159, 168, 160, 169, 161, 169, 160, 169, 161, 170, 162, 170, 161, 170, 162, 171, 163, 171, 162, 171, 163, 172, 164, 172, 163, 172, 164, 173, 165, 173, 164, 173, 165, 174, 166, 174, 165, 174, 166, 175, 167, 175, 166, 175, 167, 168, 160, 168, 167, 176, 168, 177, 169, 177, 168, 177, 169, 178, 170, 178, 169, 178, 170, 179, 171, 179, 170, 179, 171, 180, 172, 180, 171, 180, 172, 181, 173, 181, 172, 181, 173, 182, 174, 182, 173, 182, 174, 183, 175, 183, 174, 183, 175, 176, 168, 176, 175, 184, 176, 185, 177, 185, 176, 185, 177, 186, 178, 186, 177, 186, 178, 187, 179, 187, 178, 187, 179, 188, 180, 188, 179, 188, 180, 189, 181, 189, 180, 189, 181, 190, 182, 190, 181, 190, 182, 191, 183, 191, 182, 191, 183, 184, 176, 184, 183, 192, 184, 193, 185, 193, 184, 193, 185, 194, 186, 194, 185, 194, 186, 195, 187, 195, 186, 195, 187, 196, 188, 196, 187, 196, 188, 197, 189, 197, 188, 197, 189, 198, 190, 198, 189, 198, 190, 199, 191, 199, 190, 199, 191, 192, 184, 192, 191, 200, 192, 201, 193, 201, 192, 201, 193, 202, 194, 202, 193, 202, 194, 203, 195, 203, 194, 203, 195, 204, 196, 204, 195, 204, 196, 205, 197, 205, 196, 205, 197, 206, 198, 206, 197, 206, 198, 207, 199, 207, 198, 207, 199, 200, 192, 200, 199, 208, 200, 209, 201, 209, 200, 209, 201, 210, 202, 210, 201, 210, 202, 211, 203, 211, 202, 211, 203, 212, 204, 212, 203, 212, 204, 213, 205, 213, 204, 213, 205, 214, 206, 214, 205, 214, 206, 215, 207, 215, 206, 215, 207, 208, 200, 208, 207, 216, 208, 217, 209, 217, 208, 217, 209, 218, 210, 218, 209, 218, 210, 219, 211, 219, 210, 219, 211, 220, 212, 220, 211, 220, 212, 221, 213, 221, 212, 221, 213, 222, 214, 222, 213, 222, 214, 223, 215, 223, 214, 223, 215, 216, 208, 216, 215, 224, 216, 225, 217, 225, 216, 225, 217, 226, 218, 226, 217, 226, 218, 227, 219, 227, 218, 227, 219, 228, 220, 228, 219, 228, 220, 229, 221, 229, 220, 229, 221, 230, 222, 230, 221, 230, 222, 231, 223, 231, 222, 231, 223, 224, 216, 224, 223, 232, 224, 233, 225, 233, 224, 233, 225, 234, 226, 234, 225, 234, 226, 235, 227, 235, 226, 235, 227, 236, 228, 236, 227, 236, 228, 237, 229, 237, 228, 237, 229, 238, 230, 238, 229, 238, 230, 239, 231, 239, 230, 239, 231, 232, 224, 232, 231, 240, 232, 241, 233, 241, 232, 241, 233, 242, 234, 242, 233, 242, 234, 243, 235, 243, 234, 243, 235, 244, 236, 244, 235, 244, 236, 245, 237, 245, 236, 245, 237, 246, 238, 246, 237, 246, 238, 247, 239, 247, 238, 247, 239, 240, 232, 240, 239, 248, 249, 250, 251, 250, 249, 250, 251, 252, 253, 252, 251, 252, 253, 248, 249, 248, 253, 254, 248, 255, 250, 255, 248, 255, 250, 256, 252, 256, 250, 256, 252, 254, 248, 254, 252, 257, 254, 258, 255, 258, 254, 258, 255, 259, 256, 259, 255, 259, 256, 257, 254, 257, 256, 260, 257, 261, 258, 261, 257, 261, 258, 262, 259, 262, 258, 262, 259, 260, 257, 260, 259, 263, 260, 264, 261, 264, 260, 264, 261, 265, 262, 265, 261, 265, 262, 263, 260, 263, 262, 266, 263, 267, 264, 267, 263, 267, 264, 268, 265, 268, 264, 268, 265, 266, 263, 266, 265, 269, 266, 270, 267, 270, 266, 270, 267, 271, 268, 271, 267, 271, 268, 269, 266, 269, 268, 272, 269, 273, 270, 273, 269, 273, 270, 274, 271, 274, 270, 274, 271, 272, 269, 272, 271, 275, 272, 276, 273, 276, 272, 276, 273, 277, 274, 277, 273, 277, 274, 275, 272, 275, 274, 278, 275, 279, 276, 279, 275, 279, 276, 280, 277, 280, 276, 280, 277, 278, 275, 278, 277, 281, 278, 282, 279, 282, 278, 282, 279, 283, 280, 283, 279, 283, 280, 281, 278, 281, 280, 284, 281, 285, 282, 285, 281, 285, 282, 286, 283, 286, 282, 286, 283, 284, 281, 284, 283, 287, 284, 288, 285, 288, 284, 288, 285, 289, 286, 289, 285, 289, 286, 287, 284, 287, 286, 290, 287, 291, 288, 291, 287, 291, 288, 292, 289, 292, 288, 292, 289, 290, 287, 290, 289, 293, 290, 294, 291, 294, 290, 294, 291, 295, 292, 295, 291, 295, 292, 293, 290, 293, 292, 296, 293, 297, 294, 297, 293, 297, 294, 298, 295, 298, 294, 298, 295, 296, 293, 296, 295, 299, 296, 300, 297, 300, 296, 300, 297, 301, 298, 301, 297, 301, 298, 299, 296, 299, 298, 302, 299, 303, 300, 303, 299, 303, 300, 304, 301, 304, 300, 304, 301, 302, 299, 302, 301, 305, 302, 306, 303, 306, 302, 306, 303, 307, 304, 307, 303, 307, 304, 305, 302, 305, 304, 308, 305, 309, 306, 309, 305, 309, 306, 310, 307, 310, 306, 310, 307, 308, 305, 308, 307, 311, 312, 313, 314, 313, 312, 313, 314, 315, 316, 315, 314, 315, 316, 311, 312, 311, 316, 317, 311, 318, 313, 318, 311, 318, 313, 319, 315, 319, 313, 319, 315, 317, 311, 317, 315, 320, 317, 321, 318, 321, 317, 321, 318, 322, 319, 322, 318, 322, 319, 320, 317, 320, 319, 323, 320, 324, 321, 324, 320, 324, 321, 325, 322, 325, 321, 325, 322, 323, 320, 323, 322, 326, 323, 327, 324, 327, 323, 327, 324, 328, 325, 328, 324, 328, 325, 326, 323, 326, 325, 329, 326, 330, 327, 330, 326, 330, 327, 331, 328, 331, 327, 331, 328, 329, 326, 329, 328, 332, 329, 333, 330, 333, 329, 333, 330, 334, 331, 334, 330, 334, 331, 332, 329, 332, 331, 335, 332, 336, 333, 336, 332, 336, 333, 337, 334, 337, 333, 337, 334, 335, 332, 335, 334, 338, 335, 339, 336, 339, 335, 339, 336, 340, 337, 340, 336, 340, 337, 338, 335, 338, 337, 341, 338, 342, 339, 342, 338, 342, 339, 343, 340, 343, 339, 343, 340, 341, 338, 341, 340, 344, 341, 345, 342, 345, 341, 345, 342, 346, 343, 346, 342, 346, 343, 344, 341, 344, 343, 347, 344, 348, 345, 348, 344, 348, 345, 349, 346, 349, 345, 349, 346, 347, 344, 347, 346, 350, 347, 351, 348, 351, 347, 351, 348, 352, 349, 352, 348, 352, 349, 350, 347, 350, 349, 353, 350, 354, 351, 354, 350, 354, 351, 355, 352, 355, 351, 355, 352, 353, 350, 353, 352, 356, 353, 357, 354, 357, 353, 357, 354, 358, 355, 358, 354, 358, 355, 356, 353, 356, 355, 359, 356, 360, 357, 360, 356, 360, 357, 361, 358, 361, 357, 361, 358, 359, 356, 359, 358, 362, 359, 363, 360, 363, 359, 363, 360, 364, 361, 364, 360, 364, 361, 362, 359, 362, 361, 365, 362, 366, 363, 366, 362, 366, 363, 367, 364, 367, 363, 367, 364, 365, 362, 365, 364, 368, 365, 369, 366, 369, 365, 369, 366, 370, 367, 370, 366, 370, 367, 368, 365, 368, 367, 371, 368, 372, 369, 372, 368, 372, 369, 373, 370, 373, 369, 373, 370, 371, 368, 371, 370, 374, 371, 375, 372, 375, 371, 375, 372, 376, 373, 376, 372, 376, 373, 374, 371, 374, 373, 377, 374, 378, 375, 378, 374, 378, 375, 379, 376, 379, 375, 379, 376, 377, 374, 377, 376, 380, 377, 381, 378, 381, 377, 381, 378, 382, 379, 382, 378, 382, 379, 380, 377, 380, 379, 383, 380, 384, 381, 384, 380, 384, 381, 385, 382, 385, 381, 385, 382, 383, 380, 383, 382, 386, 383, 387, 384, 387, 383, 387, 384, 388, 385, 388, 384, 388, 385, 386, 383, 386, 385, 389, 386, 390, 387, 390, 386, 390, 387, 391, 388, 391, 387, 391, 388, 389, 386, 389, 388, 392, 389, 393, 390, 393, 389, 393, 390, 394, 391, 394, 390, 394, 391, 392, 389, 392, 391, 395, 396, 397, 398, 397, 396, 397, 398, 399, 400, 399, 398, 399, 400, 401, 402, 401, 400, 401, 402, 403, 404, 403, 402, 403, 404, 405, 406, 405, 404, 405, 406, 407, 408, 407, 406, 407, 408, 409, 410, 409, 408, 409, 410, 395, 396, 395, 410, 411, 395, 412, 397, 412, 395, 412, 397, 413, 399, 413, 397, 413, 399, 414, 401, 414, 399, 414, 401, 415, 403, 415, 401, 415, 403, 416, 405, 416, 403, 416, 405, 417, 407, 417, 405, 417, 407, 418, 409, 418, 407, 418, 409, 411, 395, 411, 409, 419, 411, 420, 412, 420, 411, 420, 412, 421, 413, 421, 412, 421, 413, 422, 414, 422, 413, 422, 414, 423, 415, 423, 414, 423, 415, 424, 416, 424, 415, 424, 416, 425, 417, 425, 416, 425, 417, 426, 418, 426, 417, 426, 418, 419, 411, 419, 418, 427, 419, 428, 420, 428, 419, 428, 420, 429, 421, 429, 420, 429, 421, 430, 422, 430, 421, 430, 422, 431, 423, 431, 422, 431, 423, 432, 424, 432, 423, 432, 424, 433, 425, 433, 424, 433, 425, 434, 426, 434, 425, 434, 426, 427, 419, 427, 426, 435, 427, 436, 428, 436, 427, 436, 428, 437, 429, 437, 428, 437, 429, 438, 430, 438, 429, 438, 430, 439, 431, 439, 430, 439, 431, 440, 432, 440, 431, 440, 432, 441, 433, 441, 432, 441, 433, 442, 434, 442, 433, 442, 434, 435, 427, 435, 434, 443, 435, 444, 436, 444, 435, 444, 436, 445, 437, 445, 436, 445, 437, 446, 438, 446, 437, 446, 438, 447, 439, 447, 438, 447, 439, 448, 440, 448, 439, 448, 440, 449, 441, 449, 440, 449, 441, 450, 442, 450, 441, 450, 442, 443, 435, 443, 442, 451, 443, 452, 444, 452, 443, 452, 444, 453, 445, 453, 444, 453, 445, 454, 446, 454, 445, 454, 446, 455, 447, 455, 446, 455, 447, 456, 448, 456, 447, 456, 448, 457, 449, 457, 448, 457, 449, 458, 450, 458, 449, 458, 450, 451, 443, 451, 450, 459, 451, 460, 452, 460, 451, 460, 452, 461, 453, 461, 452, 461, 453, 462, 454, 462, 453, 462, 454, 463, 455, 463, 454, 463, 455, 464, 456, 464, 455, 464, 456, 465, 457, 465, 456, 465, 457, 466, 458, 466, 457, 466, 458, 459, 451, 459, 458, 467, 459, 468, 460, 468, 459, 468, 460, 469, 461, 469, 460, 469, 461, 470, 462, 470, 461, 470, 462, 471, 463, 471, 462, 471, 463, 472, 464, 472, 463, 472, 464, 473, 465, 473, 464, 473, 465, 474, 466, 474, 465, 474, 466, 467, 459, 467, 466, 475, 467, 476, 468, 476, 467, 476, 468, 477, 469, 477, 468, 477, 469, 478, 470, 478, 469, 478, 470, 479, 471, 479, 470, 479, 471, 480, 472, 480, 471, 480, 472, 481, 473, 481, 472, 481, 473, 482, 474, 482, 473, 482, 474, 475, 467, 475, 474, 483, 475, 484, 476, 484, 475, 484, 476, 485, 477, 485, 476, 485, 477, 486, 478, 486, 477, 486, 478, 487, 479, 487, 478, 487, 479, 488, 480, 488, 479, 488, 480, 489, 481, 489, 480, 489, 481, 490, 482, 490, 481, 490, 482, 483, 475, 483, 482, 491, 483, 492, 484, 492, 483, 492, 484, 493, 485, 493, 484, 493, 485, 494, 486, 494, 485, 494, 486, 495, 487, 495, 486, 495, 487, 496, 488, 496, 487, 496, 488, 497, 489, 497, 488, 497, 489, 498, 490, 498, 489, 498, 490, 491, 483, 491, 490, 499, 491, 500, 492, 500, 491, 500, 492, 501, 493, 501, 492, 501, 493, 502, 494, 502, 493, 502, 494, 503, 495, 503, 494, 503, 495, 504, 496, 504, 495, 504, 496, 505, 497, 505, 496, 505, 497, 506, 498, 506, 497, 506, 498, 499, 491, 499, 498, 507, 499, 508, 500, 508, 499, 508, 500, 509, 501, 509, 500, 509, 501, 510, 502, 510, 501, 510, 502, 511, 503, 511, 502, 511, 503, 512, 504, 512, 503, 512, 504, 513, 505, 513, 504, 513, 505, 514, 506, 514, 505, 514, 506, 507, 499, 507, 506, 515, 507, 516, 508, 516, 507, 516, 508, 517, 509, 517, 508, 517, 509, 518, 510, 518, 509, 518, 510, 519, 511, 519, 510, 519, 511, 520, 512, 520, 511, 520, 512, 521, 513, 521, 512, 521, 513, 522, 514, 522, 513, 522, 514, 515, 507, 515, 514, 523, 515, 524, 516, 524, 515, 524, 516, 525, 517, 525, 516, 525, 517, 526, 518, 526, 517, 526, 518, 527, 519, 527, 518, 527, 519, 528, 520, 528, 519, 528, 520, 529, 521, 529, 520, 529, 521, 530, 522, 530, 521, 530, 522, 523, 515, 523, 522, 531, 523, 532, 524, 532, 523, 532, 524, 533, 525, 533, 524, 533, 525, 534, 526, 534, 525, 534, 526, 535, 527, 535, 526, 535, 527, 536, 528, 536, 527, 536, 528, 537, 529, 537, 528, 537, 529, 538, 530, 538, 529, 538, 530, 531, 523, 531, 530, 539, 531, 540, 532, 540, 531, 540, 532, 541, 533, 541, 532, 541, 533, 542, 534, 542, 533, 542, 534, 543, 535, 543, 534, 543, 535, 544, 536, 544, 535, 544, 536, 545, 537, 545, 536, 545, 537, 546, 538, 546, 537, 546, 538, 539, 531, 539, 538, 547, 539, 548, 540, 548, 539, 548, 540, 549, 541, 549, 540, 549, 541, 550, 542, 550, 541, 550, 542, 551, 543, 551, 542, 551, 543, 552, 544, 552, 543, 552, 544, 553, 545, 553, 544, 553, 545, 554, 546, 554, 545, 554, 546, 547, 539, 547, 546, 555, 547, 556, 548, 556, 547, 556, 548, 557, 549, 557, 548, 557, 549, 558, 550, 558, 549, 558, 550, 559, 551, 559, 550, 559, 551, 560, 552, 560, 551, 560, 552, 561, 553, 561, 552, 561, 553, 562, 554, 562, 553, 562, 554, 555, 547, 555, 554, 563, 555, 564, 556, 564, 555, 564, 556, 565, 557, 565, 556, 565, 557, 566, 558, 566, 557, 566, 558, 567, 559, 567, 558, 567, 559, 568, 560, 568, 559, 568, 560, 569, 561, 569, 560, 569, 561, 570, 562, 570, 561, 570, 562, 563, 555, 563, 562, 571, 563, 572, 564, 572, 563, 572, 564, 573, 565, 573, 564, 573, 565, 574, 566, 574, 565, 574, 566, 575, 567, 575, 566, 575, 567, 576, 568, 576, 567, 576, 568, 577, 569, 577, 568, 577, 569, 578, 570, 578, 569, 578, 570, 571, 563, 571, 570, 579, 571, 580, 572, 580, 571, 580, 572, 581, 573, 581, 572, 581, 573, 582, 574, 582, 573, 582, 574, 583, 575, 583, 574, 583, 575, 584, 576, 584, 575, 584, 576, 585, 577, 585, 576, 585, 577, 586, 578, 586, 577, 586, 578, 579, 571, 579, 578, 587, 579, 588, 580, 588, 579, 588, 580, 589, 581, 589, 580, 589, 581, 590, 582, 590, 581, 590, 582, 591, 583, 591, 582, 591, 583, 592, 584, 592, 583, 592, 584, 593, 585, 593, 584, 593, 585, 594, 586, 594, 585, 594, 586, 587, 579, 587, 586, 595, 587, 596, 588, 596, 587, 596, 588, 597, 589, 597, 588, 597, 589, 598, 590, 598, 589, 598, 590, 599, 591, 599, 590, 599, 591, 600, 592, 600, 591, 600, 592, 601, 593, 601, 592, 601, 593, 602, 594, 602, 593, 602, 594, 595, 587, 595, 594, 603, 595, 604, 596, 604, 595, 604, 596, 605, 597, 605, 596, 605, 597, 606, 598, 606, 597, 606, 598, 607, 599, 607, 598, 607, 599, 608, 600, 608, 599, 608, 600, 609, 601, 609, 600, 609, 601, 610, 602, 610, 601, 610, 602, 603, 595, 603, 602, 611, 612, 613, 614, 613, 612, 613, 614, 615, 616, 615, 614, 615, 616, 611, 612, 611, 616, 617, 611, 618, 613, 618, 611, 618, 613, 619, 615, 619, 613, 619, 615, 617, 611, 617, 615, 620, 617, 621, 618, 621, 617, 621, 618, 622, 619, 622, 618, 622, 619, 620, 617, 620, 619, 623, 620, 624, 621, 624, 620, 624, 621, 625, 622, 625, 621, 625, 622, 623, 620, 623, 622, 626, 623, 627, 624, 627, 623, 627, 624, 628, 625, 628, 624, 628, 625, 626, 623, 626, 625, 629, 626, 630, 627, 630, 626, 630, 627, 631, 628, 631, 627, 631, 628, 629, 626, 629, 628, 632, 629, 633, 630, 633, 629, 633, 630, 634, 631, 634, 630, 634, 631, 632, 629, 632, 631, 635, 632, 636, 633, 636, 632, 636, 633, 637, 634, 637, 633, 637, 634, 635, 632, 635, 634, 638, 635, 639, 636, 639, 635, 639, 636, 640, 637, 640, 636, 640, 637, 638, 635, 638, 637, 641, 638, 642, 639, 642, 638, 642, 639, 643, 640, 643, 639, 643, 640, 641, 638, 641, 640, 644, 641, 645, 642, 645, 641, 645, 642, 646, 643, 646, 642, 646, 643, 644, 641, 644, 643, 647, 644, 648, 645, 648, 644, 648, 645, 649, 646, 649, 645, 649, 646, 647, 644, 647, 646, 650, 647, 651, 648, 651, 647, 651, 648, 652, 649, 652, 648, 652, 649, 650, 647, 650, 649, 653, 650, 654, 651, 654, 650, 654, 651, 655, 652, 655, 651, 655, 652, 653, 650, 653, 652, 656, 653, 657, 654, 657, 653, 657, 654, 658, 655, 658, 654, 658, 655, 656, 653, 656, 655, 659, 656, 660, 657, 660, 656, 660, 657, 661, 658, 661, 657, 661, 658, 659, 656, 659, 658, 662, 659, 663, 660, 663, 659, 663, 660, 664, 661, 664, 660, 664, 661, 662, 659, 662, 661, 665, 662, 666, 663, 666, 662, 666, 663, 667, 664, 667, 663, 667, 664, 665, 662, 665, 664, 668, 665, 669, 666, 669, 665, 669, 666, 670, 667, 670, 666, 670, 667, 668, 665, 668, 667, 671, 672, 673, 674, 673, 672, 673, 674, 675, 676, 675, 674, 675, 676, 671, 672, 671, 676, 677, 671, 678, 673, 678, 671, 678, 673, 679, 675, 679, 673, 679, 675, 677, 671, 677, 675, 680, 677, 681, 678, 681, 677, 681, 678, 682, 679, 682, 678, 682, 679, 680, 677, 680, 679, 683, 680, 684, 681, 684, 680, 684, 681, 685, 682, 685, 681, 685, 682, 683, 680, 683, 682, 686, 683, 687, 684, 687, 683, 687, 684, 688, 685, 688, 684, 688, 685, 686, 683, 686, 685, 689, 686, 690, 687, 690, 686, 690, 687, 691, 688, 691, 687, 691, 688, 689, 686, 689, 688, 692, 689, 693, 690, 693, 689, 693, 690, 694, 691, 694, 690, 694, 691, 692, 689, 692, 691, 695, 692, 696, 693, 696, 692, 696, 693, 697, 694, 697, 693, 697, 694, 695, 692, 695, 694, 698, 695, 699, 696, 699, 695, 699, 696, 700, 697, 700, 696, 700, 697, 698, 695, 698, 697, 701, 698, 702, 699, 702, 698, 702, 699, 703, 700, 703, 699, 703, 700, 701, 698, 701, 700, 704, 701, 705, 702, 705, 701, 705, 702, 706, 703, 706, 702, 706, 703, 704, 701, 704, 703, 707, 704, 708, 705, 708, 704, 708, 705, 709, 706, 709, 705, 709, 706, 707, 704, 707, 706, 710, 707, 711, 708, 711, 707, 711, 708, 712, 709, 712, 708, 712, 709, 710, 707, 710, 709, 713, 710, 714, 711, 714, 710, 714, 711, 715, 712, 715, 711, 715, 712, 713, 710, 713, 712, 716, 713, 717, 714, 717, 713, 717, 714, 718, 715, 718, 714, 718, 715, 716, 713, 716, 715, 719, 716, 720, 717, 720, 716, 720, 717, 721, 718, 721, 717, 721, 718, 719, 716, 719, 718, 722, 719, 723, 720, 723, 719, 723, 720, 724, 721, 724, 720, 724, 721, 722, 719, 722, 721, 725, 722, 726, 723, 726, 722, 726, 723, 727, 724, 727, 723, 727, 724, 725, 722, 725, 724, 728, 725, 729, 726, 729, 725, 729, 726, 730, 727, 730, 726, 730, 727, 728, 725, 728, 727, 731, 728, 732, 729, 732, 728, 732, 729, 733, 730, 733, 729, 733, 730, 731, 728, 731, 730, 734, 731, 735, 732, 735, 731, 735, 732, 736, 733, 736, 732, 736, 733, 734, 731, 734, 733, 737, 738, 739, 740, 739, 738, 739, 740, 741, 742, 741, 740, 741, 742, 743, 744, 743, 742, 743, 744, 745, 746, 745, 744, 745, 746, 747, 748, 747, 746, 747, 748, 749, 750, 749, 748, 749, 750, 751, 752, 751, 750, 751, 752, 737, 738, 737, 752, 753, 737, 754, 739, 754, 737, 754, 739, 755, 741, 755, 739, 755, 741, 756, 743, 756, 741, 756, 743, 757, 745, 757, 743, 757, 745, 758, 747, 758, 745, 758, 747, 759, 749, 759, 747, 759, 749, 760, 751, 760, 749, 760, 751, 753, 737, 753, 751, 761, 753, 762, 754, 762, 753, 762, 754, 763, 755, 763, 754, 763, 755, 764, 756, 764, 755, 764, 756, 765, 757, 765, 756, 765, 757, 766, 758, 766, 757, 766, 758, 767, 759, 767, 758, 767, 759, 768, 760, 768, 759, 768, 760, 761, 753, 761, 760, 769, 761, 770, 762, 770, 761, 770, 762, 771, 763, 771, 762, 771, 763, 772, 764, 772, 763, 772, 764, 773, 765, 773, 764, 773, 765, 774, 766, 774, 765, 774, 766, 775, 767, 775, 766, 775, 767, 776, 768, 776, 767, 776, 768, 769, 761, 769, 768, 777, 769, 778, 770, 778, 769, 778, 770, 779, 771, 779, 770, 779, 771, 780, 772, 780, 771, 780, 772, 781, 773, 781, 772, 781, 773, 782, 774, 782, 773, 782, 774, 783, 775, 783, 774, 783, 775, 784, 776, 784, 775, 784, 776, 777, 769, 777, 776, 785, 777, 786, 778, 786, 777, 786, 778, 787, 779, 787, 778, 787, 779, 788, 780, 788, 779, 788, 780, 789, 781, 789, 780, 789, 781, 790, 782, 790, 781, 790, 782, 791, 783, 791, 782, 791, 783, 792, 784, 792, 783, 792, 784, 785, 777, 785, 784, 793, 785, 794, 786, 794, 785, 794, 786, 795, 787, 795, 786, 795, 787, 796, 788, 796, 787, 796, 788, 797, 789, 797, 788, 797, 789, 798, 790, 798, 789, 798, 790, 799, 791, 799, 790, 799, 791, 800, 792, 800, 791, 800, 792, 793, 785, 793, 792, 801, 793, 802, 794, 802, 793, 802, 794, 803, 795, 803, 794, 803, 795, 804, 796, 804, 795, 804, 796, 805, 797, 805, 796, 805, 797, 806, 798, 806, 797, 806, 798, 807, 799, 807, 798, 807, 799, 808, 800, 808, 799, 808, 800, 801, 793, 801, 800, 809, 801, 810, 802, 810, 801, 810, 802, 811, 803, 811, 802, 811, 803, 812, 804, 812, 803, 812, 804, 813, 805, 813, 804, 813, 805, 814, 806, 814, 805, 814, 806, 815, 807, 815, 806, 815, 807, 816, 808, 816, 807, 816, 808, 809, 801, 809, 808, 817, 809, 818, 810, 818, 809, 818, 810, 819, 811, 819, 810, 819, 811, 820, 812, 820, 811, 820, 812, 821, 813, 821, 812, 821, 813, 822, 814, 822, 813, 822, 814, 823, 815, 823, 814, 823, 815, 824, 816, 824, 815, 824, 816, 817, 809, 817, 816, 825, 817, 826, 818, 826, 817, 826, 818, 827, 819, 827, 818, 827, 819, 828, 820, 828, 819, 828, 820, 829, 821, 829, 820, 829, 821, 830, 822, 830, 821, 830, 822, 831, 823, 831, 822, 831, 823, 832, 824, 832, 823, 832, 824, 825, 817, 825, 824, 833, 825, 834, 826, 834, 825, 834, 826, 835, 827, 835, 826, 835, 827, 836, 828, 836, 827, 836, 828, 837, 829, 837, 828, 837, 829, 838, 830, 838, 829, 838, 830, 839, 831, 839, 830, 839, 831, 840, 832, 840, 831, 840, 832, 833, 825, 833, 832, 841, 833, 842, 834, 842, 833, 842, 834, 843, 835, 843, 834, 843, 835, 844, 836, 844, 835, 844, 836, 845, 837, 845, 836, 845, 837, 846, 838, 846, 837, 846, 838, 847, 839, 847, 838, 847, 839, 848, 840, 848, 839, 848, 840, 841, 833, 841, 840, 849, 841, 850, 842, 850, 841, 850, 842, 851, 843, 851, 842, 851, 843, 852, 844, 852, 843, 852, 844, 853, 845, 853, 844, 853, 845, 854, 846, 854, 845, 854, 846, 855, 847, 855, 846, 855, 847, 856, 848, 856, 847, 856, 848, 849, 841, 849, 848, 857, 849, 858, 850, 858, 849, 858, 850, 859, 851, 859, 850, 859, 851, 860, 852, 860, 851, 860, 852, 861, 853, 861, 852, 861, 853, 862, 854, 862, 853, 862, 854, 863, 855, 863, 854, 863, 855, 864, 856, 864, 855, 864, 856, 857, 849, 857, 856, 865, 857, 866, 858, 866, 857, 866, 858, 867, 859, 867, 858, 867, 859, 868, 860, 868, 859, 868, 860, 869, 861, 869, 860, 869, 861, 870, 862, 870, 861, 870, 862, 871, 863, 871, 862, 871, 863, 872, 864, 872, 863, 872, 864, 865, 857, 865, 864, 873, 865, 874, 866, 874, 865, 874, 866, 875, 867, 875, 866, 875, 867, 876, 868, 876, 867, 876, 868, 877, 869, 877, 868, 877, 869, 878, 870, 878, 869, 878, 870, 879, 871, 879, 870, 879, 871, 880, 872, 880, 871, 880, 872, 873, 865, 873, 872, 881, 873, 882, 874, 882, 873, 882, 874, 883, 875, 883, 874, 883, 875, 884, 876, 884, 875, 884, 876, 885, 877, 885, 876, 885, 877, 886, 878, 886, 877, 886, 878, 887, 879, 887, 878, 887, 879, 888, 880, 888, 879, 888, 880, 881, 873, 881, 880, 889, 881, 890, 882, 890, 881, 890, 882, 891, 883, 891, 882, 891, 883, 892, 884, 892, 883, 892, 884, 893, 885, 893, 884, 893, 885, 894, 886, 894, 885, 894, 886, 895, 887, 895, 886, 895, 887, 896, 888, 896, 887, 896, 888, 889, 881, 889, 888, 897, 889, 898, 890, 898, 889, 898, 890, 899, 891, 899, 890, 899, 891, 900, 892, 900, 891, 900, 892, 901, 893, 901, 892, 901, 893, 902, 894, 902, 893, 902, 894, 903, 895, 903, 894, 903, 895, 904, 896, 904, 895, 904, 896, 897, 889, 897, 896, 905, 897, 906, 898, 906, 897, 906, 898, 907, 899, 907, 898, 907, 899, 908, 900, 908, 899, 908, 900, 909, 901, 909, 900, 909, 901, 910, 902, 910, 901, 910, 902, 911, 903, 911, 902, 911, 903, 912, 904, 912, 903, 912, 904, 905, 897, 905, 904, 913, 914, 915, 916, 915, 914, 915, 916, 917, 918, 917, 916, 917, 918, 913, 914, 913, 918, 919, 913, 920, 915, 920, 913, 920, 915, 921, 917, 921, 915, 921, 917, 919, 913, 919, 917, 922, 919, 923, 920, 923, 919, 923, 920, 924, 921, 924, 920, 924, 921, 922, 919, 922, 921, 925, 922, 926, 923, 926, 922, 926, 923, 927, 924, 927, 923, 927, 924, 925, 922, 925, 924, 928, 925, 929, 926, 929, 925, 929, 926, 930, 927, 930, 926, 930, 927, 928, 925, 928, 927, 931, 928, 932, 929, 932, 928, 932, 929, 933, 930, 933, 929, 933, 930, 931, 928, 931, 930, 934, 931, 935, 932, 935, 931, 935, 932, 936, 933, 936, 932, 936, 933, 934, 931, 934, 933, 937, 934, 938, 935, 938, 934, 938, 935, 939, 936, 939, 935, 939, 936, 937, 934, 937, 936, 940, 937, 941, 938, 941, 937, 941, 938, 942, 939, 942, 938, 942, 939, 940, 937, 940, 939, 943, 940, 944, 941, 944, 940, 944, 941, 945, 942, 945, 941, 945, 942, 943, 940, 943, 942, 946, 943, 947, 944, 947, 943, 947, 944, 948, 945, 948, 944, 948, 945, 946, 943, 946, 945, 949, 946, 950, 947, 950, 946, 950, 947, 951, 948, 951, 947, 951, 948, 949, 946, 949, 948, 952, 949, 953, 950, 953, 949, 953, 950, 954, 951, 954, 950, 954, 951, 952, 949, 952, 951, 955, 952, 956, 953, 956, 952, 956, 953, 957, 954, 957, 953, 957, 954, 955, 952, 955, 954, 958, 955, 959, 956, 959, 955, 959, 956, 960, 957, 960, 956, 960, 957, 958, 955, 958, 957, 961, 958, 962, 959, 962, 958, 962, 959, 963, 960, 963, 959, 963, 960, 961, 958, 961, 960, 964, 961, 965, 962, 965, 961, 965, 962, 966, 963, 966, 962, 966, 963, 964, 961, 964, 963, 967, 964, 968, 965, 968, 964, 968, 965, 969, 966, 969, 965, 969, 966, 967, 964, 967, 966, 970, 967, 971, 968, 971, 967, 971, 968, 972, 969, 972, 968, 972, 969, 970, 967, 970, 969, 973, 974, 975, 976, 975, 974, 975, 976, 977, 978, 977, 976, 977, 978, 973, 974, 973, 978, 979, 973, 980, 975, 980, 973, 980, 975, 981, 977, 981, 975, 981, 977, 979, 973, 979, 977, 982, 979, 983, 980, 983, 979, 983, 980, 984, 981, 984, 980, 984, 981, 982, 979, 982, 981, 985, 982, 986, 983, 986, 982, 986, 983, 987, 984, 987, 983, 987, 984, 985, 982, 985, 984, 988, 985, 989, 986, 989, 985, 989, 986, 990, 987, 990, 986, 990, 987, 988, 985, 988, 987, 991, 988, 992, 989, 992, 988, 992, 989, 993, 990, 993, 989, 993, 990, 991, 988, 991, 990, 994, 991, 995, 992, 995, 991, 995, 992, 996, 993, 996, 992, 996, 993, 994, 991, 994, 993, 997, 994, 998, 995, 998, 994, 998, 995, 999, 996, 999, 995, 999, 996, 997, 994, 997, 996, 1000, 997, 1001, 998, 1001, 997, 1001, 998, 1002, 999, 1002, 998, 1002, 999, 1000, 997, 1000, 999, 1003, 1000, 1004, 1001, 1004, 1000, 1004, 1001, 1005, 1002, 1005, 1001, 1005, 1002, 1003, 1000, 1003, 1002, 1006, 1003, 1007, 1004, 1007, 1003, 1007, 1004, 1008, 1005, 1008, 1004, 1008, 1005, 1006, 1003, 1006, 1005, 1009, 1006, 1010, 1007, 1010, 1006, 1010, 1007, 1011, 1008, 1011, 1007, 1011, 1008, 1009, 1006, 1009, 1008, 1012, 1009, 1013, 1010, 1013, 1009, 1013, 1010, 1014, 1011, 1014, 1010, 1014, 1011, 1012, 1009, 1012, 1011, 1015, 1012, 1016, 1013, 1016, 1012, 1016, 1013, 1017, 1014, 1017, 1013, 1017, 1014, 1015, 1012, 1015, 1014, 1018, 1015, 1019, 1016, 1019, 1015, 1019, 1016, 1020, 1017, 1020, 1016, 1020, 1017, 1018, 1015, 1018, 1017, 1021, 1018, 1022, 1019, 1022, 1018, 1022, 1019, 1023, 1020, 1023, 1019, 1023, 1020, 1021, 1018, 1021, 1020, 1024, 1021, 1025, 1022, 1025, 1021, 1025, 1022, 1026, 1023, 1026, 1022, 1026, 1023, 1024, 1021, 1024, 1023, 1027, 1024, 1028, 1025, 1028, 1024, 1028, 1025, 1029, 1026, 1029, 1025, 1029, 1026, 1027, 1024, 1027, 1026, 1030, 1027, 1031, 1028, 1031, 1027, 1031, 1028, 1032, 1029, 1032, 1028, 1032, 1029, 1030, 1027, 1030, 1029, 1033, 1030, 1034, 1031, 1034, 1030, 1034, 1031, 1035, 1032, 1035, 1031, 1035, 1032, 1033, 1030, 1033, 1032, 1036, 1033, 1037, 1034, 1037, 1033, 1037, 1034, 1038, 1035, 1038, 1034, 1038, 1035, 1036, 1033, 1036, 1035, 1039, 1036, 1040, 1037, 1040, 1036, 1040, 1037, 1041, 1038, 1041, 1037, 1041, 1038, 1039, 1036, 1039, 1038, 1042, 1039, 1043, 1040, 1043, 1039, 1043, 1040, 1044, 1041, 1044, 1040, 1044, 1041, 1042, 1039, 1042, 1041, 1045, 1042, 1046, 1043, 1046, 1042, 1046, 1043, 1047, 1044, 1047, 1043, 1047, 1044, 1045, 1042, 1045, 1044, 1048, 1045, 1049, 1046, 1049, 1045, 1049, 1046, 1050, 1047, 1050, 1046, 1050, 1047, 1048, 1045, 1048, 1047, 1051, 1052, 1053, 1054, 1053, 1052, 1053, 1054, 1055, 1056, 1055, 1054, 1055, 1056, 1057, 1058, 1057, 1056, 1057, 1058, 1059, 1060, 1059, 1058, 1059, 1060, 1061, 1062, 1061, 1060, 1061, 1062, 1063, 1064, 1063, 1062, 1063, 1064, 1065, 1066, 1065, 1064, 1065, 1066, 1051, 1052, 1051, 1066, 1067, 1051, 1068, 1053, 1068, 1051, 1068, 1053, 1069, 1055, 1069, 1053, 1069, 1055, 1070, 1057, 1070, 1055, 1070, 1057, 1071, 1059, 1071, 1057, 1071, 1059, 1072, 1061, 1072, 1059, 1072, 1061, 1073, 1063, 1073, 1061, 1073, 1063, 1074, 1065, 1074, 1063, 1074, 1065, 1067, 1051, 1067, 1065, 1075, 1067, 1076, 1068, 1076, 1067, 1076, 1068, 1077, 1069, 1077, 1068, 1077, 1069, 1078, 1070, 1078, 1069, 1078, 1070, 1079, 1071, 1079, 1070, 1079, 1071, 1080, 1072, 1080, 1071, 1080, 1072, 1081, 1073, 1081, 1072, 1081, 1073, 1082, 1074, 1082, 1073, 1082, 1074, 1075, 1067, 1075, 1074, 1083, 1075, 1084, 1076, 1084, 1075, 1084, 1076, 1085, 1077, 1085, 1076, 1085, 1077, 1086, 1078, 1086, 1077, 1086, 1078, 1087, 1079, 1087, 1078, 1087, 1079, 1088, 1080, 1088, 1079, 1088, 1080, 1089, 1081, 1089, 1080, 1089, 1081, 1090, 1082, 1090, 1081, 1090, 1082, 1083, 1075, 1083, 1082, 1091, 1083, 1092, 1084, 1092, 1083, 1092, 1084, 1093, 1085, 1093, 1084, 1093, 1085, 1094, 1086, 1094, 1085, 1094, 1086, 1095, 1087, 1095, 1086, 1095, 1087, 1096, 1088, 1096, 1087, 1096, 1088, 1097, 1089, 1097, 1088, 1097, 1089, 1098, 1090, 1098, 1089, 1098, 1090, 1091, 1083, 1091, 1090, 1099, 1091, 1100, 1092, 1100, 1091, 1100, 1092, 1101, 1093, 1101, 1092, 1101, 1093, 1102, 1094, 1102, 1093, 1102, 1094, 1103, 1095, 1103, 1094, 1103, 1095, 1104, 1096, 1104, 1095, 1104, 1096, 1105, 1097, 1105, 1096, 1105, 1097, 1106, 1098, 1106, 1097, 1106, 1098, 1099, 1091, 1099, 1098, 1107, 1099, 1108, 1100, 1108, 1099, 1108, 1100, 1109, 1101, 1109, 1100, 1109, 1101, 1110, 1102, 1110, 1101, 1110, 1102, 1111, 1103, 1111, 1102, 1111, 1103, 1112, 1104, 1112, 1103, 1112, 1104, 1113, 1105, 1113, 1104, 1113, 1105, 1114, 1106, 1114, 1105, 1114, 1106, 1107, 1099, 1107, 1106, 1115, 1107, 1116, 1108, 1116, 1107, 1116, 1108, 1117, 1109, 1117, 1108, 1117, 1109, 1118, 1110, 1118, 1109, 1118, 1110, 1119, 1111, 1119, 1110, 1119, 1111, 1120, 1112, 1120, 1111, 1120, 1112, 1121, 1113, 1121, 1112, 1121, 1113, 1122, 1114, 1122, 1113, 1122, 1114, 1115, 1107, 1115, 1114, 1123, 1115, 1124, 1116, 1124, 1115, 1124, 1116, 1125, 1117, 1125, 1116, 1125, 1117, 1126, 1118, 1126, 1117, 1126, 1118, 1127, 1119, 1127, 1118, 1127, 1119, 1128, 1120, 1128, 1119, 1128, 1120, 1129, 1121, 1129, 1120, 1129, 1121, 1130, 1122, 1130, 1121, 1130, 1122, 1123, 1115, 1123, 1122, 1131, 1123, 1132, 1124, 1132, 1123, 1132, 1124, 1133, 1125, 1133, 1124, 1133, 1125, 1134, 1126, 1134, 1125, 1134, 1126, 1135, 1127, 1135, 1126, 1135, 1127, 1136, 1128, 1136, 1127, 1136, 1128, 1137, 1129, 1137, 1128, 1137, 1129, 1138, 1130, 1138, 1129, 1138, 1130, 1131, 1123, 1131, 1130, 1139, 1131, 1140, 1132, 1140, 1131, 1140, 1132, 1141, 1133, 1141, 1132, 1141, 1133, 1142, 1134, 1142, 1133, 1142, 1134, 1143, 1135, 1143, 1134, 1143, 1135, 1144, 1136, 1144, 1135, 1144, 1136, 1145, 1137, 1145, 1136, 1145, 1137, 1146, 1138, 1146, 1137, 1146, 1138, 1139, 1131, 1139, 1138, 1147, 1139, 1148, 1140, 1148, 1139, 1148, 1140, 1149, 1141, 1149, 1140, 1149, 1141, 1150, 1142, 1150, 1141, 1150, 1142, 1151, 1143, 1151, 1142, 1151, 1143, 1152, 1144, 1152, 1143, 1152, 1144, 1153, 1145, 1153, 1144, 1153, 1145, 1154, 1146, 1154, 1145, 1154, 1146, 1147, 1139, 1147, 1146, 1155, 1147, 1156, 1148, 1156, 1147, 1156, 1148, 1157, 1149, 1157, 1148, 1157, 1149, 1158, 1150, 1158, 1149, 1158, 1150, 1159, 1151, 1159, 1150, 1159, 1151, 1160, 1152, 1160, 1151, 1160, 1152, 1161, 1153, 1161, 1152, 1161, 1153, 1162, 1154, 1162, 1153, 1162, 1154, 1155, 1147, 1155, 1154, 1163, 1155, 1164, 1156, 1164, 1155, 1164, 1156, 1165, 1157, 1165, 1156, 1165, 1157, 1166, 1158, 1166, 1157, 1166, 1158, 1167, 1159, 1167, 1158, 1167, 1159, 1168, 1160, 1168, 1159, 1168, 1160, 1169, 1161, 1169, 1160, 1169, 1161, 1170, 1162, 1170, 1161, 1170, 1162, 1163, 1155, 1163, 1162, 1171, 1163, 1172, 1164, 1172, 1163, 1172, 1164, 1173, 1165, 1173, 1164, 1173, 1165, 1174, 1166, 1174, 1165, 1174, 1166, 1175, 1167, 1175, 1166, 1175, 1167, 1176, 1168, 1176, 1167, 1176, 1168, 1177, 1169, 1177, 1168, 1177, 1169, 1178, 1170, 1178, 1169, 1178, 1170, 1171, 1163, 1171, 1170, 1179, 1180, 1181, 1182, 1181, 1180, 1181, 1182, 1183, 1184, 1183, 1182, 1183, 1184, 1179, 1180, 1179, 1184, 1185, 1179, 1186, 1181, 1186, 1179, 1186, 1181, 1187, 1183, 1187, 1181, 1187, 1183, 1185, 1179, 1185, 1183, 1188, 1185, 1189, 1186, 1189, 1185, 1189, 1186, 1190, 1187, 1190, 1186, 1190, 1187, 1188, 1185, 1188, 1187, 1191, 1188, 1192, 1189, 1192, 1188, 1192, 1189, 1193, 1190, 1193, 1189, 1193, 1190, 1191, 1188, 1191, 1190, 1194, 1191, 1195, 1192, 1195, 1191, 1195, 1192, 1196, 1193, 1196, 1192, 1196, 1193, 1194, 1191, 1194, 1193, 1197, 1194, 1198, 1195, 1198, 1194, 1198, 1195, 1199, 1196, 1199, 1195, 1199, 1196, 1197, 1194, 1197, 1196, 1200, 1197, 1201, 1198, 1201, 1197, 1201, 1198, 1202, 1199, 1202, 1198, 1202, 1199, 1200, 1197, 1200, 1199, 1203, 1200, 1204, 1201, 1204, 1200, 1204, 1201, 1205, 1202, 1205, 1201, 1205, 1202, 1203, 1200, 1203, 1202, 1206, 1203, 1207, 1204, 1207, 1203, 1207, 1204, 1208, 1205, 1208, 1204, 1208, 1205, 1206, 1203, 1206, 1205, 1209, 1206, 1210, 1207, 1210, 1206, 1210, 1207, 1211, 1208, 1211, 1207, 1211, 1208, 1209, 1206, 1209, 1208, 1212, 1209, 1213, 1210, 1213, 1209, 1213, 1210, 1214, 1211, 1214, 1210, 1214, 1211, 1212, 1209, 1212, 1211, 1215, 1212, 1216, 1213, 1216, 1212, 1216, 1213, 1217, 1214, 1217, 1213, 1217, 1214, 1215, 1212, 1215, 1214, 1218, 1215, 1219, 1216, 1219, 1215, 1219, 1216, 1220, 1217, 1220, 1216, 1220, 1217, 1218, 1215, 1218, 1217, 1221, 1222, 1223, 1224, 1223, 1222, 1223, 1224, 1225, 1226, 1225, 1224, 1225, 1226, 1221, 1222, 1221, 1226, 1227, 1221, 1228, 1223, 1228, 1221, 1228, 1223, 1229, 1225, 1229, 1223, 1229, 1225, 1227, 1221, 1227, 1225, 1230, 1227, 1231, 1228, 1231, 1227, 1231, 1228, 1232, 1229, 1232, 1228, 1232, 1229, 1230, 1227, 1230, 1229, 1233, 1230, 1234, 1231, 1234, 1230, 1234, 1231, 1235, 1232, 1235, 1231, 1235, 1232, 1233, 1230, 1233, 1232, 1236, 1233, 1237, 1234, 1237, 1233, 1237, 1234, 1238, 1235, 1238, 1234, 1238, 1235, 1236, 1233, 1236, 1235, 1239, 1236, 1240, 1237, 1240, 1236, 1240, 1237, 1241, 1238, 1241, 1237, 1241, 1238, 1239, 1236, 1239, 1238, 1242, 1239, 1243, 1240, 1243, 1239, 1243, 1240, 1244, 1241, 1244, 1240, 1244, 1241, 1242, 1239, 1242, 1241, 1245, 1242, 1246, 1243, 1246, 1242, 1246, 1243, 1247, 1244, 1247, 1243, 1247, 1244, 1245, 1242, 1245, 1244, 1248, 1245, 1249, 1246, 1249, 1245, 1249, 1246, 1250, 1247, 1250, 1246, 1250, 1247, 1248, 1245, 1248, 1247, 1251, 1248, 1252, 1249, 1252, 1248, 1252, 1249, 1253, 1250, 1253, 1249, 1253, 1250, 1251, 1248, 1251, 1250, 1254, 1251, 1255, 1252, 1255, 1251, 1255, 1252, 1256, 1253, 1256, 1252, 1256, 1253, 1254, 1251, 1254, 1253, 1257, 1254, 1258, 1255, 1258, 1254, 1258, 1255, 1259, 1256, 1259, 1255, 1259, 1256, 1257, 1254, 1257, 1256, 1260, 1257, 1261, 1258, 1261, 1257, 1261, 1258, 1262, 1259, 1262, 1258, 1262, 1259, 1260, 1257, 1260, 1259, 1263, 1260, 1264, 1261, 1264, 1260, 1264, 1261, 1265, 1262, 1265, 1261, 1265, 1262, 1263, 1260, 1263, 1262, 1266, 1267, 1268, 1269, 1268, 1267, 1268, 1269, 1270, 1271, 1270, 1269, 1270, 1271, 1266, 1267, 1266, 1271, 1272, 1266, 1273, 1268, 1273, 1266, 1273, 1268, 1274, 1270, 1274, 1268, 1274, 1270, 1272, 1266, 1272, 1270, 1275, 1272, 1276, 1273, 1276, 1272, 1276, 1273, 1277, 1274, 1277, 1273, 1277, 1274, 1275, 1272, 1275, 1274, 1278, 1275, 1279, 1276, 1279, 1275, 1279, 1276, 1280, 1277, 1280, 1276, 1280, 1277, 1278, 1275, 1278, 1277, 1281, 1278, 1282, 1279, 1282, 1278, 1282, 1279, 1283, 1280, 1283, 1279, 1283, 1280, 1281, 1278, 1281, 1280, 1284, 1281, 1285, 1282, 1285, 1281, 1285, 1282, 1286, 1283, 1286, 1282, 1286, 1283, 1284, 1281, 1284, 1283, 1287, 1284, 1288, 1285, 1288, 1284, 1288, 1285, 1289, 1286, 1289, 1285, 1289, 1286, 1287, 1284, 1287, 1286, 1290, 1287, 1291, 1288, 1291, 1287, 1291, 1288, 1292, 1289, 1292, 1288, 1292, 1289, 1290, 1287, 1290, 1289, 1293, 1290, 1294, 1291, 1294, 1290, 1294, 1291, 1295, 1292, 1295, 1291, 1295, 1292, 1293, 1290, 1293, 1292, 1296, 1293, 1297, 1294, 1297, 1293, 1297, 1294, 1298, 1295, 1298, 1294, 1298, 1295, 1296, 1293, 1296, 1295, 1299, 1296, 1300, 1297, 1300, 1296, 1300, 1297, 1301, 1298, 1301, 1297, 1301, 1298, 1299, 1296, 1299, 1298, 1302, 1299, 1303, 1300, 1303, 1299, 1303, 1300, 1304, 1301, 1304, 1300, 1304, 1301, 1302, 1299, 1302, 1301, 1305, 1302, 1306, 1303, 1306, 1302, 1306, 1303, 1307, 1304, 1307, 1303, 1307, 1304, 1305, 1302, 1305, 1304, 1308, 1309, 1310, 1311, 1310, 1309, 1310, 1311, 1312, 1313, 1312, 1311, 1312, 1313, 1308, 1309, 1308, 1313, 1314, 1308, 1315, 1310, 1315, 1308, 1315, 1310, 1316, 1312, 1316, 1310, 1316, 1312, 1314, 1308, 1314, 1312, 1317, 1314, 1318, 1315, 1318, 1314, 1318, 1315, 1319, 1316, 1319, 1315, 1319, 1316, 1317, 1314, 1317, 1316, 1320, 1317, 1321, 1318, 1321, 1317, 1321, 1318, 1322, 1319, 1322, 1318, 1322, 1319, 1320, 1317, 1320, 1319, 1323, 1320, 1324, 1321, 1324, 1320, 1324, 1321, 1325, 1322, 1325, 1321, 1325, 1322, 1323, 1320, 1323, 1322, 1326, 1323, 1327, 1324, 1327, 1323, 1327, 1324, 1328, 1325, 1328, 1324, 1328, 1325, 1326, 1323, 1326, 1325, 1329, 1326, 1330, 1327, 1330, 1326, 1330, 1327, 1331, 1328, 1331, 1327, 1331, 1328, 1329, 1326, 1329, 1328, 1332, 1329, 1333, 1330, 1333, 1329, 1333, 1330, 1334, 1331, 1334, 1330, 1334, 1331, 1332, 1329, 1332, 1331, 1335, 1332, 1336, 1333, 1336, 1332, 1336, 1333, 1337, 1334, 1337, 1333, 1337, 1334, 1335, 1332, 1335, 1334, 1338, 1335, 1339, 1336, 1339, 1335, 1339, 1336, 1340, 1337, 1340, 1336, 1340, 1337, 1338, 1335, 1338, 1337, 1341, 1338, 1342, 1339, 1342, 1338, 1342, 1339, 1343, 1340, 1343, 1339, 1343, 1340, 1341, 1338, 1341, 1340, 1344, 1341, 1345, 1342, 1345, 1341, 1345, 1342, 1346, 1343, 1346, 1342, 1346, 1343, 1344, 1341, 1344, 1343, 1347, 1344, 1348, 1345, 1348, 1344, 1348, 1345, 1349, 1346, 1349, 1345, 1349, 1346, 1347, 1344, 1347, 1346, 1350, 1347, 1351, 1348, 1351, 1347, 1351, 1348, 1352, 1349, 1352, 1348, 1352, 1349, 1350, 1347, 1350, 1349, 1353, 1350, 1354, 1351, 1354, 1350, 1354, 1351, 1355, 1352, 1355, 1351, 1355, 1352, 1353, 1350, 1353, 1352, 1356, 1353, 1357, 1354, 1357, 1353, 1357, 1354, 1358, 1355, 1358, 1354, 1358, 1355, 1356, 1353, 1356, 1355, 1359, 1356, 1360, 1357, 1360, 1356, 1360, 1357, 1361, 1358, 1361, 1357, 1361, 1358, 1359, 1356, 1359, 1358, 1362, 1359, 1363, 1360, 1363, 1359, 1363, 1360, 1364, 1361, 1364, 1360, 1364, 1361, 1362, 1359, 1362, 1361, 1365, 1362, 1366, 1363, 1366, 1362, 1366, 1363, 1367, 1364, 1367, 1363, 1367, 1364, 1365, 1362, 1365, 1364, 1368, 1365, 1369, 1366, 1369, 1365, 1369, 1366, 1370, 1367, 1370, 1366, 1370, 1367, 1368, 1365, 1368, 1367, 1371, 1368, 1372, 1369, 1372, 1368, 1372, 1369, 1373, 1370, 1373, 1369, 1373, 1370, 1371, 1368, 1371, 1370, 1374, 1371, 1375, 1372, 1375, 1371, 1375, 1372, 1376, 1373, 1376, 1372, 1376, 1373, 1374, 1371, 1374, 1373, 1377, 1374, 1378, 1375, 1378, 1374, 1378, 1375, 1379, 1376, 1379, 1375, 1379, 1376, 1377, 1374, 1377, 1376, 1380, 1377, 1381, 1378, 1381, 1377, 1381, 1378, 1382, 1379, 1382, 1378, 1382, 1379, 1380, 1377, 1380, 1379, 1383, 1384, 1385, 1386, 1385, 1384, 1385, 1386, 1387, 1388, 1387, 1386, 1387, 1388, 1389, 1390, 1389, 1388, 1389, 1390, 1391, 1392, 1391, 1390, 1391, 1392, 1393, 1394, 1393, 1392, 1393, 1394, 1395, 1396, 1395, 1394, 1395, 1396, 1397, 1398, 1397, 1396, 1397, 1398, 1383, 1384, 1383, 1398, 1399, 1383, 1400, 1385, 1400, 1383, 1400, 1385, 1401, 1387, 1401, 1385, 1401, 1387, 1402, 1389, 1402, 1387, 1402, 1389, 1403, 1391, 1403, 1389, 1403, 1391, 1404, 1393, 1404, 1391, 1404, 1393, 1405, 1395, 1405, 1393, 1405, 1395, 1406, 1397, 1406, 1395, 1406, 1397, 1399, 1383, 1399, 1397, 1407, 1399, 1408, 1400, 1408, 1399, 1408, 1400, 1409, 1401, 1409, 1400, 1409, 1401, 1410, 1402, 1410, 1401, 1410, 1402, 1411, 1403, 1411, 1402, 1411, 1403, 1412, 1404, 1412, 1403, 1412, 1404, 1413, 1405, 1413, 1404, 1413, 1405, 1414, 1406, 1414, 1405, 1414, 1406, 1407, 1399, 1407, 1406, 1415, 1407, 1416, 1408, 1416, 1407, 1416, 1408, 1417, 1409, 1417, 1408, 1417, 1409, 1418, 1410, 1418, 1409, 1418, 1410, 1419, 1411, 1419, 1410, 1419, 1411, 1420, 1412, 1420, 1411, 1420, 1412, 1421, 1413, 1421, 1412, 1421, 1413, 1422, 1414, 1422, 1413, 1422, 1414, 1415, 1407, 1415, 1414, 1423, 1415, 1424, 1416, 1424, 1415, 1424, 1416, 1425, 1417, 1425, 1416, 1425, 1417, 1426, 1418, 1426, 1417, 1426, 1418, 1427, 1419, 1427, 1418, 1427, 1419, 1428, 1420, 1428, 1419, 1428, 1420, 1429, 1421, 1429, 1420, 1429, 1421, 1430, 1422, 1430, 1421, 1430, 1422, 1423, 1415, 1423, 1422, 1431, 1423, 1432, 1424, 1432, 1423, 1432, 1424, 1433, 1425, 1433, 1424, 1433, 1425, 1434, 1426, 1434, 1425, 1434, 1426, 1435, 1427, 1435, 1426, 1435, 1427, 1436, 1428, 1436, 1427, 1436, 1428, 1437, 1429, 1437, 1428, 1437, 1429, 1438, 1430, 1438, 1429, 1438, 1430, 1431, 1423, 1431, 1430, 1439, 1431, 1440, 1432, 1440, 1431, 1440, 1432, 1441, 1433, 1441, 1432, 1441, 1433, 1442, 1434, 1442, 1433, 1442, 1434, 1443, 1435, 1443, 1434, 1443, 1435, 1444, 1436, 1444, 1435, 1444, 1436, 1445, 1437, 1445, 1436, 1445, 1437, 1446, 1438, 1446, 1437, 1446, 1438, 1439, 1431, 1439, 1438, 1447, 1439, 1448, 1440, 1448, 1439, 1448, 1440, 1449, 1441, 1449, 1440, 1449, 1441, 1450, 1442, 1450, 1441, 1450, 1442, 1451, 1443, 1451, 1442, 1451, 1443, 1452, 1444, 1452, 1443, 1452, 1444, 1453, 1445, 1453, 1444, 1453, 1445, 1454, 1446, 1454, 1445, 1454, 1446, 1447, 1439, 1447, 1446, 1455, 1447, 1456, 1448, 1456, 1447, 1456, 1448, 1457, 1449, 1457, 1448, 1457, 1449, 1458, 1450, 1458, 1449, 1458, 1450, 1459, 1451, 1459, 1450, 1459, 1451, 1460, 1452, 1460, 1451, 1460, 1452, 1461, 1453, 1461, 1452, 1461, 1453, 1462, 1454, 1462, 1453, 1462, 1454, 1455, 1447, 1455, 1454, 1463, 1455, 1464, 1456, 1464, 1455, 1464, 1456, 1465, 1457, 1465, 1456, 1465, 1457, 1466, 1458, 1466, 1457, 1466, 1458, 1467, 1459, 1467, 1458, 1467, 1459, 1468, 1460, 1468, 1459, 1468, 1460, 1469, 1461, 1469, 1460, 1469, 1461, 1470, 1462, 1470, 1461, 1470, 1462, 1463, 1455, 1463, 1462, 1471, 1463, 1472, 1464, 1472, 1463, 1472, 1464, 1473, 1465, 1473, 1464, 1473, 1465, 1474, 1466, 1474, 1465, 1474, 1466, 1475, 1467, 1475, 1466, 1475, 1467, 1476, 1468, 1476, 1467, 1476, 1468, 1477, 1469, 1477, 1468, 1477, 1469, 1478, 1470, 1478, 1469, 1478, 1470, 1471, 1463, 1471, 1470, 1479, 1471, 1480, 1472, 1480, 1471, 1480, 1472, 1481, 1473, 1481, 1472, 1481, 1473, 1482, 1474, 1482, 1473, 1482, 1474, 1483, 1475, 1483, 1474, 1483, 1475, 1484, 1476, 1484, 1475, 1484, 1476, 1485, 1477, 1485, 1476, 1485, 1477, 1486, 1478, 1486, 1477, 1486, 1478, 1479, 1471, 1479, 1478, 1487, 1479, 1488, 1480, 1488, 1479, 1488, 1480, 1489, 1481, 1489, 1480, 1489, 1481, 1490, 1482, 1490, 1481, 1490, 1482, 1491, 1483, 1491, 1482, 1491, 1483, 1492, 1484, 1492, 1483, 1492, 1484, 1493, 1485, 1493, 1484, 1493, 1485, 1494, 1486, 1494, 1485, 1494, 1486, 1487, 1479, 1487, 1486, 1495, 1487, 1496, 1488, 1496, 1487, 1496, 1488, 1497, 1489, 1497, 1488, 1497, 1489, 1498, 1490, 1498, 1489, 1498, 1490, 1499, 1491, 1499, 1490, 1499, 1491, 1500, 1492, 1500, 1491, 1500, 1492, 1501, 1493, 1501, 1492, 1501, 1493, 1502, 1494, 1502, 1493, 1502, 1494, 1495, 1487, 1495, 1494, 1503, 1495, 1504, 1496, 1504, 1495, 1504, 1496, 1505, 1497, 1505, 1496, 1505, 1497, 1506, 1498, 1506, 1497, 1506, 1498, 1507, 1499, 1507, 1498, 1507, 1499, 1508, 1500, 1508, 1499, 1508, 1500, 1509, 1501, 1509, 1500, 1509, 1501, 1510, 1502, 1510, 1501, 1510, 1502, 1503, 1495, 1503, 1502, 1511, 1503, 1512, 1504, 1512, 1503, 1512, 1504, 1513, 1505, 1513, 1504, 1513, 1505, 1514, 1506, 1514, 1505, 1514, 1506, 1515, 1507, 1515, 1506, 1515, 1507, 1516, 1508, 1516, 1507, 1516, 1508, 1517, 1509, 1517, 1508, 1517, 1509, 1518, 1510, 1518, 1509, 1518, 1510, 1511, 1503, 1511, 1510, 1519, 1511, 1520, 1512, 1520, 1511, 1520, 1512, 1521, 1513, 1521, 1512, 1521, 1513, 1522, 1514, 1522, 1513, 1522, 1514, 1523, 1515, 1523, 1514, 1523, 1515, 1524, 1516, 1524, 1515, 1524, 1516, 1525, 1517, 1525, 1516, 1525, 1517, 1526, 1518, 1526, 1517, 1526, 1518, 1519, 1511, 1519, 1518, 1527, 1519, 1528, 1520, 1528, 1519, 1528, 1520, 1529, 1521, 1529, 1520, 1529, 1521, 1530, 1522, 1530, 1521, 1530, 1522, 1531, 1523, 1531, 1522, 1531, 1523, 1532, 1524, 1532, 1523, 1532, 1524, 1533, 1525, 1533, 1524, 1533, 1525, 1534, 1526, 1534, 1525, 1534, 1526, 1527, 1519, 1527, 1526, 1535, 1527, 1536, 1528, 1536, 1527, 1536, 1528, 1537, 1529, 1537, 1528, 1537, 1529, 1538, 1530, 1538, 1529, 1538, 1530, 1539, 1531, 1539, 1530, 1539, 1531, 1540, 1532, 1540, 1531, 1540, 1532, 1541, 1533, 1541, 1532, 1541, 1533, 1542, 1534, 1542, 1533, 1542, 1534, 1535, 1527, 1535, 1534, 1543, 1535, 1544, 1536, 1544, 1535, 1544, 1536, 1545, 1537, 1545, 1536, 1545, 1537, 1546, 1538, 1546, 1537, 1546, 1538, 1547, 1539, 1547, 1538, 1547, 1539, 1548, 1540, 1548, 1539, 1548, 1540, 1549, 1541, 1549, 1540, 1549, 1541, 1550, 1542, 1550, 1541, 1550, 1542, 1543, 1535, 1543, 1542, 1551, 1543, 1552, 1544, 1552, 1543, 1552, 1544, 1553, 1545, 1553, 1544, 1553, 1545, 1554, 1546, 1554, 1545, 1554, 1546, 1555, 1547, 1555, 1546, 1555, 1547, 1556, 1548, 1556, 1547, 1556, 1548, 1557, 1549, 1557, 1548, 1557, 1549, 1558, 1550, 1558, 1549, 1558, 1550, 1551, 1543, 1551, 1550, 1559, 1551, 1560, 1552, 1560, 1551, 1560, 1552, 1561, 1553, 1561, 1552, 1561, 1553, 1562, 1554, 1562, 1553, 1562, 1554, 1563, 1555, 1563, 1554, 1563, 1555, 1564, 1556, 1564, 1555, 1564, 1556, 1565, 1557, 1565, 1556, 1565, 1557, 1566, 1558, 1566, 1557, 1566, 1558, 1559, 1551, 1559, 1558, 1567, 1568, 1569, 1570, 1569, 1568, 1569, 1570, 1571, 1572, 1571, 1570, 1571, 1572, 1567, 1568, 1567, 1572, 1573, 1567, 1574, 1569, 1574, 1567, 1574, 1569, 1575, 1571, 1575, 1569, 1575, 1571, 1573, 1567, 1573, 1571, 1576, 1573, 1577, 1574, 1577, 1573, 1577, 1574, 1578, 1575, 1578, 1574, 1578, 1575, 1576, 1573, 1576, 1575, 1579, 1576, 1580, 1577, 1580, 1576, 1580, 1577, 1581, 1578, 1581, 1577, 1581, 1578, 1579, 1576, 1579, 1578, 1582, 1579, 1583, 1580, 1583, 1579, 1583, 1580, 1584, 1581, 1584, 1580, 1584, 1581, 1582, 1579, 1582, 1581, 1585, 1582, 1586, 1583, 1586, 1582, 1586, 1583, 1587, 1584, 1587, 1583, 1587, 1584, 1585, 1582, 1585, 1584, 1588, 1585, 1589, 1586, 1589, 1585, 1589, 1586, 1590, 1587, 1590, 1586, 1590, 1587, 1588, 1585, 1588, 1587, 1591, 1588, 1592, 1589, 1592, 1588, 1592, 1589, 1593, 1590, 1593, 1589, 1593, 1590, 1591, 1588, 1591, 1590, 1594, 1591, 1595, 1592, 1595, 1591, 1595, 1592, 1596, 1593, 1596, 1592, 1596, 1593, 1594, 1591, 1594, 1593, 1597, 1594, 1598, 1595, 1598, 1594, 1598, 1595, 1599, 1596, 1599, 1595, 1599, 1596, 1597, 1594, 1597, 1596, 1600, 1597, 1601, 1598, 1601, 1597, 1601, 1598, 1602, 1599, 1602, 1598, 1602, 1599, 1600, 1597, 1600, 1599, 1603, 1600, 1604, 1601, 1604, 1600, 1604, 1601, 1605, 1602, 1605, 1601, 1605, 1602, 1603, 1600, 1603, 1602, 1606, 1603, 1607, 1604, 1607, 1603, 1607, 1604, 1608, 1605, 1608, 1604, 1608, 1605, 1606, 1603, 1606, 1605, 1609, 1606, 1610, 1607, 1610, 1606, 1610, 1607, 1611, 1608, 1611, 1607, 1611, 1608, 1609, 1606, 1609, 1608, 1612, 1609, 1613, 1610, 1613, 1609, 1613, 1610, 1614, 1611, 1614, 1610, 1614, 1611, 1612, 1609, 1612, 1611, 1615, 1612, 1616, 1613, 1616, 1612, 1616, 1613, 1617, 1614, 1617, 1613, 1617, 1614, 1615, 1612, 1615, 1614, 1618, 1615, 1619, 1616, 1619, 1615, 1619, 1616, 1620, 1617, 1620, 1616, 1620, 1617, 1618, 1615, 1618, 1617, 1621, 1622, 1623, 1624, 1623, 1622, 1623, 1624, 1625, 1626, 1625, 1624, 1625, 1626, 1621, 1622, 1621, 1626, 1627, 1621, 1628, 1623, 1628, 1621, 1628, 1623, 1629, 1625, 1629, 1623, 1629, 1625, 1627, 1621, 1627, 1625, 1630, 1627, 1631, 1628, 1631, 1627, 1631, 1628, 1632, 1629, 1632, 1628, 1632, 1629, 1630, 1627, 1630, 1629, 1633, 1630, 1634, 1631, 1634, 1630, 1634, 1631, 1635, 1632, 1635, 1631, 1635, 1632, 1633, 1630, 1633, 1632, 1636, 1633, 1637, 1634, 1637, 1633, 1637, 1634, 1638, 1635, 1638, 1634, 1638, 1635, 1636, 1633, 1636, 1635, 1639, 1636, 1640, 1637, 1640, 1636, 1640, 1637, 1641, 1638, 1641, 1637, 1641, 1638, 1639, 1636, 1639, 1638, 1642, 1639, 1643, 1640, 1643, 1639, 1643, 1640, 1644, 1641, 1644, 1640, 1644, 1641, 1642, 1639, 1642, 1641, 1645, 1642, 1646, 1643, 1646, 1642, 1646, 1643, 1647, 1644, 1647, 1643, 1647, 1644, 1645, 1642, 1645, 1644, 1648, 1645, 1649, 1646, 1649, 1645, 1649, 1646, 1650, 1647, 1650, 1646, 1650, 1647, 1648, 1645, 1648, 1647, 1651, 1648, 1652, 1649, 1652, 1648, 1652, 1649, 1653, 1650, 1653, 1649, 1653, 1650, 1651, 1648, 1651, 1650, 1654, 1651, 1655, 1652, 1655, 1651, 1655, 1652, 1656, 1653, 1656, 1652, 1656, 1653, 1654, 1651, 1654, 1653, 1657, 1654, 1658, 1655, 1658, 1654, 1658, 1655, 1659, 1656, 1659, 1655, 1659, 1656, 1657, 1654, 1657, 1656, 1660, 1657, 1661, 1658, 1661, 1657, 1661, 1658, 1662, 1659, 1662, 1658, 1662, 1659, 1660, 1657, 1660, 1659, 1663, 1660, 1664, 1661, 1664, 1660, 1664, 1661, 1665, 1662, 1665, 1661, 1665, 1662, 1663, 1660, 1663, 1662, 1666, 1663, 1667, 1664, 1667, 1663, 1667, 1664, 1668, 1665, 1668, 1664, 1668, 1665, 1666, 1663, 1666, 1665, 1669, 1666, 1670, 1667, 1670, 1666, 1670, 1667, 1671, 1668, 1671, 1667, 1671, 1668, 1669, 1666, 1669, 1668, 1672, 1669, 1673, 1670, 1673, 1669, 1673, 1670, 1674, 1671, 1674, 1670, 1674, 1671, 1672, 1669, 1672, 1671, 1675, 1672, 1676, 1673, 1676, 1672, 1676, 1673, 1677, 1674, 1677, 1673, 1677, 1674, 1675, 1672, 1675, 1674, 1678, 1679, 1680, 1681, 1680, 1679, 1680, 1681, 1682, 1683, 1682, 1681, 1682, 1683, 1684, 1685, 1684, 1683, 1684, 1685, 1686, 1687, 1686, 1685, 1686, 1687, 1688, 1689, 1688, 1687, 1688, 1689, 1678, 1679, 1678, 1689, 1690, 1678, 1691, 1680, 1691, 1678, 1691, 1680, 1692, 1682, 1692, 1680, 1692, 1682, 1693, 1684, 1693, 1682, 1693, 1684, 1694, 1686, 1694, 1684, 1694, 1686, 1695, 1688, 1695, 1686, 1695, 1688, 1690, 1678, 1690, 1688, 1696, 1690, 1697, 1691, 1697, 1690, 1697, 1691, 1698, 1692, 1698, 1691, 1698, 1692, 1699, 1693, 1699, 1692, 1699, 1693, 1700, 1694, 1700, 1693, 1700, 1694, 1701, 1695, 1701, 1694, 1701, 1695, 1696, 1690, 1696, 1695, 1702, 1696, 1703, 1697, 1703, 1696, 1703, 1697, 1704, 1698, 1704, 1697, 1704, 1698, 1705, 1699, 1705, 1698, 1705, 1699, 1706, 1700, 1706, 1699, 1706, 1700, 1707, 1701, 1707, 1700, 1707, 1701, 1702, 1696, 1702, 1701, 1708, 1702, 1709, 1703, 1709, 1702, 1709, 1703, 1710, 1704, 1710, 1703, 1710, 1704, 1711, 1705, 1711, 1704, 1711, 1705, 1712, 1706, 1712, 1705, 1712, 1706, 1713, 1707, 1713, 1706, 1713, 1707, 1708, 1702, 1708, 1707, 1714, 1708, 1715, 1709, 1715, 1708, 1715, 1709, 1716, 1710, 1716, 1709, 1716, 1710, 1717, 1711, 1717, 1710, 1717, 1711, 1718, 1712, 1718, 1711, 1718, 1712, 1719, 1713, 1719, 1712, 1719, 1713, 1714, 1708, 1714, 1713, 1720, 1714, 1721, 1715, 1721, 1714, 1721, 1715, 1722, 1716, 1722, 1715, 1722, 1716, 1723, 1717, 1723, 1716, 1723, 1717, 1724, 1718, 1724, 1717, 1724, 1718, 1725, 1719, 1725, 1718, 1725, 1719, 1720, 1714, 1720, 1719, 1726, 1720, 1727, 1721, 1727, 1720, 1727, 1721, 1728, 1722, 1728, 1721, 1728, 1722, 1729, 1723, 1729, 1722, 1729, 1723, 1730, 1724, 1730, 1723, 1730, 1724, 1731, 1725, 1731, 1724, 1731, 1725, 1726, 1720, 1726, 1725, 1732, 1726, 1733, 1727, 1733, 1726, 1733, 1727, 1734, 1728, 1734, 1727, 1734, 1728, 1735, 1729, 1735, 1728, 1735, 1729, 1736, 1730, 1736, 1729, 1736, 1730, 1737, 1731, 1737, 1730, 1737, 1731, 1732, 1726, 1732, 1731, 1738, 1732, 1739, 1733, 1739, 1732, 1739, 1733, 1740, 1734, 1740, 1733, 1740, 1734, 1741, 1735, 1741, 1734, 1741, 1735, 1742, 1736, 1742, 1735, 1742, 1736, 1743, 1737, 1743, 1736, 1743, 1737, 1738, 1732, 1738, 1737, 1744, 1738, 1745, 1739, 1745, 1738, 1745, 1739, 1746, 1740, 1746, 1739, 1746, 1740, 1747, 1741, 1747, 1740, 1747, 1741, 1748, 1742, 1748, 1741, 1748, 1742, 1749, 1743, 1749, 1742, 1749, 1743, 1744, 1738, 1744, 1743, 1750, 1744, 1751, 1745, 1751, 1744, 1751, 1745, 1752, 1746, 1752, 1745, 1752, 1746, 1753, 1747, 1753, 1746, 1753, 1747, 1754, 1748, 1754, 1747, 1754, 1748, 1755, 1749, 1755, 1748, 1755, 1749, 1750, 1744, 1750, 1749, 1756, 1757, 1758, 1759, 1758, 1757, 1758, 1759, 1760, 1761, 1760, 1759, 1760, 1761, 1756, 1757, 1756, 1761, 1762, 1756, 1763, 1758, 1763, 1756, 1763, 1758, 1764, 1760, 1764, 1758, 1764, 1760, 1762, 1756, 1762, 1760, 1765, 1762, 1766, 1763, 1766, 1762, 1766, 1763, 1767, 1764, 1767, 1763, 1767, 1764, 1765, 1762, 1765, 1764, 1768, 1765, 1769, 1766, 1769, 1765, 1769, 1766, 1770, 1767, 1770, 1766, 1770, 1767, 1768, 1765, 1768, 1767, 1771, 1768, 1772, 1769, 1772, 1768, 1772, 1769, 1773, 1770, 1773, 1769, 1773, 1770, 1771, 1768, 1771, 1770, 1774, 1771, 1775, 1772, 1775, 1771, 1775, 1772, 1776, 1773, 1776, 1772, 1776, 1773, 1774, 1771, 1774, 1773, 1777, 1774, 1778, 1775, 1778, 1774, 1778, 1775, 1779, 1776, 1779, 1775, 1779, 1776, 1777, 1774, 1777, 1776, 1780, 1777, 1781, 1778, 1781, 1777, 1781, 1778, 1782, 1779, 1782, 1778, 1782, 1779, 1780, 1777, 1780, 1779, 1783, 1780, 1784, 1781, 1784, 1780, 1784, 1781, 1785, 1782, 1785, 1781, 1785, 1782, 1783, 1780, 1783, 1782, 1786, 1783, 1787, 1784, 1787, 1783, 1787, 1784, 1788, 1785, 1788, 1784, 1788, 1785, 1786, 1783, 1786, 1785, 1789, 1786, 1790, 1787, 1790, 1786, 1790, 1787, 1791, 1788, 1791, 1787, 1791, 1788, 1789, 1786, 1789, 1788, 1792, 1789, 1793, 1790, 1793, 1789, 1793, 1790, 1794, 1791, 1794, 1790, 1794, 1791, 1792, 1789, 1792, 1791, 1795, 1796, 1797, 1798, 1797, 1796, 1797, 1798, 1799, 1800, 1799, 1798, 1799, 1800, 1795, 1796, 1795, 1800, 1801, 1795, 1802, 1797, 1802, 1795, 1802, 1797, 1803, 1799, 1803, 1797, 1803, 1799, 1801, 1795, 1801, 1799, 1804, 1801, 1805, 1802, 1805, 1801, 1805, 1802, 1806, 1803, 1806, 1802, 1806, 1803, 1804, 1801, 1804, 1803, 1807, 1804, 1808, 1805, 1808, 1804, 1808, 1805, 1809, 1806, 1809, 1805, 1809, 1806, 1807, 1804, 1807, 1806, 1810, 1807, 1811, 1808, 1811, 1807, 1811, 1808, 1812, 1809, 1812, 1808, 1812, 1809, 1810, 1807, 1810, 1809, 1813, 1810, 1814, 1811, 1814, 1810, 1814, 1811, 1815, 1812, 1815, 1811, 1815, 1812, 1813, 1810, 1813, 1812, 1816, 1813, 1817, 1814, 1817, 1813, 1817, 1814, 1818, 1815, 1818, 1814, 1818, 1815, 1816, 1813, 1816, 1815, 1819, 1816, 1820, 1817, 1820, 1816, 1820, 1817, 1821, 1818, 1821, 1817, 1821, 1818, 1819, 1816, 1819, 1818, 1822, 1819, 1823, 1820, 1823, 1819, 1823, 1820, 1824, 1821, 1824, 1820, 1824, 1821, 1822, 1819, 1822, 1821, 1825, 1822, 1826, 1823, 1826, 1822, 1826, 1823, 1827, 1824, 1827, 1823, 1827, 1824, 1825, 1822, 1825, 1824, 1828, 1825, 1829, 1826, 1829, 1825, 1829, 1826, 1830, 1827, 1830, 1826, 1830, 1827, 1828, 1825, 1828, 1827, 1831, 1828, 1832, 1829, 1832, 1828, 1832, 1829, 1833, 1830, 1833, 1829, 1833, 1830, 1831, 1828, 1831, 1830, 1834, 1831, 1835, 1832, 1835, 1831, 1835, 1832, 1836, 1833, 1836, 1832, 1836, 1833, 1834, 1831, 1834, 1833, 1837, 1838, 1839, 1840, 1839, 1838, 1839, 1840, 1841, 1842, 1841, 1840, 1841, 1842, 1837, 1838, 1837, 1842, 1843, 1837, 1844, 1839, 1844, 1837, 1844, 1839, 1845, 1841, 1845, 1839, 1845, 1841, 1843, 1837, 1843, 1841, 1846, 1843, 1847, 1844, 1847, 1843, 1847, 1844, 1848, 1845, 1848, 1844, 1848, 1845, 1846, 1843, 1846, 1845, 1849, 1846, 1850, 1847, 1850, 1846, 1850, 1847, 1851, 1848, 1851, 1847, 1851, 1848, 1849, 1846, 1849, 1848, 1852, 1849, 1853, 1850, 1853, 1849, 1853, 1850, 1854, 1851, 1854, 1850, 1854, 1851, 1852, 1849, 1852, 1851, 1855, 1852, 1856, 1853, 1856, 1852, 1856, 1853, 1857, 1854, 1857, 1853, 1857, 1854, 1855, 1852, 1855, 1854, 1858, 1855, 1859, 1856, 1859, 1855, 1859, 1856, 1860, 1857, 1860, 1856, 1860, 1857, 1858, 1855, 1858, 1857, 1861, 1858, 1862, 1859, 1862, 1858, 1862, 1859, 1863, 1860, 1863, 1859, 1863, 1860, 1861, 1858, 1861, 1860, 1864, 1861, 1865, 1862, 1865, 1861, 1865, 1862, 1866, 1863, 1866, 1862, 1866, 1863, 1864, 1861, 1864, 1863, 1867, 1864, 1868, 1865, 1868, 1864, 1868, 1865, 1869, 1866, 1869, 1865, 1869, 1866, 1867, 1864, 1867, 1866, 1870, 1867, 1871, 1868, 1871, 1867, 1871, 1868, 1872, 1869, 1872, 1868, 1872, 1869, 1870, 1867, 1870, 1869, 1873, 1870, 1874, 1871, 1874, 1870, 1874, 1871, 1875, 1872, 1875, 1871, 1875, 1872, 1873, 1870, 1873, 1872, 1876, 1877, 1878, 1879, 1878, 1877, 1878, 1879, 1880, 1881, 1880, 1879, 1880, 1881, 1876, 1877, 1876, 1881, 1882, 1876, 1883, 1878, 1883, 1876, 1883, 1878, 1884, 1880, 1884, 1878, 1884, 1880, 1882, 1876, 1882, 1880, 1885, 1882, 1886, 1883, 1886, 1882, 1886, 1883, 1887, 1884, 1887, 1883, 1887, 1884, 1885, 1882, 1885, 1884, 1888, 1885, 1889, 1886, 1889, 1885, 1889, 1886, 1890, 1887, 1890, 1886, 1890, 1887, 1888, 1885, 1888, 1887, 1891, 1888, 1892, 1889, 1892, 1888, 1892, 1889, 1893, 1890, 1893, 1889, 1893, 1890, 1891, 1888, 1891, 1890, 1894, 1891, 1895, 1892, 1895, 1891, 1895, 1892, 1896, 1893, 1896, 1892, 1896, 1893, 1894, 1891, 1894, 1893, 1897, 1894, 1898, 1895, 1898, 1894, 1898, 1895, 1899, 1896, 1899, 1895, 1899, 1896, 1897, 1894, 1897, 1896, 1900, 1897, 1901, 1898, 1901, 1897, 1901, 1898, 1902, 1899, 1902, 1898, 1902, 1899, 1900, 1897, 1900, 1899, 1903, 1900, 1904, 1901, 1904, 1900, 1904, 1901, 1905, 1902, 1905, 1901, 1905, 1902, 1903, 1900, 1903, 1902, 1906, 1903, 1907, 1904, 1907, 1903, 1907, 1904, 1908, 1905, 1908, 1904, 1908, 1905, 1906, 1903, 1906, 1905, 1909, 1906, 1910, 1907, 1910, 1906, 1910, 1907, 1911, 1908, 1911, 1907, 1911, 1908, 1909, 1906, 1909, 1908, 1912, 1909, 1913, 1910, 1913, 1909, 1913, 1910, 1914, 1911, 1914, 1910, 1914, 1911, 1912, 1909, 1912, 1911, 1915, 1912, 1916, 1913, 1916, 1912, 1916, 1913, 1917, 1914, 1917, 1913, 1917, 1914, 1915, 1912, 1915, 1914, 1918, 1915, 1919, 1916, 1919, 1915, 1919, 1916, 1920, 1917, 1920, 1916, 1920, 1917, 1918, 1915, 1918, 1917, 1921, 1918, 1922, 1919, 1922, 1918, 1922, 1919, 1923, 1920, 1923, 1919, 1923, 1920, 1921, 1918, 1921, 1920, 1924, 1921, 1925, 1922, 1925, 1921, 1925, 1922, 1926, 1923, 1926, 1922, 1926, 1923, 1924, 1921, 1924, 1923, 1927, 1924, 1928, 1925, 1928, 1924, 1928, 1925, 1929, 1926, 1929, 1925, 1929, 1926, 1927, 1924, 1927, 1926, 1930, 1927, 1931, 1928, 1931, 1927, 1931, 1928, 1932, 1929, 1932, 1928, 1932, 1929, 1930, 1927, 1930, 1929]
            uniform int[] primvars:skel:jointIndices = [1, 0, 1, 0, 1, 0, 1, 0, 1, 0, 1, 0, 2, 2, 2, 2, 2, 2, 3, 3, 3, 3, 3, 3, 4, 4, 4, 4, 4, 4, 5, 5, 5, 5, 5, 5, 6, 6, 6, 6, 6, 6, 7, 7, 7, 7, 7, 7, 8, 8, 8, 8, 8, 8, 9, 9, 9, 9, 9, 9, 10, 10, 10, 10, 10, 10, 10, 10, 10, 10, 10, 10, 11, 7, 11, 7, 11, 7, 11, 7, 11, 7, 11, 7, 11, 7, 11, 7, 11, 11, 11, 11, 11, 11, 11, 11, 11, 11, 11, 11, 11, 11, 11, 11, 12, 12, 12, 12, 12, 12, 12, 12, 12, 12, 12, 12, 12, 12, 12, 12, 12, 12, 12, 12, 12, 12, 12, 12, 12, 12, 12, 12, 12, 12, 12, 12, 12, 12, 12, 12, 12, 12, 12, 12, 13, 13, 13, 13, 13, 13, 13, 13, 13, 13, 13, 13, 13, 13, 13, 13, 13, 13, 13, 13, 13, 13, 13, 13, 13, 13, 13, 13, 13, 13, 13, 13, 13, 13, 13, 13, 13, 13, 13, 13, 14, 14, 14, 14, 14, 14, 14, 14, 14, 14, 14, 14, 14, 14, 14, 14, 14, 14, 14, 14, 14, 14, 14, 14, 14, 14, 14, 14, 14, 14, 14, 14, 14, 14, 14, 14, 14, 14, 14, 14, 14, 14, 14, 14, 14, 14, 14, 14, 14, 14, 14, 14, 14, 14, 14, 14, 14, 14, 14, 14, 14, 14, 14, 14, 15, 13, 15, 13, 15, 13, 15, 15, 15, 15, 15, 15, 16, 16, 16, 16, 16, 16, 16, 16, 16, 16, 16, 16, 17, 17, 17, 17, 17, 17, 17, 17, 17, 18, 18, 18, 18, 18, 18, 18, 18, 18, 18, 18, 18, 19, 19, 19, 19, 19, 19, 19, 19, 19, 19, 19, 19, 19, 19, 19, 19, 19, 19, 20, 14, 20, 14, 20, 14, 20, 20, 20, 20, 20, 20, 20, 20, 20, 21, 21, 21, 21, 21, 21, 21, 21, 21, 21, 21, 21, 21, 21, 21, 21, 21, 21, 21, 21, 21, 22, 22, 22, 22, 22, 22, 22, 22, 22, 22, 22, 22, 22, 22, 22, 22, 22, 22, 23, 23, 23, 23, 23, 23, 23, 23, 23, 23, 23, 23, 23, 23, 23, 24, 24, 24, 24, 24, 24, 24, 24, 24, 24, 24, 24, 24, 24, 24, 25, 9, 25, 9, 25, 9, 25, 9, 25, 9, 25, 9, 25, 9, 25, 9, 25, 25, 25, 25, 25, 25, 25, 25, 25, 25, 25, 25, 25, 25, 25, 25, 25, 25, 25, 25, 25, 25, 25, 25, 25, 25, 25, 25, 25, 25, 25, 25, 25, 25, 25, 25, 25, 25, 25, 25, 26, 26, 26, 26, 26, 26, 26, 26, 26, 26, 26, 26, 26, 26, 26, 26, 26, 26, 26, 26, 26, 26, 26, 26, 26, 26, 26, 26, 26, 26, 26, 26, 26, 26, 26, 26, 26, 26, 26, 26, 26, 26, 26, 26, 26, 26, 26, 26, 26, 26, 26, 26, 26, 26, 26, 26, 27, 27, 27, 27, 27, 27, 27, 27, 27, 27, 27, 27, 27, 27, 27, 27, 27, 27, 27, 27, 27, 27, 27, 27, 27, 27, 27, 27, 27, 27, 27, 27, 27, 27, 27, 27, 27, 27, 27, 27, 27, 27, 27, 27, 27, 27, 27, 27, 28, 28, 28, 28, 28, 28, 28, 28, 28, 28, 28, 28, 28, 28, 28, 28, 28, 28, 28, 28, 28, 28, 28, 28, 28, 28, 28, 28, 28, 28, 28, 28, 28, 28, 28, 28, 28, 28, 28, 28, 28, 28, 28, 28, 28, 28, 28, 28, 28, 28, 28, 28, 28, 28, 28, 28, 29, 26, 29, 26, 29, 26, 29, 29, 29, 29, 29, 29, 29, 29, 29, 30, 30, 30, 30, 30, 30, 30, 30, 30, 30, 30, 30, 30, 30, 30, 31, 31, 31, 31, 31, 31, 31, 31, 31, 31, 31, 31, 32, 32, 32, 32, 32, 32, 32, 32, 32, 32, 32, 32, 32, 32, 32, 32, 32, 32, 33, 27, 33, 27, 33, 27, 33, 33, 33, 33, 33, 33, 33, 33, 33, 34, 34, 34, 34, 34, 34, 34, 34, 34, 35, 35, 35, 35, 35, 35, 35, 35, 35, 35, 35, 35, 35, 35, 35, 35, 35, 35, 36, 36, 36, 36, 36, 36, 36, 36, 36, 36, 36, 36, 36, 36, 36, 36, 36, 36, 36, 36, 36, 36, 36, 36, 37, 7, 37, 7, 37, 7, 37, 7, 37, 7, 37, 7, 37, 7, 37, 7, 37, 37, 37, 37, 37, 37, 37, 37, 37, 37, 37, 37, 37, 37, 37, 37, 37, 37, 37, 37, 37, 37, 37, 37, 38, 38, 38, 38, 38, 38, 38, 38, 38, 38, 38, 38, 38, 38, 38, 38, 38, 38, 38, 38, 38, 38, 38, 38, 38, 38, 38, 38, 38, 38, 38, 38, 39, 39, 39, 39, 39, 39, 39, 39, 39, 39, 39, 39, 39, 39, 39, 39, 39, 39, 39, 39, 39, 39, 39, 39, 39, 39, 39, 39, 39, 39, 39, 39, 40, 40, 40, 40, 40, 40, 40, 40, 40, 40, 40, 40, 40, 40, 40, 40, 40, 40, 40, 40, 40, 40, 40, 40, 40, 40, 40, 40, 40, 40, 40, 40, 41, 41, 41, 41, 41, 41, 41, 41, 41, 41, 41, 41, 41, 41, 41, 41, 41, 41, 41, 41, 41, 41, 41, 41, 41, 41, 41, 41, 41, 41, 41, 41, 41, 41, 41, 41, 41, 41, 41, 41, 42, 39, 42, 39, 42, 39, 42, 42, 42, 43, 43, 43, 43, 43, 43, 43, 43, 43, 44, 44, 44, 44, 44, 44, 44, 44, 44, 45, 45, 45, 45, 45, 45, 45, 45, 45, 45, 45, 45, 46, 46, 46, 46, 46, 46, 46, 46, 46, 46, 46, 46, 46, 46, 46, 46, 46, 46, 46, 46, 46, 47, 40, 47, 40, 47, 40, 47, 47, 47, 47, 47, 47, 47, 47, 47, 48, 48, 48, 48, 48, 48, 48, 48, 48, 48, 48, 48, 48, 48, 48, 49, 49, 49, 49, 49, 49, 49, 49, 49, 49, 49, 49, 49, 49, 49, 50, 50, 50, 50, 50, 50, 50, 50, 50, 51, 51, 51, 51, 51, 51, 51, 51, 51, 51, 51, 51, 51, 51, 51, 51, 51, 51, 51, 51, 51, 51, 51, 51, 52, 3, 52, 3, 52, 3, 52, 3, 52, 3, 52, 3, 52, 3, 52, 3, 52, 52, 52, 52, 52, 52, 52, 52, 52, 52, 52, 52, 52, 52, 52, 52, 53, 53, 53, 53, 53, 53, 53, 53, 53, 53, 53, 53, 53, 53, 53, 53, 53, 53, 53, 53, 53, 53, 53, 53, 53, 53, 53, 53, 53, 53, 53, 53, 54, 54, 54, 54, 54, 54, 54, 54, 54, 54, 54, 54, 54, 54, 54, 54, 54, 54, 54, 54, 54, 54, 54, 54, 54, 54, 54, 54, 54, 54, 54, 54, 55, 55, 55, 55, 55, 55, 55, 55, 55, 55, 55, 55, 55, 55, 55, 55, 55, 55, 55, 55, 55, 55, 55, 55, 55, 55, 55, 55, 55, 55, 55, 55, 56, 53, 56, 53, 56, 53, 56, 56, 56, 56, 56, 56, 57, 57, 57, 57, 57, 57, 58, 58, 58, 58, 58, 58, 58, 58, 58, 59, 59, 59, 59, 59, 59, 59, 59, 59, 59, 59, 59, 59, 59, 59, 60, 54, 60, 54, 60, 54, 60, 60, 60, 60, 60, 60, 60, 60, 60, 61, 61, 61, 61, 61, 61, 62, 62, 62, 62, 62, 62, 62, 62, 62, 62, 62, 62, 63, 63, 63, 63, 63, 63, 63, 63, 63, 63, 63, 63, 64, 54, 64, 54, 64, 54, 64, 64, 64, 65, 65, 65, 65, 65, 65, 65, 65, 65, 65, 65, 65, 65, 65, 65, 66, 66, 66, 67, 67, 67, 67, 67, 67, 67, 67, 67, 67, 67, 67, 67, 67, 67, 68, 55, 68, 55, 68, 55, 68, 68, 68, 68, 68, 68, 68, 68, 68, 68, 68, 68, 69, 69, 69, 69, 69, 69, 69, 69, 69, 69, 69, 69, 69, 69, 69, 70, 70, 70, 70, 70, 70, 70, 70, 70, 70, 70, 70, 70, 70, 70, 70, 70, 70, 70, 70, 70, 71, 71, 71, 71, 71, 71, 71, 71, 71, 71, 71, 71, 71, 71, 71, 71, 71, 71, 71, 71, 71, 72, 5, 72, 5, 72, 5, 72, 5, 72, 5, 72, 5, 72, 5, 72, 5, 72, 72, 72, 72, 72, 72, 72, 72, 72, 72, 72, 72, 72, 72, 72, 72, 72, 72, 72, 72, 72, 72, 72, 72, 73, 73, 73, 73, 73, 73, 73, 73, 73, 73, 73, 73, 73, 73, 73, 73, 73, 73, 73, 73, 73, 73, 73, 73, 73, 73, 73, 73, 73, 73, 73, 73, 73, 73, 73, 73, 73, 73, 73, 73, 73, 73, 73, 73, 73, 73, 73, 73, 74, 74, 74, 74, 74, 74, 74, 74, 74, 74, 74, 74, 74, 74, 74, 74, 74, 74, 74, 74, 74, 74, 74, 74, 74, 74, 74, 74, 74, 74, 74, 74, 74, 74, 74, 74, 74, 74, 74, 74, 75, 75, 75, 75, 75, 75, 75, 75, 75, 75, 75, 75, 75, 75, 75, 75, 75, 75, 75, 75, 75, 75, 75, 75, 75, 75, 75, 75, 75, 75, 75, 75, 75, 75, 75, 75, 75, 75, 75, 75, 75, 75, 75, 75, 75, 75, 75, 75, 75, 75, 75, 75, 75, 75, 75, 75, 76, 73, 76, 73, 76, 73, 76, 76, 76, 77, 77, 77, 77, 77, 77, 77, 77, 77, 78, 78, 78, 78, 78, 78, 78, 78, 78, 79, 79, 79, 79, 79, 79, 79, 79, 79, 79, 79, 79, 80, 80, 80, 80, 80, 80, 80, 80, 80, 80, 80, 80, 80, 80, 80, 81, 74, 81, 74, 81, 74, 81, 81, 81, 82, 82, 82, 82, 82, 82, 83, 83, 83, 83, 83, 83, 83, 83, 83, 83, 83, 83, 83, 83, 83, 84, 84, 84, 84, 84, 84, 84, 84, 84, 85, 85, 85, 85, 85, 85, 85, 85, 85, 85, 85, 85, 85, 85, 85, 85, 85, 85, 86, 10, 86, 10, 86, 10, 86, 10, 86, 10, 86, 10, 86, 86, 86, 86, 86, 86, 87, 87, 87, 87, 87, 87, 87, 87, 87, 87, 87, 87, 87, 87, 87, 87, 87, 87, 87, 87, 87, 87, 87, 87, 87, 87, 87, 87, 87, 87, 88, 88, 88, 88, 88, 88, 88, 88, 88, 88, 88, 88, 88, 88, 88, 88, 88, 88, 88, 88, 88, 88, 88, 88, 88, 88, 88, 88, 88, 88, 89, 86, 89, 86, 89, 86, 89, 89, 89, 90, 90, 90, 90, 90, 90, 90, 90, 90, 91, 91, 91, 91, 91, 91, 91, 91, 91, 92, 92, 92, 92, 92, 92, 92, 92, 92, 92, 92, 92, 93, 87, 93, 87, 93, 87, 93, 93, 93, 94, 94, 94, 94, 94, 94, 94, 94, 94, 94, 94, 94, 95, 95, 95, 95, 95, 95, 96, 96, 96, 96, 96, 96, 96, 96, 96, 96, 96, 96, 96, 96, 96, 97, 87, 97, 87, 97, 87, 97, 97, 97, 98, 98, 98, 98, 98, 98, 98, 98, 98, 99, 99, 99, 99, 99, 99, 99, 99, 99, 100, 100, 100, 100, 100, 100, 100, 100, 100, 100, 100, 100, 101, 88, 101, 88, 101, 88, 101, 101, 101, 101, 101, 101, 102, 102, 102, 102, 102, 102, 102, 102, 102, 102, 102, 102, 102, 102, 102, 103, 103, 103, 103, 103, 103, 103, 103, 103, 103, 103, 103, 103, 103, 103, 104, 104, 104, 104, 104, 104, 104, 104, 104, 104, 104, 104, 104, 104, 104] (
                elementSize = 1
                interpolation = "vertex"
            )
            uniform float[] primvars:skel:jointWeights = [1, 1, 1, 1, 1, 1, 1, 1, 1, 1, 1, 1, 1, 1, 1, 1, 1, 1, 1, 1, 1, 1, 1, 1, 1, 1, 1, 1, 1, 1, 1, 1, 1, 1, 1, 1, 1, 1, 1, 1, 1, 1, 1, 1, 1, 1, 1, 1, 1, 1, 1, 1, 1, 1, 1, 1, 1, 1, 1, 1, 1, 1, 1, 1, 1, 1, 1, 1, 1, 1, 1, 1, 1, 1, 1, 1, 1, 1, 1, 1, 1, 1, 1, 1, 1, 1, 1, 1, 1, 1, 1, 1, 1, 1, 1, 1, 1, 1, 1, 1, 1, 1, 1, 1, 1, 1, 1, 1, 1, 1, 1, 1, 1, 1, 1, 1, 1, 1, 1, 1, 1, 1, 1, 1, 1, 1, 1, 1, 1, 1, 1, 1, 1, 1, 1, 1, 1, 1, 1, 1, 1, 1, 1, 1, 1, 1, 1, 1, 1, 1, 1, 1, 1, 1, 1, 1, 1, 1, 1, 1, 1, 1, 1, 1, 1, 1, 1, 1, 1, 1, 1, 1, 1, 1, 1, 1, 1, 1, 1, 1, 1, 1, 1, 1, 1, 1, 1, 1, 1, 1, 1, 1, 1, 1, 1, 1, 1, 1, 1, 1, 1, 1, 1, 1, 1, 1, 1, 1, 1, 1, 1, 1, 1, 1, 1, 1, 1, 1, 1, 1, 1, 1, 1, 1, 1, 1, 1, 1, 1, 1, 1, 1, 1, 1, 1, 1, 1, 1, 1, 1, 1, 1, 1, 1, 1, 1, 1, 1, 1, 1, 1, 1, 1, 1, 1, 1, 1, 1, 1, 1, 1, 1, 1, 1, 1, 1, 1, 1, 1, 1, 1, 1, 1, 1, 1, 1, 1, 1, 1, 1, 1, 1, 1, 1, 1, 1, 1, 1, 1, 1, 1, 1, 1, 1, 1, 1, 1, 1, 1, 1, 1, 1, 1, 1, 1, 1, 1, 1, 1, 1, 1, 1, 1, 1, 1, 1, 1, 1, 1, 1, 1, 1, 1, 1, 1, 1, 1, 1, 1, 1, 1, 1, 1, 1, 1, 1, 1, 1, 1, 1, 1, 1, 1, 1, 1, 1, 1, 1, 1, 1, 1, 1, 1, 1, 1, 1, 1, 1, 1, 1, 1, 1, 1, 1, 1, 1, 1, 1, 1, 1, 1, 1, 1, 1, 1, 1, 1, 1, 1, 1, 1, 1, 1, 1, 1, 1, 1, 1, 1, 1, 1, 1, 1, 1, 1, 1, 1, 1, 1, 1, 1, 1, 1, 1, 1, 1, 1, 1, 1, 1, 1, 1, 1, 1, 1, 1, 1, 1, 1, 1, 1, 1, 1, 1, 1, 1, 1, 1, 1, 1, 1, 1, 1, 1, 1, 1, 1, 1, 1, 1, 1, 1, 1, 1, 1, 1, 1, 1, 1, 1, 1, 1, 1, 1, 1, 1, 1, 1, 1, 1, 1, 1, 1, 1, 1, 1, 1, 1, 1, 1, 1, 1, 1, 1, 1, 1, 1, 1, 1, 1, 1, 1, 1, 1, 1, 1, 1, 1, 1, 1, 1, 1, 1, 1, 1, 1, 1, 1, 1, 1, 1, 1, 1, 1, 1, 1, 1, 1, 1, 1, 1, 1, 1, 1, 1, 1, 1, 1, 1, 1, 1, 1, 1, 1, 1, 1, 1, 1, 1, 1, 1, 1, 1, 1, 1, 1, 1, 1, 1, 1, 1, 1, 1, 1, 1, 1, 1, 1, 1, 1, 1, 1, 1, 1, 1, 1, 1, 1, 1, 1, 1, 1, 1, 1, 1, 1, 1, 1, 1, 1, 1, 1, 1, 1, 1, 1, 1, 1, 1, 1, 1, 1, 1, 1, 1, 1, 1, 1, 1, 1, 1, 1, 1, 1, 1, 1, 1, 1, 1, 1, 1, 1, 1, 1, 1, 1, 1, 1, 1, 1, 1, 1, 1, 1, 1, 1, 1, 1, 1, 1, 1, 1, 1, 1, 1, 1, 1, 1, 1, 1, 1, 1, 1, 1, 1, 1, 1, 1, 1, 1, 1, 1, 1, 1, 1, 1, 1, 1, 1, 1, 1, 1, 1, 1, 1, 1, 1, 1, 1, 1, 1, 1, 1, 1, 1, 1, 1, 1, 1, 1, 1, 1, 1, 1, 1, 1, 1, 1, 1, 1, 1, 1, 1, 1, 1, 1, 1, 1, 1, 1, 1, 1, 1, 1, 1, 1, 1, 1, 1, 1, 1, 1, 1, 1, 1, 1, 1, 1, 1, 1, 1, 1, 1, 1, 1, 1, 1, 1, 1, 1, 1, 1, 1, 1, 1, 1, 1, 1, 1, 1, 1, 1, 1, 1, 1, 1, 1, 1, 1, 1, 1, 1, 1, 1, 1, 1, 1, 1, 1, 1, 1, 1, 1, 1, 1, 1, 1, 1, 1, 1, 1, 1, 1, 1, 1, 1, 1, 1, 1, 1, 1, 1, 1, 1, 1, 1, 1, 1, 1, 1, 1, 1, 1, 1, 1, 1, 1, 1, 1, 1, 1, 1, 1, 1, 1, 1, 1, 1, 1, 1, 1, 1, 1, 1, 1, 1, 1, 1, 1, 1, 1, 1, 1, 1, 1, 1, 1, 1, 1, 1, 1, 1, 1, 1, 1, 1, 1, 1, 1, 1, 1, 1, 1, 1, 1, 1, 1, 1, 1, 1, 1, 1, 1, 1, 1, 1, 1, 1, 1, 1, 1, 1, 1, 1, 1, 1, 1, 1, 1, 1, 1, 1, 1, 1, 1, 1, 1, 1, 1, 1, 1, 1, 1, 1, 1, 1, 1, 1, 1, 1, 1, 1, 1, 1, 1, 1, 1, 1, 1, 1, 1, 1, 1, 1, 1, 1, 1, 1, 1, 1, 1, 1, 1, 1, 1, 1, 1, 1, 1, 1, 1, 1, 1, 1, 1, 1, 1, 1, 1, 1, 1, 1, 1, 1, 1, 1, 1, 1, 1, 1, 1, 1, 1, 1, 1, 1, 1, 1, 1, 1, 1, 1, 1, 1, 1, 1, 1, 1, 1, 1, 1, 1, 1, 1, 1, 1, 1, 1, 1, 1, 1, 1, 1, 1, 1, 1, 1, 1, 1, 1, 1, 1, 1, 1, 1, 1, 1, 1, 1, 1, 1, 1, 1, 1, 1, 1, 1, 1, 1, 1, 1, 1, 1, 1, 1, 1, 1, 1, 1, 1, 1, 1, 1, 1, 1, 1, 1, 1, 1, 1, 1, 1, 1, 1, 1, 1, 1, 1, 1, 1, 1, 1, 1, 1, 1, 1, 1, 1, 1, 1, 1, 1, 1, 1, 1, 1, 1, 1, 1, 1, 1, 1, 1, 1, 1, 1, 1, 1, 1, 1, 1, 1, 1, 1, 1, 1, 1, 1, 1, 1, 1, 1, 1, 1, 1, 1, 1, 1, 1, 1, 1, 1, 1, 1, 1, 1, 1, 1, 1, 1, 1, 1, 1, 1, 1, 1, 1, 1, 1, 1, 1, 1, 1, 1, 1, 1, 1, 1, 1, 1, 1, 1, 1, 1, 1, 1, 1, 1, 1, 1, 1, 1, 1, 1, 1, 1, 1, 1, 1, 1, 1, 1, 1, 1, 1, 1, 1, 1, 1, 1, 1, 1, 1, 1, 1, 1, 1, 1, 1, 1, 1, 1, 1, 1, 1, 1, 1, 1, 1, 1, 1, 1, 1, 1, 1, 1, 1, 1, 1, 1, 1, 1, 1, 1, 1, 1, 1, 1, 1, 1, 1, 1, 1, 1, 1, 1, 1, 1, 1, 1, 1, 1, 1, 1, 1, 1, 1, 1, 1, 1, 1, 1, 1, 1, 1, 1, 1, 1, 1, 1, 1, 1, 1, 1, 1, 1, 1, 1, 1, 1, 1, 1, 1, 1, 1, 1, 1, 1, 1, 1, 1, 1, 1, 1, 1, 1, 1, 1, 1, 1, 1, 1, 1, 1, 1, 1, 1, 1, 1, 1, 1, 1, 1, 1, 1, 1, 1, 1, 1, 1, 1, 1, 1, 1, 1, 1, 1, 1, 1, 1, 1, 1, 1, 1, 1, 1, 1, 1, 1, 1, 1, 1, 1, 1, 1, 1, 1, 1, 1, 1, 1, 1, 1, 1, 1, 1, 1, 1, 1, 1, 1, 1, 1, 1, 1, 1, 1, 1, 1, 1, 1, 1, 1, 1, 1, 1, 1, 1, 1, 1, 1, 1, 1, 1, 1, 1, 1, 1, 1, 1, 1, 1, 1, 1, 1, 1, 1, 1, 1, 1, 1, 1, 1, 1, 1, 1, 1, 1, 1, 1, 1, 1, 1, 1, 1, 1, 1, 1, 1, 1, 1, 1, 1, 1, 1, 1, 1, 1, 1, 1, 1, 1, 1, 1, 1, 1, 1, 1, 1, 1, 1, 1, 1, 1, 1, 1, 1, 1, 1, 1, 1, 1, 1, 1, 1, 1, 1, 1, 1, 1, 1, 1, 1, 1, 1, 1, 1, 1, 1, 1, 1, 1, 1, 1, 1, 1, 1, 1, 1, 1, 1, 1, 1, 1, 1, 1, 1, 1, 1, 1, 1, 1, 1, 1, 1, 1, 1, 1, 1, 1, 1, 1, 1, 1, 1, 1, 1, 1, 1, 1, 1, 1, 1, 1, 1, 1, 1, 1, 1, 1, 1, 1, 1, 1, 1, 1, 1, 1, 1, 1, 1, 1, 1, 1, 1, 1, 1, 1, 1, 1, 1, 1, 1, 1, 1, 1, 1, 1, 1, 1, 1, 1, 1, 1, 1, 1, 1, 1, 1, 1, 1, 1, 1, 1, 1, 1, 1, 1, 1, 1, 1, 1, 1, 1, 1, 1, 1, 1, 1, 1, 1, 1, 1, 1, 1, 1, 1, 1, 1, 1, 1, 1, 1, 1, 1, 1, 1, 1, 1, 1, 1, 1, 1, 1, 1, 1, 1, 1, 1, 1, 1, 1, 1, 1, 1, 1, 1, 1, 1, 1, 1, 1, 1, 1, 1, 1, 1, 1, 1, 1, 1, 1, 1, 1, 1, 1, 1, 1, 1, 1, 1, 1, 1, 1, 1, 1, 1, 1, 1, 1, 1, 1, 1, 1, 1, 1, 1, 1, 1, 1, 1, 1, 1, 1, 1, 1, 1, 1, 1, 1, 1, 1, 1, 1, 1, 1, 1, 1, 1, 1, 1, 1, 1, 1, 1, 1, 1, 1, 1, 1, 1, 1, 1, 1, 1, 1, 1, 1, 1, 1, 1, 1, 1, 1, 1, 1, 1, 1, 1, 1, 1, 1, 1, 1, 1, 1, 1, 1, 1, 1, 1, 1, 1, 1, 1, 1, 1, 1, 1, 1, 1, 1, 1, 1, 1, 1, 1, 1, 1, 1, 1, 1, 1, 1, 1, 1, 1, 1, 1, 1, 1, 1, 1, 1, 1, 1, 1, 1, 1, 1, 1, 1, 1, 1, 1, 1, 1, 1, 1, 1, 1, 1, 1, 1, 1, 1, 1, 1, 1, 1, 1, 1, 1, 1, 1, 1, 1, 1, 1, 1, 1, 1, 1, 1, 1, 1, 1, 1, 1, 1, 1, 1, 1, 1, 1, 1, 1, 1, 1, 1, 1, 1, 1, 1, 1, 1, 1, 1, 1, 1, 1, 1, 1, 1, 1, 1, 1, 1, 1, 1, 1, 1, 1, 1, 1, 1, 1, 1, 1, 1, 1, 1, 1, 1, 1, 1, 1, 1, 1, 1, 1, 1, 1, 1, 1, 1, 1, 1, 1, 1, 1, 1, 1, 1, 1, 1, 1, 1, 1, 1, 1, 1, 1, 1, 1, 1, 1, 1, 1, 1, 1, 1, 1, 1, 1, 1, 1, 1, 1, 1, 1, 1, 1, 1, 1, 1, 1, 1, 1, 1, 1, 1, 1, 1, 1, 1, 1, 1, 1, 1, 1, 1, 1, 1, 1, 1, 1, 1, 1, 1, 1, 1, 1, 1, 1, 1, 1, 1, 1, 1, 1, 1, 1, 1, 1, 1, 1, 1, 1, 1, 1, 1, 1, 1, 1, 1, 1, 1, 1, 1, 1, 1, 1, 1, 1, 1, 1, 1, 1, 1, 1, 1, 1, 1, 1, 1, 1, 1, 1, 1, 1, 1, 1, 1, 1, 1, 1, 1, 1, 1, 1, 1, 1, 1, 1, 1, 1, 1, 1, 1, 1, 1, 1, 1, 1, 1, 1, 1, 1, 1, 1, 1, 1] (
                elementSize = 1
                interpolation = "vertex"
            )
            uniform token primvars:skel:skinningMethod = "classicLinear"
        }

        def Skeleton "MainSkeleton" (
            prepend apiSchemas = ["SkelBindingAPI"]
        )
        {
            uniform matrix4d[] bindTransforms = [( (1, 0, 0, 0), (0, 1, 0, 0), (0, 0, 1, 0), (0, 0, -0, 1) ), ( (1, 0, 0, 0), (0, 1, 0, 0), (0, 0, 1, 0), (-0.00409338, 0.585628, -0.0130253, 1) ), ( (1, 0, 0, 0), (0, 1, 0, 0), (0, 0, 1, 0), (-0.00364322, 1.19022, -0.0267903, 1) ), ( (1, 0, 0, 0), (0, 1, 0, 0), (0, 0, 1, 0), (-0.00321774, 1.81573, -0.0358925, 1) ), ( (1, 0, 0, 0), (0, 1, 0, 0), (0, 0, 1, 0), (0.00184003, 2.46452, -0.0135258, 1) ), ( (1, 0, 0, 0), (0, 1, 0, 0), (0, 0, 1, 0), (0.0478149, 3.13938, 0.00555423, 1) ), ( (1, 0, 0, 0), (0, 1, 0, 0), (0, 0, 1, 0), (0.0591599, 3.84373, -0.0217053, 1) ), ( (1, 0, 0, 0), (0, 1, 0, 0), (0, 0, 1, 0), (0.0768147, 4.58183, -0.0617172, 1) ), ( (1, 0, 0, 0), (0, 1, 0, 0), (0, 0, 1, 0), (0.107411, 5.35903, -0.0595996, 1) ), ( (1, 0, 0, 0), (0, 1, 0, 0), (0, 0, 1, 0), (0.163621, 6.18231, -0.0499368, 1) ), ( (1, 0, 0, 0), (0, 1, 0, 0), (0, 0, 1, 0), (0.145888, 7.06098, -0.0964023, 1) ), ( (1, 0, 0, 0), (0, 1, 0, 0), (0, 0, 1, 0), (0.0636858, 5.17156, -0.175645, 1) ), ( (1, 0, 0, 0), (0, 1, 0, 0), (0, 0, 1, 0), (-0.10909, 5.7197, -0.848997, 1) ), ( (1, 0, 0, 0), (0, 1, 0, 0), (0, 0, 1, 0), (-0.222467, 6.35302, -1.55581, 1) ), ( (1, 0, 0, 0), (0, 1, 0, 0), (0, 0, 1, 0), (-0.546383, 6.7646, -2.36425, 1) ), ( (1, 0, 0, 0), (0, 1, 0, 0), (0, 0, 1, 0), (-0.180903, 6.47178, -1.68627, 1) ), ( (1, 0, 0, 0), (0, 1, 0, 0), (0, 0, 1, 0), (0.0246285, 6.67224, -1.80675, 1) ), ( (1, 0, 0, 0), (0, 1, 0, 0), (0, 0, 1, 0), (0.247084, 6.93783, -2.14282, 1) ), ( (1, 0, 0, 0), (0, 1, 0, 0), (0, 0, 1, 0), (0.312734, 7.23365, -2.39898, 1) ), ( (1, 0, 0, 0), (0, 1, 0, 0), (0, 0, 1, 0), (0.321579, 7.55332, -2.65163, 1) ), ( (1, 0, 0, 0), (0, 1, 0, 0), (0, 0, 1, 0), (-0.667452, 6.85473, -2.46677, 1) ), ( (1, 0, 0, 0), (0, 1, 0, 0), (0, 0, 1, 0), (-0.981517, 7.00759, -2.61287, 1) ), ( (1, 0, 0, 0), (0, 1, 0, 0), (0, 0, 1, 0), (-1.22805, 7.18561, -2.82847, 1) ), ( (1, 0, 0, 0), (0, 1, 0, 0), (0, 0, 1, 0), (-1.5524, 7.32288, -2.96332, 1) ), ( (1, 0, 0, 0), (0, 1, 0, 0), (0, 0, 1, 0), (-1.95019, 7.41467, -3.15782, 1) ), ( (1, 0, 0, 0), (0, 1, 0, 0), (0, 0, 1, 0), (0.054386, 6.95966, -0.061678, 1) ), ( (1, 0, 0, 0), (0, 1, 0, 0), (0, 0, 1, 0), (-0.325381, 7.61749, 0.161312, 1) ), ( (1, 0, 0, 0), (0, 1, 0, 0), (0, 0, 1, 0), (-1.00165, 8.26474, 0.355808, 1) ), ( (1, 0, 0, 0), (0, 1, 0, 0), (0, 0, 1, 0), (-1.5333, 8.84433, 0.584053, 1) ), ( (1, 0, 0, 0), (0, 1, 0, 0), (0, 0, 1, 0), (-0.813402, 8.11806, 0.207973, 1) ), ( (1, 0, 0, 0), (0, 1, 0, 0), (0, 0, 1, 0), (-0.997008, 8.383, -0.0646638, 1) ), ( (1, 0, 0, 0), (0, 1, 0, 0), (0, 0, 1, 0), (-1.22866, 8.72565, -0.197617, 1) ), ( (1, 0, 0, 0), (0, 1, 0, 0), (0, 0, 1, 0), (-1.56274, 9.00827, -0.192927, 1) ), ( (1, 0, 0, 0), (0, 1, 0, 0), (0, 0, 1, 0), (-1.30719, 8.50078, 0.596825, 1) ), ( (1, 0, 0, 0), (0, 1, 0, 0), (0, 0, 1, 0), (-1.63132, 8.52064, 0.873293, 1) ), ( (1, 0, 0, 0), (0, 1, 0, 0), (0, 0, 1, 0), (-1.86523, 8.69053, 1.09632, 1) ), ( (1, 0, 0, 0), (0, 1, 0, 0), (0, 0, 1, 0), (-2.2133, 8.85184, 1.3986, 1) ), ( (1, 0, 0, 0), (0, 1, 0, 0), (0, 0, 1, 0), (0.127976, 4.95168, 0.0558567, 1) ), ( (1, 0, 0, 0), (0, 1, 0, 0), (0, 0, 1, 0), (0.288053, 5.419, 0.641238, 1) ), ( (1, 0, 0, 0), (0, 1, 0, 0), (0, 0, 1, 0), (0.5105, 5.84349, 1.31792, 1) ), ( (1, 0, 0, 0), (0, 1, 0, 0), (0, 0, 1, 0), (0.666344, 6.33401, 1.73721, 1) ), ( (1, 0, 0, 0), (0, 1, 0, 0), (0, 0, 1, 0), (0.886404, 7.13897, 2.31145, 1) ), ( (1, 0, 0, 0), (0, 1, 0, 0), (0, 0, 1, 0), (0.586737, 5.90265, 1.47857, 1) ), ( (1, 0, 0, 0), (0, 1, 0, 0), (0, 0, 1, 0), (0.766525, 5.83658, 1.84884, 1) ), ( (1, 0, 0, 0), (0, 1, 0, 0), (0, 0, 1, 0), (1.01438, 5.8677, 2.20715, 1) ), ( (1, 0, 0, 0), (0, 1, 0, 0), (0, 0, 1, 0), (1.05282, 5.96562, 2.55236, 1) ), ( (1, 0, 0, 0), (0, 1, 0, 0), (0, 0, 1, 0), (1.06846, 6.15305, 2.97202, 1) ), ( (1, 0, 0, 0), (0, 1, 0, 0), (0, 0, 1, 0), (0.83268, 7.06124, 2.17924, 1) ), ( (1, 0, 0, 0), (0, 1, 0, 0), (0, 0, 1, 0), (0.845476, 7.36008, 2.21074, 1) ), ( (1, 0, 0, 0), (0, 1, 0, 0), (0, 0, 1, 0), (0.835685, 7.80183, 2.41664, 1) ), ( (1, 0, 0, 0), (0, 1, 0, 0), (0, 0, 1, 0), (0.948633, 8.12658, 2.52261, 1) ), ( (1, 0, 0, 0), (0, 1, 0, 0), (0, 0, 1, 0), (1.09265, 8.52984, 2.74265, 1) ), ( (1, 0, 0, 0), (0, 1, 0, 0), (0, 0, 1, 0), (-0.154065, 1.97458, -0.109908, 1) ), ( (1, 0, 0, 0), (0, 1, 0, 0), (0, 0, 1, 0), (-0.689113, 2.33976, -0.409884, 1) ), ( (1, 0, 0, 0), (0, 1, 0, 0), (0, 0, 1, 0), (-1.19383, 2.84166, -0.773417, 1) ), ( (1, 0, 0, 0), (0, 1, 0, 0), (0, 0, 1, 0), (-1.92548, 3.27294, -1.31449, 1) ), ( (1, 0, 0, 0), (0, 1, 0, 0), (0, 0, 1, 0), (-1.09101, 2.76665, -0.596117, 1) ), ( (1, 0, 0, 0), (0, 1, 0, 0), (0, 0, 1, 0), (-1.28589, 2.97316, -0.443869, 1) ), ( (1, 0, 0, 0), (0, 1, 0, 0), (0, 0, 1, 0), (-1.51915, 3.1971, -0.286472, 1) ), ( (1, 0, 0, 0), (0, 1, 0, 0), (0, 0, 1, 0), (-1.93487, 3.60036, -0.290017, 1) ), ( (1, 0, 0, 0), (0, 1, 0, 0), (0, 0, 1, 0), (-1.26247, 3.02754, -0.911884, 1) ), ( (1, 0, 0, 0), (0, 1, 0, 0), (0, 0, 1, 0), (-1.25607, 3.3573, -1.10658, 1) ), ( (1, 0, 0, 0), (0, 1, 0, 0), (0, 0, 1, 0), (-1.31502, 3.51896, -1.20181, 1) ), ( (1, 0, 0, 0), (0, 1, 0, 0), (0, 0, 1, 0), (-1.58055, 3.91732, -1.54124, 1) ), ( (1, 0, 0, 0), (0, 1, 0, 0), (0, 0, 1, 0), (-1.76707, 3.14634, -1.30141, 1) ), ( (1, 0, 0, 0), (0, 1, 0, 0), (0, 0, 1, 0), (-1.9611, 3.16318, -1.61981, 1) ), ( (1, 0, 0, 0), (0, 1, 0, 0), (0, 0, 1, 0), (-2.27767, 3.27241, -1.91679, 1) ), ( (1, 0, 0, 0), (0, 1, 0, 0), (0, 0, 1, 0), (-2.311, 3.30911, -1.97715, 1) ), ( (1, 0, 0, 0), (0, 1, 0, 0), (0, 0, 1, 0), (-2.15196, 3.33558, -1.35497, 1) ), ( (1, 0, 0, 0), (0, 1, 0, 0), (0, 0, 1, 0), (-2.48806, 3.45698, -1.4385, 1) ), ( (1, 0, 0, 0), (0, 1, 0, 0), (0, 0, 1, 0), (-2.88135, 3.6046, -1.42394, 1) ), ( (1, 0, 0, 0), (0, 1, 0, 0), (0, 0, 1, 0), (-3.29467, 3.70539, -1.49192, 1) ), ( (1, 0, 0, 0), (0, 1, 0, 0), (0, 0, 1, 0), (-0.01435, 3.28323, 0.123668, 1) ), ( (1, 0, 0, 0), (0, 1, 0, 0), (0, 0, 1, 0), (-0.172502, 3.79913, 0.721177, 1) ), ( (1, 0, 0, 0), (0, 1, 0, 0), (0, 0, 1, 0), (-0.747859, 4.51539, 1.26108, 1) ), ( (1, 0, 0, 0), (0, 1, 0, 0), (0, 0, 1, 0), (-1.03831, 4.94524, 1.95888, 1) ), ( (1, 0, 0, 0), (0, 1, 0, 0), (0, 0, 1, 0), (-0.673023, 4.34909, 0.954074, 1) ), ( (1, 0, 0, 0), (0, 1, 0, 0), (0, 0, 1, 0), (-0.850973, 4.53447, 0.820003, 1) ), ( (1, 0, 0, 0), (0, 1, 0, 0), (0, 0, 1, 0), (-1.10332, 4.69444, 0.765935, 1) ), ( (1, 0, 0, 0), (0, 1, 0, 0), (0, 0, 1, 0), (-1.44548, 4.91398, 0.766999, 1) ), ( (1, 0, 0, 0), (0, 1, 0, 0), (0, 0, 1, 0), (-1.83264, 5.22505, 0.84189, 1) ), ( (1, 0, 0, 0), (0, 1, 0, 0), (0, 0, 1, 0), (-0.781804, 4.63033, 1.63589, 1) ), ( (1, 0, 0, 0), (0, 1, 0, 0), (0, 0, 1, 0), (-0.701925, 4.60743, 1.92025, 1) ), ( (1, 0, 0, 0), (0, 1, 0, 0), (0, 0, 1, 0), (-0.567413, 4.60977, 2.37086, 1) ), ( (1, 0, 0, 0), (0, 1, 0, 0), (0, 0, 1, 0), (-0.476505, 4.68038, 2.75049, 1) ), ( (1, 0, 0, 0), (0, 1, 0, 0), (0, 0, 1, 0), (-0.54338, 4.79269, 2.95515, 1) ), ( (1, 0, 0, 0), (0, 1, 0, 0), (0, 0, 1, 0), (0.173988, 8, -0.0794317, 1) ), ( (1, 0, 0, 0), (0, 1, 0, 0), (0, 0, 1, 0), (0.206751, 8.80747, -0.126358, 1) ), ( (1, 0, 0, 0), (0, 1, 0, 0), (0, 0, 1, 0), (0.082497, 9.82069, -0.126045, 1) ), ( (1, 0, 0, 0), (0, 1, 0, 0), (0, 0, 1, 0), (0.337416, 8.61801, -0.128686, 1) ), ( (1, 0, 0, 0), (0, 1, 0, 0), (0, 0, 1, 0), (0.56921, 8.72308, -0.154844, 1) ), ( (1, 0, 0, 0), (0, 1, 0, 0), (0, 0, 1, 0), (0.863095, 9.05068, -0.164259, 1) ), ( (1, 0, 0, 0), (0, 1, 0, 0), (0, 0, 1, 0), (0.962192, 9.46973, -0.230016, 1) ), ( (1, 0, 0, 0), (0, 1, 0, 0), (0, 0, 1, 0), (0.1615, 9.00473, -0.247954, 1) ), ( (1, 0, 0, 0), (0, 1, 0, 0), (0, 0, 1, 0), (0.0938832, 9.14, -0.520819, 1) ), ( (1, 0, 0, 0), (0, 1, 0, 0), (0, 0, 1, 0), (0.0173171, 9.45283, -0.807, 1) ), ( (1, 0, 0, 0), (0, 1, 0, 0), (0, 0, 1, 0), (-0.110152, 9.69569, -0.999131, 1) ), ( (1, 0, 0, 0), (0, 1, 0, 0), (0, 0, 1, 0), (0.175943, 9.42819, -0.263419, 1) ), ( (1, 0, 0, 0), (0, 1, 0, 0), (0, 0, 1, 0), (0.193187, 9.63643, -0.472064, 1) ), ( (1, 0, 0, 0), (0, 1, 0, 0), (0, 0, 1, 0), (0.188601, 9.98216, -0.691998, 1) ), ( (1, 0, 0, 0), (0, 1, 0, 0), (0, 0, 1, 0), (0.199137, 10.3679, -0.830565, 1) ), ( (1, 0, 0, 0), (0, 1, 0, 0), (0, 0, 1, 0), (0.0699732, 10.236, -0.044489, 1) ), ( (1, 0, 0, 0), (0, 1, 0, 0), (0, 0, 1, 0), (-0.0519462, 10.4575, 0.0266228, 1) ), ( (1, 0, 0, 0), (0, 1, 0, 0), (0, 0, 1, 0), (-0.165967, 10.882, 0.141274, 1) ), ( (1, 0, 0, 0), (0, 1, 0, 0), (0, 0, 1, 0), (-0.157903, 11.2755, 0.149172, 1) )]
            uniform token[] jointNames = ["root", "bone_001", "bone_002", "bone_003", "bone_004", "bone_005", "bone_006", "bone_007", "bone_008", "bone_009", "bone_010", "bone_011", "bone_012", "bone_013", "bone_014", "bone_015", "bone_016", "bone_017", "bone_018", "bone_019", "bone_020", "bone_021", "bone_022", "bone_023", "bone_024", "bone_025", "bone_026", "bone_027", "bone_028", "bone_029", "bone_030", "bone_031", "bone_032", "bone_033", "bone_034", "bone_035", "bone_036", "bone_037", "bone_038", "bone_039", "bone_040", "bone_041", "bone_042", "bone_043", "bone_044", "bone_045", "bone_046", "bone_047", "bone_048", "bone_049", "bone_050", "bone_051", "bone_052", "bone_053", "bone_054", "bone_055", "bone_056", "bone_057", "bone_058", "bone_059", "bone_060", "bone_061", "bone_062", "bone_063", "bone_064", "bone_065", "bone_066", "bone_067", "bone_068", "bone_069", "bone_070", "bone_071", "bone_072", "bone_073", "bone_074", "bone_075", "bone_076", "bone_077", "bone_078", "bone_079", "bone_080", "bone_081", "bone_082", "bone_083", "bone_084", "bone_085", "bone_086", "bone_087", "bone_088", "bone_089", "bone_090", "bone_091", "bone_092", "bone_093", "bone_094", "bone_095", "bone_096", "bone_097", "bone_098", "bone_099", "bone_100", "bone_101", "bone_102", "bone_103", "bone_104"]
            uniform token[] joints = ["root", "root/bone_001", "root/bone_001/bone_002", "root/bone_001/bone_002/bone_003", "root/bone_001/bone_002/bone_003/bone_004", "root/bone_001/bone_002/bone_003/bone_004/bone_005", "root/bone_001/bone_002/bone_003/bone_004/bone_005/bone_006", "root/bone_001/bone_002/bone_003/bone_004/bone_005/bone_006/bone_007", "root/bone_001/bone_002/bone_003/bone_004/bone_005/bone_006/bone_007/bone_008", "root/bone_001/bone_002/bone_003/bone_004/bone_005/bone_006/bone_007/bone_008/bone_009", "root/bone_001/bone_002/bone_003/bone_004/bone_005/bone_006/bone_007/bone_008/bone_009/bone_010", "root/bone_001/bone_002/bone_003/bone_004/bone_005/bone_006/bone_007/bone_011", "root/bone_001/bone_002/bone_003/bone_004/bone_005/bone_006/bone_007/bone_011/bone_012", "root/bone_001/bone_002/bone_003/bone_004/bone_005/bone_006/bone_007/bone_011/bone_012/bone_013", "root/bone_001/bone_002/bone_003/bone_004/bone_005/bone_006/bone_007/bone_011/bone_012/bone_013/bone_014", "root/bone_001/bone_002/bone_003/bone_004/bone_005/bone_006/bone_007/bone_011/bone_012/bone_013/bone_015", "root/bone_001/bone_002/bone_003/bone_004/bone_005/bone_006/bone_007/bone_011/bone_012/bone_013/bone_015/bone_016", "root/bone_001/bone_002/bone_003/bone_004/bone_005/bone_006/bone_007/bone_011/bone_012/bone_013/bone_015/bone_016/bone_017", "root/bone_001/bone_002/bone_003/bone_004/bone_005/bone_006/bone_007/bone_011/bone_012/bone_013/bone_015/bone_016/bone_017/bone_018", "root/bone_001/bone_002/bone_003/bone_004/bone_005/bone_006/bone_007/bone_011/bone_012/bone_013/bone_015/bone_016/bone_017/bone_018/bone_019", "root/bone_001/bone_002/bone_003/bone_004/bone_005/bone_006/bone_007/bone_011/bone_012/bone_013/bone_014/bone_020", "root/bone_001/bone_002/bone_003/bone_004/bone_005/bone_006/bone_007/bone_011/bone_012/bone_013/bone_014/bone_020/bone_021", "root/bone_001/bone_002/bone_003/bone_004/bone_005/bone_006/bone_007/bone_011/bone_012/bone_013/bone_014/bone_020/bone_021/bone_022", "root/bone_001/bone_002/bone_003/bone_004/bone_005/bone_006/bone_007/bone_011/bone_012/bone_013/bone_014/bone_020/bone_021/bone_022/bone_023", "root/bone_001/bone_002/bone_003/bone_004/bone_005/bone_006/bone_007/bone_011/bone_012/bone_013/bone_014/bone_020/bone_021/bone_022/bone_023/bone_024", "root/bone_001/bone_002/bone_003/bone_004/bone_005/bone_006/bone_007/bone_008/bone_009/bone_025", "root/bone_001/bone_002/bone_003/bone_004/bone_005/bone_006/bone_007/bone_008/bone_009/bone_025/bone_026", "root/bone_001/bone_002/bone_003/bone_004/bone_005/bone_006/bone_007/bone_008/bone_009/bone_025/bone_026/bone_027", "root/bone_001/bone_002/bone_003/bone_004/bone_005/bone_006/bone_007/bone_008/bone_009/bone_025/bone_026/bone_027/bone_028", "root/bone_001/bone_002/bone_003/bone_004/bone_005/bone_006/bone_007/bone_008/bone_009/bone_025/bone_026/bone_029", "root/bone_001/bone_002/bone_003/bone_004/bone_005/bone_006/bone_007/bone_008/bone_009/bone_025/bone_026/bone_029/bone_030", "root/bone_001/bone_002/bone_003/bone_004/bone_005/bone_006/bone_007/bone_008/bone_009/bone_025/bone_026/bone_029/bone_030/bone_031", "root/bone_001/bone_002/bone_003/bone_004/bone_005/bone_006/bone_007/bone_008/bone_009/bone_025/bone_026/bone_029/bone_030/bone_031/bone_032", "root/bone_001/bone_002/bone_003/bone_004/bone_005/bone_006/bone_007/bone_008/bone_009/bone_025/bone_026/bone_027/bone_033", "root/bone_001/bone_002/bone_003/bone_004/bone_005/bone_006/bone_007/bone_008/bone_009/bone_025/bone_026/bone_027/bone_033/bone_034", "root/bone_001/bone_002/bone_003/bone_004/bone_005/bone_006/bone_007/bone_008/bone_009/bone_025/bone_026/bone_027/bone_033/bone_034/bone_035", "root/bone_001/bone_002/bone_003/bone_004/bone_005/bone_006/bone_007/bone_008/bone_009/bone_025/bone_026/bone_027/bone_033/bone_034/bone_035/bone_036", "root/bone_001/bone_002/bone_003/bone_004/bone_005/bone_006/bone_007/bone_037", "root/bone_001/bone_002/bone_003/bone_004/bone_005/bone_006/bone_007/bone_037/bone_038", "root/bone_001/bone_002/bone_003/bone_004/bone_005/bone_006/bone_007/bone_037/bone_038/bone_039", "root/bone_001/bone_002/bone_003/bone_004/bone_005/bone_006/bone_007/bone_037/bone_038/bone_039/bone_040", "root/bone_001/bone_002/bone_003/bone_004/bone_005/bone_006/bone_007/bone_037/bone_038/bone_039/bone_040/bone_041", "root/bone_001/bone_002/bone_003/bone_004/bone_005/bone_006/bone_007/bone_037/bone_038/bone_039/bone_042", "root/bone_001/bone_002/bone_003/bone_004/bone_005/bone_006/bone_007/bone_037/bone_038/bone_039/bone_042/bone_043", "root/bone_001/bone_002/bone_003/bone_004/bone_005/bone_006/bone_007/bone_037/bone_038/bone_039/bone_042/bone_043/bone_044", "root/bone_001/bone_002/bone_003/bone_004/bone_005/bone_006/bone_007/bone_037/bone_038/bone_039/bone_042/bone_043/bone_044/bone_045", "root/bone_001/bone_002/bone_003/bone_004/bone_005/bone_006/bone_007/bone_037/bone_038/bone_039/bone_042/bone_043/bone_044/bone_045/bone_046", "root/bone_001/bone_002/bone_003/bone_004/bone_005/bone_006/bone_007/bone_037/bone_038/bone_039/bone_040/bone_047", "root/bone_001/bone_002/bone_003/bone_004/bone_005/bone_006/bone_007/bone_037/bone_038/bone_039/bone_040/bone_047/bone_048", "root/bone_001/bone_002/bone_003/bone_004/bone_005/bone_006/bone_007/bone_037/bone_038/bone_039/bone_040/bone_047/bone_048/bone_049", "root/bone_001/bone_002/bone_003/bone_004/bone_005/bone_006/bone_007/bone_037/bone_038/bone_039/bone_040/bone_047/bone_048/bone_049/bone_050", "root/bone_001/bone_002/bone_003/bone_004/bone_005/bone_006/bone_007/bone_037/bone_038/bone_039/bone_040/bone_047/bone_048/bone_049/bone_050/bone_051", "root/bone_001/bone_002/bone_003/bone_052", "root/bone_001/bone_002/bone_003/bone_052/bone_053", "root/bone_001/bone_002/bone_003/bone_052/bone_053/bone_054", "root/bone_001/bone_002/bone_003/bone_052/bone_053/bone_054/bone_055", "root/bone_001/bone_002/bone_003/bone_052/bone_053/bone_056", "root/bone_001/bone_002/bone_003/bone_052/bone_053/bone_056/bone_057", "root/bone_001/bone_002/bone_003/bone_052/bone_053/bone_056/bone_057/bone_058", "root/bone_001/bone_002/bone_003/bone_052/bone_053/bone_056/bone_057/bone_058/bone_059", "root/bone_001/bone_002/bone_003/bone_052/bone_053/bone_054/bone_060", "root/bone_001/bone_002/bone_003/bone_052/bone_053/bone_054/bone_060/bone_061", "root/bone_001/bone_002/bone_003/bone_052/bone_053/bone_054/bone_060/bone_061/bone_062", "root/bone_001/bone_002/bone_003/bone_052/bone_053/bone_054/bone_060/bone_061/bone_062/bone_063", "root/bone_001/bone_002/bone_003/bone_052/bone_053/bone_054/bone_064", "root/bone_001/bone_002/bone_003/bone_052/bone_053/bone_054/bone_064/bone_065", "root/bone_001/bone_002/bone_003/bone_052/bone_053/bone_054/bone_064/bone_065/bone_066", "root/bone_001/bone_002/bone_003/bone_052/bone_053/bone_054/bone_064/bone_065/bone_066/bone_067", "root/bone_001/bone_002/bone_003/bone_052/bone_053/bone_054/bone_055/bone_068", "root/bone_001/bone_002/bone_003/bone_052/bone_053/bone_054/bone_055/bone_068/bone_069", "root/bone_001/bone_002/bone_003/bone_052/bone_053/bone_054/bone_055/bone_068/bone_069/bone_070", "root/bone_001/bone_002/bone_003/bone_052/bone_053/bone_054/bone_055/bone_068/bone_069/bone_070/bone_071", "root/bone_001/bone_002/bone_003/bone_004/bone_005/bone_072", "root/bone_001/bone_002/bone_003/bone_004/bone_005/bone_072/bone_073", "root/bone_001/bone_002/bone_003/bone_004/bone_005/bone_072/bone_073/bone_074", "root/bone_001/bone_002/bone_003/bone_004/bone_005/bone_072/bone_073/bone_074/bone_075", "root/bone_001/bone_002/bone_003/bone_004/bone_005/bone_072/bone_073/bone_076", "root/bone_001/bone_002/bone_003/bone_004/bone_005/bone_072/bone_073/bone_076/bone_077", "root/bone_001/bone_002/bone_003/bone_004/bone_005/bone_072/bone_073/bone_076/bone_077/bone_078", "root/bone_001/bone_002/bone_003/bone_004/bone_005/bone_072/bone_073/bone_076/bone_077/bone_078/bone_079", "root/bone_001/bone_002/bone_003/bone_004/bone_005/bone_072/bone_073/bone_076/bone_077/bone_078/bone_079/bone_080", "root/bone_001/bone_002/bone_003/bone_004/bone_005/bone_072/bone_073/bone_074/bone_081", "root/bone_001/bone_002/bone_003/bone_004/bone_005/bone_072/bone_073/bone_074/bone_081/bone_082", "root/bone_001/bone_002/bone_003/bone_004/bone_005/bone_072/bone_073/bone_074/bone_081/bone_082/bone_083", "root/bone_001/bone_002/bone_003/bone_004/bone_005/bone_072/bone_073/bone_074/bone_081/bone_082/bone_083/bone_084", "root/bone_001/bone_002/bone_003/bone_004/bone_005/bone_072/bone_073/bone_074/bone_081/bone_082/bone_083/bone_084/bone_085", "root/bone_001/bone_002/bone_003/bone_004/bone_005/bone_006/bone_007/bone_008/bone_009/bone_010/bone_086", "root/bone_001/bone_002/bone_003/bone_004/bone_005/bone_006/bone_007/bone_008/bone_009/bone_010/bone_086/bone_087", "root/bone_001/bone_002/bone_003/bone_004/bone_005/bone_006/bone_007/bone_008/bone_009/bone_010/bone_086/bone_087/bone_088", "root/bone_001/bone_002/bone_003/bone_004/bone_005/bone_006/bone_007/bone_008/bone_009/bone_010/bone_086/bone_089", "root/bone_001/bone_002/bone_003/bone_004/bone_005/bone_006/bone_007/bone_008/bone_009/bone_010/bone_086/bone_089/bone_090", "root/bone_001/bone_002/bone_003/bone_004/bone_005/bone_006/bone_007/bone_008/bone_009/bone_010/bone_086/bone_089/bone_090/bone_091", "root/bone_001/bone_002/bone_003/bone_004/bone_005/bone_006/bone_007/bone_008/bone_009/bone_010/bone_086/bone_089/bone_090/bone_091/bone_092", "root/bone_001/bone_002/bone_003/bone_004/bone_005/bone_006/bone_007/bone_008/bone_009/bone_010/bone_086/bone_087/bone_093", "root/bone_001/bone_002/bone_003/bone_004/bone_005/bone_006/bone_007/bone_008/bone_009/bone_010/bone_086/bone_087/bone_093/bone_094", "root/bone_001/bone_002/bone_003/bone_004/bone_005/bone_006/bone_007/bone_008/bone_009/bone_010/bone_086/bone_087/bone_093/bone_094/bone_095", "root/bone_001/bone_002/bone_003/bone_004/bone_005/bone_006/bone_007/bone_008/bone_009/bone_010/bone_086/bone_087/bone_093/bone_094/bone_095/bone_096", "root/bone_001/bone_002/bone_003/bone_004/bone_005/bone_006/bone_007/bone_008/bone_009/bone_010/bone_086/bone_087/bone_097", "root/bone_001/bone_002/bone_003/bone_004/bone_005/bone_006/bone_007/bone_008/bone_009/bone_010/bone_086/bone_087/bone_097/bone_098", "root/bone_001/bone_002/bone_003/bone_004/bone_005/bone_006/bone_007/bone_008/bone_009/bone_010/bone_086/bone_087/bone_097/bone_098/bone_099", "root/bone_001/bone_002/bone_003/bone_004/bone_005/bone_006/bone_007/bone_008/bone_009/bone_010/bone_086/bone_087/bone_097/bone_098/bone_099/bone_100", "root/bone_001/bone_002/bone_003/bone_004/bone_005/bone_006/bone_007/bone_008/bone_009/bone_010/bone_086/bone_087/bone_088/bone_101", "root/bone_001/bone_002/bone_003/bone_004/bone_005/bone_006/bone_007/bone_008/bone_009/bone_010/bone_086/bone_087/bone_088/bone_101/bone_102", "root/bone_001/bone_002/bone_003/bone_004/bone_005/bone_006/bone_007/bone_008/bone_009/bone_010/bone_086/bone_087/bone_088/bone_101/bone_102/bone_103", "root/bone_001/bone_002/bone_003/bone_004/bone_005/bone_006/bone_007/bone_008/bone_009/bone_010/bone_086/bone_087/bone_088/bone_101/bone_102/bone_103/bone_104"]
            uniform token purpose = "guide"
            uniform matrix4d[] restTransforms = [( (1, 0, 0, 0), (0, 1, 0, 0), (0, 0, 1, 0), (0, 0, -0, 1) ), ( (1, 0, 0, 0), (0, 1, 0, 0), (0, 0, 1, 0), (-0.00409338, 0.585628, -0.0130253, 1) ), ( (1, 0, 0, 0), (0, 1, 0, 0), (0, 0, 1, 0), (0.00045016, 0.604592, -0.013765, 1) ), ( (1, 0, 0, 0), (0, 1, 0, 0), (0, 0, 1, 0), (0.00042548, 0.62551, -0.0091022, 1) ), ( (1, 0, 0, 0), (0, 1, 0, 0), (0, 0, 1, 0), (0.00505777, 0.64879, 0.0223667, 1) ), ( (1, 0, 0, 0), (0, 1, 0, 0), (0, 0, 1, 0), (0.0459749, 0.67486, 0.01908, 1) ), ( (1, 0, 0, 0), (0, 1, 0, 0), (0, 0, 1, 0), (0.011345, 0.70435, -0.0272595, 1) ), ( (1, 0, 0, 0), (0, 1, 0, 0), (0, 0, 1, 0), (0.0176548, 0.7381, -0.0400119, 1) ), ( (1, 0, 0, 0), (0, 1, 0, 0), (0, 0, 1, 0), (0.0305963, 0.7772, 0.0021176, 1) ), ( (1, 0, 0, 0), (0, 1, 0, 0), (0, 0, 1, 0), (0.05621, 0.82328, 0.0096628, 1) ), ( (1, 0, 0, 0), (0, 1, 0, 0), (0, 0, 1, 0), (-0.017733, 0.87867, -0.0464655, 1) ), ( (1, 0, 0, 0), (0, 1, 0, 0), (0, 0, 1, 0), (-0.0131289, 0.58973, -0.113928, 1) ), ( (1, 0, 0, 0), (0, 1, 0, 0), (0, 0, 1, 0), (-0.172776, 0.54814, -0.673352, 1) ), ( (1, 0, 0, 0), (0, 1, 0, 0), (0, 0, 1, 0), (-0.113377, 0.63332, -0.706813, 1) ), ( (1, 0, 0, 0), (0, 1, 0, 0), (0, 0, 1, 0), (-0.323916, 0.41158, -0.80844, 1) ), ( (1, 0, 0, 0), (0, 1, 0, 0), (0, 0, 1, 0), (0.041564, 0.11876, -0.13046, 1) ), ( (1, 0, 0, 0), (0, 1, 0, 0), (0, 0, 1, 0), (0.205532, 0.20046, -0.12048, 1) ), ( (1, 0, 0, 0), (0, 1, 0, 0), (0, 0, 1, 0), (0.222456, 0.26559, -0.33607, 1) ), ( (1, 0, 0, 0), (0, 1, 0, 0), (0, 0, 1, 0), (0.06565, 0.29582, -0.25616, 1) ), ( (1, 0, 0, 0), (0, 1, 0, 0), (0, 0, 1, 0), (0.008845, 0.31967, -0.25265, 1) ), ( (1, 0, 0, 0), (0, 1, 0, 0), (0, 0, 1, 0), (-0.121069, 0.09013, -0.10252, 1) ), ( (1, 0, 0, 0), (0, 1, 0, 0), (0, 0, 1, 0), (-0.314065, 0.15286, -0.1461, 1) ), ( (1, 0, 0, 0), (0, 1, 0, 0), (0, 0, 1, 0), (-0.246533, 0.17802, -0.2156, 1) ), ( (1, 0, 0, 0), (0, 1, 0, 0), (0, 0, 1, 0), (-0.32435, 0.13727, -0.13485, 1) ), ( (1, 0, 0, 0), (0, 1, 0, 0), (0, 0, 1, 0), (-0.39779, 0.09179, -0.1945, 1) ), ( (1, 0, 0, 0), (0, 1, 0, 0), (0, 0, 1, 0), (-0.109235, 0.77735, -0.0117412, 1) ), ( (1, 0, 0, 0), (0, 1, 0, 0), (0, 0, 1, 0), (-0.379767, 0.65783, 0.22299, 1) ), ( (1, 0, 0, 0), (0, 1, 0, 0), (0, 0, 1, 0), (-0.676269, 0.64725, 0.194496, 1) ), ( (1, 0, 0, 0), (0, 1, 0, 0), (0, 0, 1, 0), (-0.53165, 0.57959, 0.228245, 1) ), ( (1, 0, 0, 0), (0, 1, 0, 0), (0, 0, 1, 0), (-0.488021, 0.50057, 0.046661, 1) ), ( (1, 0, 0, 0), (0, 1, 0, 0), (0, 0, 1, 0), (-0.183606, 0.26494, -0.272637, 1) ), ( (1, 0, 0, 0), (0, 1, 0, 0), (0, 0, 1, 0), (-0.231652, 0.34265, -0.132953, 1) ), ( (1, 0, 0, 0), (0, 1, 0, 0), (0, 0, 1, 0), (-0.33408, 0.28262, 0.00469, 1) ), ( (1, 0, 0, 0), (0, 1, 0, 0), (0, 0, 1, 0), (-0.30554, 0.23604, 0.241017, 1) ), ( (1, 0, 0, 0), (0, 1, 0, 0), (0, 0, 1, 0), (-0.32413, 0.01986, 0.276468, 1) ), ( (1, 0, 0, 0), (0, 1, 0, 0), (0, 0, 1, 0), (-0.23391, 0.16989, 0.223027, 1) ), ( (1, 0, 0, 0), (0, 1, 0, 0), (0, 0, 1, 0), (-0.34807, 0.16131, 0.30228, 1) ), ( (1, 0, 0, 0), (0, 1, 0, 0), (0, 0, 1, 0), (0.0511613, 0.36985, 0.117574, 1) ), ( (1, 0, 0, 0), (0, 1, 0, 0), (0, 0, 1, 0), (0.160077, 0.46732, 0.585381, 1) ), ( (1, 0, 0, 0), (0, 1, 0, 0), (0, 0, 1, 0), (0.222447, 0.42449, 0.676682, 1) ), ( (1, 0, 0, 0), (0, 1, 0, 0), (0, 0, 1, 0), (0.155844, 0.49052, 0.41929, 1) ), ( (1, 0, 0, 0), (0, 1, 0, 0), (0, 0, 1, 0), (0.22006, 0.80496, 0.57424, 1) ), ( (1, 0, 0, 0), (0, 1, 0, 0), (0, 0, 1, 0), (0.076237, 0.05916, 0.16065, 1) ), ( (1, 0, 0, 0), (0, 1, 0, 0), (0, 0, 1, 0), (0.179788, -0.06607, 0.37027, 1) ), ( (1, 0, 0, 0), (0, 1, 0, 0), (0, 0, 1, 0), (0.247855, 0.03112, 0.35831, 1) ), ( (1, 0, 0, 0), (0, 1, 0, 0), (0, 0, 1, 0), (0.03844, 0.09792, 0.34521, 1) ), ( (1, 0, 0, 0), (0, 1, 0, 0), (0, 0, 1, 0), (0.01564, 0.18743, 0.41966, 1) ), ( (1, 0, 0, 0), (0, 1, 0, 0), (0, 0, 1, 0), (0.166336, 0.72723, 0.44203, 1) ), ( (1, 0, 0, 0), (0, 1, 0, 0), (0, 0, 1, 0), (0.012796, 0.29884, 0.0315, 1) ), ( (1, 0, 0, 0), (0, 1, 0, 0), (0, 0, 1, 0), (-0.009791, 0.44175, 0.2059, 1) ), ( (1, 0, 0, 0), (0, 1, 0, 0), (0, 0, 1, 0), (0.112948, 0.32475, 0.10597, 1) ), ( (1, 0, 0, 0), (0, 1, 0, 0), (0, 0, 1, 0), (0.144017, 0.40326, 0.22004, 1) ), ( (1, 0, 0, 0), (0, 1, 0, 0), (0, 0, 1, 0), (-0.150847, 0.15885, -0.0740155, 1) ), ( (1, 0, 0, 0), (0, 1, 0, 0), (0, 0, 1, 0), (-0.535048, 0.36518, -0.299976, 1) ), ( (1, 0, 0, 0), (0, 1, 0, 0), (0, 0, 1, 0), (-0.504717, 0.5019, -0.363533, 1) ), ( (1, 0, 0, 0), (0, 1, 0, 0), (0, 0, 1, 0), (-0.73165, 0.43128, -0.541073, 1) ), ( (1, 0, 0, 0), (0, 1, 0, 0), (0, 0, 1, 0), (-0.401897, 0.42689, -0.186233, 1) ), ( (1, 0, 0, 0), (0, 1, 0, 0), (0, 0, 1, 0), (-0.19488, 0.20651, 0.152248, 1) ), ( (1, 0, 0, 0), (0, 1, 0, 0), (0, 0, 1, 0), (-0.23326, 0.22394, 0.157397, 1) ), ( (1, 0, 0, 0), (0, 1, 0, 0), (0, 0, 1, 0), (-0.41572, 0.40326, -0.003545, 1) ), ( (1, 0, 0, 0), (0, 1, 0, 0), (0, 0, 1, 0), (-0.06864, 0.18588, -0.138467, 1) ), ( (1, 0, 0, 0), (0, 1, 0, 0), (0, 0, 1, 0), (0.0064, 0.32976, -0.194696, 1) ), ( (1, 0, 0, 0), (0, 1, 0, 0), (0, 0, 1, 0), (-0.05895, 0.16166, -0.09523, 1) ), ( (1, 0, 0, 0), (0, 1, 0, 0), (0, 0, 1, 0), (-0.26553, 0.39836, -0.33943, 1) ), ( (1, 0, 0, 0), (0, 1, 0, 0), (0, 0, 1, 0), (-0.57324, 0.30468, -0.527993, 1) ), ( (1, 0, 0, 0), (0, 1, 0, 0), (0, 0, 1, 0), (-0.19403, 0.01684, -0.3184, 1) ), ( (1, 0, 0, 0), (0, 1, 0, 0), (0, 0, 1, 0), (-0.31657, 0.10923, -0.29698, 1) ), ( (1, 0, 0, 0), (0, 1, 0, 0), (0, 0, 1, 0), (-0.03333, 0.0367, -0.06036, 1) ), ( (1, 0, 0, 0), (0, 1, 0, 0), (0, 0, 1, 0), (-0.22648, 0.06264, -0.04048, 1) ), ( (1, 0, 0, 0), (0, 1, 0, 0), (0, 0, 1, 0), (-0.3361, 0.1214, -0.08353, 1) ), ( (1, 0, 0, 0), (0, 1, 0, 0), (0, 0, 1, 0), (-0.39329, 0.14762, 0.01456, 1) ), ( (1, 0, 0, 0), (0, 1, 0, 0), (0, 0, 1, 0), (-0.41332, 0.10079, -0.06798, 1) ), ( (1, 0, 0, 0), (0, 1, 0, 0), (0, 0, 1, 0), (-0.0621649, 0.14385, 0.118114, 1) ), ( (1, 0, 0, 0), (0, 1, 0, 0), (0, 0, 1, 0), (-0.158152, 0.5159, 0.597509, 1) ), ( (1, 0, 0, 0), (0, 1, 0, 0), (0, 0, 1, 0), (-0.575357, 0.71626, 0.539903, 1) ), ( (1, 0, 0, 0), (0, 1, 0, 0), (0, 0, 1, 0), (-0.290451, 0.42985, 0.6978, 1) ), ( (1, 0, 0, 0), (0, 1, 0, 0), (0, 0, 1, 0), (-0.500521, 0.54996, 0.232897, 1) ), ( (1, 0, 0, 0), (0, 1, 0, 0), (0, 0, 1, 0), (-0.17795, 0.18538, -0.134071, 1) ), ( (1, 0, 0, 0), (0, 1, 0, 0), (0, 0, 1, 0), (-0.252347, 0.15997, -0.054068, 1) ), ( (1, 0, 0, 0), (0, 1, 0, 0), (0, 0, 1, 0), (-0.34216, 0.21954, 0.001064, 1) ), ( (1, 0, 0, 0), (0, 1, 0, 0), (0, 0, 1, 0), (-0.38716, 0.31107, 0.074891, 1) ), ( (1, 0, 0, 0), (0, 1, 0, 0), (0, 0, 1, 0), (-0.033945, 0.11494, 0.37481, 1) ), ( (1, 0, 0, 0), (0, 1, 0, 0), (0, 0, 1, 0), (0.079879, -0.0229, 0.28436, 1) ), ( (1, 0, 0, 0), (0, 1, 0, 0), (0, 0, 1, 0), (0.134512, 0.00234, 0.45061, 1) ), ( (1, 0, 0, 0), (0, 1, 0, 0), (0, 0, 1, 0), (0.090908, 0.07061, 0.37963, 1) ), ( (1, 0, 0, 0), (0, 1, 0, 0), (0, 0, 1, 0), (-0.066875, 0.11231, 0.20466, 1) ), ( (1, 0, 0, 0), (0, 1, 0, 0), (0, 0, 1, 0), (0.0281, 0.93902, 0.0169706, 1) ), ( (1, 0, 0, 0), (0, 1, 0, 0), (0, 0, 1, 0), (0.032763, 0.80747, -0.0469263, 1) ), ( (1, 0, 0, 0), (0, 1, 0, 0), (0, 0, 1, 0), (-0.124254, 1.01322, 0.000313, 1) ), ( (1, 0, 0, 0), (0, 1, 0, 0), (0, 0, 1, 0), (0.163428, 0.61801, -0.0492543, 1) ), ( (1, 0, 0, 0), (0, 1, 0, 0), (0, 0, 1, 0), (0.231794, 0.10507, -0.026158, 1) ), ( (1, 0, 0, 0), (0, 1, 0, 0), (0, 0, 1, 0), (0.293885, 0.3276, -0.009415, 1) ), ( (1, 0, 0, 0), (0, 1, 0, 0), (0, 0, 1, 0), (0.099097, 0.41905, -0.065757, 1) ), ( (1, 0, 0, 0), (0, 1, 0, 0), (0, 0, 1, 0), (-0.045251, 0.19726, -0.121596, 1) ), ( (1, 0, 0, 0), (0, 1, 0, 0), (0, 0, 1, 0), (-0.0676168, 0.13527, -0.272865, 1) ), ( (1, 0, 0, 0), (0, 1, 0, 0), (0, 0, 1, 0), (-0.0765661, 0.31283, -0.286181, 1) ), ( (1, 0, 0, 0), (0, 1, 0, 0), (0, 0, 1, 0), (-0.127469, 0.24286, -0.192131, 1) ), ( (1, 0, 0, 0), (0, 1, 0, 0), (0, 0, 1, 0), (-0.030808, 0.62072, -0.137061, 1) ), ( (1, 0, 0, 0), (0, 1, 0, 0), (0, 0, 1, 0), (0.017244, 0.20824, -0.208645, 1) ), ( (1, 0, 0, 0), (0, 1, 0, 0), (0, 0, 1, 0), (-0.004586, 0.34573, -0.219934, 1) ), ( (1, 0, 0, 0), (0, 1, 0, 0), (0, 0, 1, 0), (0.010536, 0.38574, -0.138567, 1) ), ( (1, 0, 0, 0), (0, 1, 0, 0), (0, 0, 1, 0), (-0.0125238, 0.41531, 0.081556, 1) ), ( (1, 0, 0, 0), (0, 1, 0, 0), (0, 0, 1, 0), (-0.121919, 0.2215, 0.0711118, 1) ), ( (1, 0, 0, 0), (0, 1, 0, 0), (0, 0, 1, 0), (-0.114021, 0.4245, 0.114651, 1) ), ( (1, 0, 0, 0), (0, 1, 0, 0), (0, 0, 1, 0), (0.008064, 0.3935, 0.007898, 1) )]
            append rel skel:animationSource = </Tree/BaseTreeSkelRoot/BaseTreeAnimation>
            uniform token visibility = "invisible"
        }
    }

    def PointInstancer "AssemblyPartsInstancer" (
        prepend apiSchemas = ["NaniteAssemblySkelBindingAPI"]
        kind = "group"
    )
    {
        int64[] invisibleIds = []
        quath[] orientations = [(0.8847, 0.313481, -0.332209, 0.0931297), (0.624759, 0.333024, 0.411319, -0.574097), (0.606699, -0.270931, 0.517708, -0.538973), (0.418214, 0.552024, -0.0015011, 0.721363), (0.712429, -0.180242, 0.657842, -0.164927), (0.326466, 0.740253, -0.194016, 0.5548), (0.385533, 0.173528, 0.900903, -0.0981125), (0.497536, -0.166106, 0.851359, 0.00741793), (0.141673, 0.756245, 0.572646, 0.283019), (0.550685, -0.0276682, 0.831856, -0.0632122), (0.385428, -0.582484, 0.71037, 0.08679), (0.185041, 0.532242, 0.792419, -0.233559), (0.0167012, 0.743349, 0.549036, -0.381724), (0.285479, -0.0529828, 0.896956, -0.333412), (0.0592698, -0.485431, 0.681048, -0.544994), (0.436357, -0.0004378, 0.847375, -0.302569), (0.59316, 0.291528, 0.742746, 0.107241), (0.809247, 0.397443, -0.2327, 0.364705), (0.163724, 0.0920995, 0.703201, -0.685726), (0.895322, -0.063241, 0.131424, 0.420865), (0.695814, -0.0113421, 0.621053, -0.360566), (0.213282, 0.258662, -0.0869757, 0.938105), (0.797257, 0.0487959, 0.583959, 0.144889), (0.124124, -0.565643, 0.306772, -0.755336), (0.641375, -0.00209261, 0.766533, 0.0325599), (0.671803, 0.582366, 0.0367938, 0.456264), (0.555617, 0.0792979, 0.818449, -0.123055), (0.258827, 0.150369, 0.953848, -0.0239137), (0.232012, -0.282995, 0.930573, -0.0108717), (0.385949, 0.355947, -0.842144, 0.123039), (0.554228, 0.555219, -0.605719, 0.132924), (0.707034, 0.431984, -0.300096, 0.47269), (0.830786, 0.31379, 0.452667, -0.0801462), (0.916972, 0.368814, -0.0129185, -0.151566), (0.856895, 0.506671, 0.0719004, -0.0620106), (0.271892, 0.543222, -0.65883, 0.443764), (0.149285, 0.238049, 0.892489, -0.352859), (0.435689, 0.33729, 0.649851, -0.52355), (0.558424, 0.815189, -0.0797374, 0.131421)]
        point3f[] positions = [(0.300116, 7.09901, -2.31109), (0.325447, 7.55527, -2.6582), (-0.719422, 6.88177, -2.47332), (-1.26797, 7.21745, -2.85508), (-1.9544, 7.41717, -3.15972), (-1.16976, 8.69003, -0.194255), (-1.69544, 9.08428, -0.201112), (-1.63316, 8.52206, 0.875861), (-1.96826, 8.73783, 1.15175), (-2.36514, 8.87593, 1.52499), (1.05334, 5.88852, 2.28888), (1.08393, 6.19246, 3.05492), (0.858847, 7.91703, 2.44923), (1.11032, 8.57619, 2.79107), (-1.14325, 2.83303, -0.545964), (-1.44726, 3.11167, -0.316205), (-2.05011, 3.652, -0.323331), (-1.25718, 3.36026, -1.10831), (-1.58142, 3.92027, -1.54473), (-1.79832, 3.14378, -1.37212), (-2.27849, 3.27332, -1.91828), (-2.49185, 3.50937, -2.38451), (-2.27179, 3.35046, -1.40177), (-2.93571, 3.64246, -1.41795), (-3.42838, 3.71405, -1.53425), (-0.853599, 4.53696, 0.819226), (-1.30946, 4.77328, 0.749032), (-1.83699, 5.22928, 0.841676), (-0.476656, 4.68168, 2.75318), (0.804223, 8.91888, -0.15405), (1.05563, 9.5921, -0.26028), (0.0714427, 9.37266, -0.756106), (-0.184051, 9.76915, -1.08296), (0.193155, 9.63882, -0.473377), (0.176917, 10.1664, -0.796358), (0.267987, 10.5763, -0.873852), (-0.0337694, 10.4007, 0.00819965), (-0.151618, 10.8198, 0.143067), (-0.166797, 11.4127, 0.13541)]
        int[] primvars:hierarchicalDepth = [13, 13, 15, 15, 12, 12, 14, 14, 16, 16, 13, 13, 15, 15, 14, 14, 15, 15, 16, 16, 13, 13, 15, 15, 14, 14, 16, 16, 6, 6, 7, 7, 9, 9, 8, 8, 10, 10, 7, 7, 9, 9, 10, 10, 8, 8, 10, 10, 11, 11, 9, 9, 10, 10, 12, 12, 12, 12, 13, 13, 15, 15, 14, 14, 16, 16, 14, 14, 15, 15, 16, 16, 14, 14, 15, 15, 17, 17] (
                interpolation = "vertex"
            )
            int[] primvars:hierarchicalDepth:lengths = [2, 2, 2, 2, 2, 2, 2, 2, 2, 2, 2, 2, 2, 2, 2, 2, 2, 2, 2, 2, 2, 2, 2, 2, 2, 2, 2, 2, 2, 2, 2, 2, 2, 2, 2, 2, 2, 2, 2] (
                interpolation = "varying"
            )
            int[] primvars:logicalDepth = [13, 13, 15, 15, 12, 12, 14, 14, 16, 16, 13, 13, 15, 15, 14, 14, 15, 15, 16, 16, 13, 13, 15, 15, 14, 14, 16, 16, 6, 6, 7, 7, 9, 9, 8, 8, 10, 10, 7, 7, 9, 9, 10, 10, 8, 8, 10, 10, 11, 11, 9, 9, 10, 10, 12, 12, 12, 12, 13, 13, 15, 15, 14, 14, 16, 16, 14, 14, 15, 15, 16, 16, 14, 14, 15, 15, 17, 17] (
                interpolation = "vertex"
            )
            int[] primvars:logicalDepth:lengths = [2, 2, 2, 2, 2, 2, 2, 2, 2, 2, 2, 2, 2, 2, 2, 2, 2, 2, 2, 2, 2, 2, 2, 2, 2, 2, 2, 2, 2, 2, 2, 2, 2, 2, 2, 2, 2, 2, 2] (
                interpolation = "varying"
            )
        token[] primvars:unreal:naniteAssembly:bindJoints = ["bone_017", "bone_017", "bone_019", "bone_019", "bone_020", "bone_020", "bone_022", "bone_022", "bone_024", "bone_024", "bone_030", "bone_030", "bone_032", "bone_032", "bone_034", "bone_034", "bone_035", "bone_035", "bone_036", "bone_036", "bone_044", "bone_044", "bone_046", "bone_046", "bone_049", "bone_049", "bone_051", "bone_051", "bone_056", "bone_056", "bone_057", "bone_057", "bone_059", "bone_059", "bone_061", "bone_061", "bone_063", "bone_063", "bone_064", "bone_064", "bone_066", "bone_066", "bone_067", "bone_067", "bone_068", "bone_068", "bone_070", "bone_070", "bone_071", "bone_071", "bone_077", "bone_077", "bone_078", "bone_078", "bone_080", "bone_080", "bone_084", "bone_084", "bone_090", "bone_090", "bone_092", "bone_092", "bone_094", "bone_094", "bone_096", "bone_096", "bone_098", "bone_098", "bone_099", "bone_099", "bone_100", "bone_100", "bone_101", "bone_101", "bone_102", "bone_102", "bone_104", "bone_104"] (
            elementSize = 2
            interpolation = "vertex"
        )
        int[] primvars:unreal:naniteAssembly:bindJoints:indices = None
        float[] primvars:unreal:naniteAssembly:bindJointWeights = [1, 0, 1, 0, 1, 0, 1, 0, 1, 0, 1, 0, 1, 0, 1, 0, 1, 0, 1, 0, 1, 0, 1, 0, 1, 0, 1, 0, 1, 0, 1, 0, 1, 0, 1, 0, 1, 0, 1, 0, 1, 0, 1, 0, 1, 0, 1, 0, 1, 0, 1, 0, 1, 0, 1, 0, 1, 0, 1, 0, 1, 0, 1, 0, 1, 0, 1, 0, 1, 0, 1, 0, 1, 0, 1, 0, 1, 0] (
            elementSize = 2
            interpolation = "vertex"
        )
        int[] primvars:unreal:naniteAssembly:bindJointWeights:indices = None
        int[] protoIndices = [0, 1, 0, 1, 1, 1, 0, 0, 1, 1, 0, 1, 1, 1, 1, 1, 1, 0, 0, 1, 1, 1, 1, 0, 1, 1, 1, 1, 1, 0, 0, 0, 0, 0, 1, 1, 1, 1, 1]
        rel prototypes = [</Tree/AssemblyPartsInstancer/Prototypes/Mesh_1>, </Tree/AssemblyPartsInstancer/Prototypes/Mesh_2>]
        float3[] scales = [(0.975933, 0.975933, 0.975933), (1.0247, 1.0247, 1.0247), (0.975933, 0.975933, 0.975933), (1.0247, 1.0247, 1.0247), (1.0247, 1.0247, 1.0247), (1.0247, 1.0247, 1.0247), (0.975933, 0.975933, 0.975933), (0.975933, 0.975933, 0.975933), (1.0247, 1.0247, 1.0247), (1.0247, 1.0247, 1.0247), (0.975933, 0.975933, 0.975933), (1.0247, 1.0247, 1.0247), (1.0247, 1.0247, 1.0247), (1.0247, 1.0247, 1.0247), (1.0247, 1.0247, 1.0247), (1.0247, 1.0247, 1.0247), (1.0247, 1.0247, 1.0247), (0.975933, 0.975933, 0.975933), (0.975933, 0.975933, 0.975933), (1.0247, 1.0247, 1.0247), (1.0247, 1.0247, 1.0247), (1.0247, 1.0247, 1.0247), (1.0247, 1.0247, 1.0247), (0.975933, 0.975933, 0.975933), (1.0247, 1.0247, 1.0247), (1.0247, 1.0247, 1.0247), (1.0247, 1.0247, 1.0247), (1.0247, 1.0247, 1.0247), (1.0247, 1.0247, 1.0247), (0.975933, 0.975933, 0.975933), (0.975933, 0.975933, 0.975933), (0.975933, 0.975933, 0.975933), (0.975933, 0.975933, 0.975933), (0.975933, 0.975933, 0.975933), (1.0247, 1.0247, 1.0247), (1.0247, 1.0247, 1.0247), (1.0247, 1.0247, 1.0247), (1.0247, 1.0247, 1.0247), (1.0247, 1.0247, 1.0247)]
        string[] primvars:name = ["Twig_01", "Twig_02", "Twig_01", "Twig_02", "Twig_02", "Twig_02", "Twig_01", "Twig_01", "Twig_02", "Twig_02", "Twig_01", "Twig_02", "Twig_02", "Twig_02", "Twig_02", "Twig_02", "Twig_02", "Twig_01", "Twig_01", "Twig_02", "Twig_02", "Twig_02", "Twig_02", "Twig_01", "Twig_02", "Twig_02", "Twig_02", "Twig_02", "Twig_02", "Twig_01", "Twig_01", "Twig_01", "Twig_01", "Twig_01", "Twig_02", "Twig_02", "Twig_02", "Twig_02", "Twig_02"] (
            interpolation = "varying"
        )

        def Scope "Prototypes" (
            kind = "group"
        )
        {
                    def Xform "Mesh_1"
                    {
                        def SkelRoot "PartSkelRoot" (
                            kind = "component"
                        )
                        {
                            def SkelAnimation "PartAnimation"
                            {
                                uniform token[] joints = ["root"]
                                quath[] rotations = [(1, 0, 0, 0)]
                                half3[] scales = [(1, 1, 1)]
                                float3[] translations = [(0, 0, 0)]
                            }

                            def Mesh "PartMesh" (
                                prepend apiSchemas = ["SkelBindingAPI"]
                            )
                            {
                                uniform token[] skel:joints = ["root"]
                                uniform matrix4d primvars:skel:geomBindTransform = ( (1, 0, 0, 0), (0, 1, 0, 0), (0, 0, 1, 0), (0, 0, 0, 1) )
                                append rel skel:skeleton = </Tree/AssemblyPartsInstancer/Prototypes/Mesh_1/PartSkelRoot/PartSkeleton>
                                uniform token subdivisionScheme = "none"
                                uniform token orientation = "rightHanded"
                point3f[] points = [(-0.199549, 0.00394821, -0.775756), (-0.199317, 0.00688297, -0.776571), (-0.199317, 0.00688297, -0.776571), (-0.198908, 0.00100424, -0.776259), (-0.198274, 0.00902214, -0.778486), (-0.197566, -0.00116011, -0.777946), (-0.196699, 0.00979254, -0.780987), (-0.195882, -0.00196491, -0.780364), (-0.195015, 0.00898774, -0.783406), (-0.194307, -0.00119451, -0.782865), (-0.193673, 0.00682339, -0.785092), (-0.193264, 0.000944665, -0.78478), (-0.193032, 0.00387942, -0.785595), (-0.127725, 0.0309779, -0.759899), (-0.127725, 0.0309779, -0.759899), (-0.127725, 0.0309779, -0.759899), (-0.127725, 0.0309779, -0.759899), (-0.127725, 0.0309779, -0.759899), (-0.124527, 0.00103762, -0.764756), (-0.124527, 0.00103762, -0.764756), (-0.124527, 0.00103762, -0.764756), (-0.124527, 0.00103762, -0.764756), (-0.124527, 0.00103762, -0.764756), (-0.117252, 0.0129506, -0.737637), (-0.117252, 0.0129506, -0.737637), (-0.117252, 0.0129506, -0.737637), (-0.117252, 0.0129506, -0.737637), (-0.117252, 0.0129506, -0.737637), (-0.116258, 0.0209544, -0.786324), (-0.116258, 0.0209544, -0.786324), (-0.116258, 0.0209544, -0.786324), (-0.116258, 0.0209544, -0.786324), (-0.116258, 0.0209544, -0.786324), (-0.115109, 0.0581666, -0.435501), (-0.114738, 0.055326, -0.436562), (-0.114052, 0.0610073, -0.435122), (-0.11304, 0.0532464, -0.438018), (-0.111851, 0.0630868, -0.435524), (-0.110469, 0.0524853, -0.439481), (-0.109095, 0.063848, -0.436601), (-0.107713, 0.0532464, -0.440558), (-0.106524, 0.0630868, -0.438063), (-0.105512, 0.0553259, -0.44096), (-0.104825, 0.0610073, -0.43952), (-0.104825, 0.0610073, -0.43952), (-0.104623, 0.0823374, -0.453243), (-0.104623, 0.0823374, -0.453243), (-0.104623, 0.0823374, -0.453243), (-0.104623, 0.0823374, -0.453243), (-0.104623, 0.0823374, -0.453243), (-0.104487, 0.0402302, -0.742446), (-0.104487, 0.0402302, -0.742446), (-0.104487, 0.0402302, -0.742446), (-0.104487, 0.0402302, -0.742446), (-0.104487, 0.0402302, -0.742446), (-0.104455, 0.0581666, -0.44058), (-0.104421, 0.0893887, -0.42357), (-0.104421, 0.0893887, -0.42357), (-0.104421, 0.0893887, -0.42357), (-0.104421, 0.0893887, -0.42357), (-0.104421, 0.0893887, -0.42357), (-0.103872, 0.0451769, -0.772536), (-0.103872, 0.0451769, -0.772536), (-0.103872, 0.0451769, -0.772536), (-0.103872, 0.0451769, -0.772536), (-0.103872, 0.0451769, -0.772536), (-0.101892, 0.0602885, -0.432347), (-0.101892, 0.0602885, -0.432347), (-0.101892, 0.0602885, -0.432347), (-0.101892, 0.0602885, -0.432347), (-0.101892, 0.0602885, -0.432347), (-0.0993499, 0.0139518, -0.244045), (-0.0993499, 0.0139518, -0.244045), (-0.0993499, 0.0139518, -0.244045), (-0.0993499, 0.0139518, -0.244045), (-0.0993499, 0.0139518, -0.244045), (-0.0993124, -0.00821465, -0.750304), (-0.0993124, -0.00821465, -0.750304), (-0.0993124, -0.00821465, -0.750304), (-0.0993124, -0.00821465, -0.750304), (-0.0993124, -0.00821465, -0.750304), (-0.0986974, -0.003268, -0.780394), (-0.0986974, -0.003268, -0.780394), (-0.0986974, -0.003268, -0.780394), (-0.0986974, -0.003268, -0.780394), (-0.0986974, -0.003268, -0.780394), (-0.0898578, -0.00264986, -0.267805), (-0.0898578, -0.00264986, -0.267805), (-0.0898578, -0.00264986, -0.267805), (-0.0898578, -0.00264986, -0.267805), (-0.0898578, -0.00264986, -0.267805), (-0.0896599, 0.0156027, -0.700198), (-0.0891929, 0.0197396, -0.701245), (-0.0891929, 0.0197396, -0.701245), (-0.0889607, 0.106604, -0.443441), (-0.0889607, 0.106604, -0.443441), (-0.0889607, 0.106604, -0.443441), (-0.0889607, 0.106604, -0.443441), (-0.0889607, 0.106604, -0.443441), (-0.0888713, -0.00186449, -0.960288), (-0.0888713, -0.00186449, -0.960288), (-0.0888713, -0.00186449, -0.960288), (-0.0888713, -0.00186449, -0.960288), (-0.0888713, -0.00186449, -0.960288), (-0.0887999, 0.0114619, -0.700934), (-0.0875239, 0.0227641, -0.703793), (-0.0872439, 0.0277316, -0.268414), (-0.0872439, 0.0277316, -0.268414), (-0.0872439, 0.0277316, -0.268414), (-0.0872439, 0.0277316, -0.268414), (-0.0872439, 0.0277316, -0.268414), (-0.0869264, 0.0160078, -0.736515), (-0.0869264, 0.0160078, -0.736515), (-0.0869264, 0.0160078, -0.736515), (-0.0869264, 0.0160078, -0.736515), (-0.0869264, 0.0160078, -0.736515), (-0.0868432, 0.00842671, -0.703255), (-0.0859319, 0.0240116, -0.785202), (-0.0859319, 0.0240116, -0.785202), (-0.0859319, 0.0240116, -0.785202), (-0.0859319, 0.0240116, -0.785202), (-0.0859319, 0.0240116, -0.785202), (-0.0851002, 0.0238658, -0.707161), (-0.0848692, 0.0595193, -0.457643), (-0.0848692, 0.0595193, -0.457643), (-0.0848692, 0.0595193, -0.457643), (-0.0848692, 0.0595193, -0.457643), (-0.0848692, 0.0595193, -0.457643), (-0.0845424, 0.0709283, -0.40963), (-0.0845424, 0.0709283, -0.40963), (-0.0845424, 0.0709283, -0.40963), (-0.0845424, 0.0709283, -0.40963), (-0.0845424, 0.0709283, -0.40963), (-0.0843142, 0.0073104, -0.706539), (-0.0840903, -0.0120385, -0.239365), (-0.0840903, -0.0120385, -0.239365), (-0.0840903, -0.0120385, -0.239365), (-0.0840903, -0.0120385, -0.239365), (-0.0840903, -0.0120385, -0.239365), (-0.0825712, 0.0227495, -0.710445), (-0.0818906, 0.00841209, -0.709906), (-0.0806146, 0.0197143, -0.712765), (-0.0802216, 0.0114366, -0.712455), (-0.0798609, 0.0371202, -0.240349), (-0.0798609, 0.0371202, -0.240349), (-0.0798609, 0.0371202, -0.240349), (-0.0798609, 0.0371202, -0.240349), (-0.0798609, 0.0371202, -0.240349), (-0.0797546, 0.0155735, -0.713501), (-0.078657, 0.0359246, -0.758084), (-0.078657, 0.0359246, -0.758084), (-0.078657, 0.0359246, -0.758084), (-0.078657, 0.0359246, -0.758084), (-0.078657, 0.0359246, -0.758084), (-0.0779117, 0.0125409, -0.222396), (-0.0779117, 0.0125409, -0.222396), (-0.0779117, 0.0125409, -0.222396), (-0.0779117, 0.0125409, -0.222396), (-0.0779117, 0.0125409, -0.222396), (-0.0776104, -0.017942, -0.983632), (-0.0776104, -0.017942, -0.983632), (-0.0776104, -0.017942, -0.983632), (-0.0776104, -0.017942, -0.983632), (-0.0776104, -0.017942, -0.983632), (-0.0768769, 0.0881441, -0.464499), (-0.0768769, 0.0881441, -0.464499), (-0.0768769, 0.0881441, -0.464499), (-0.0768769, 0.0881441, -0.464499), (-0.0768769, 0.0881441, -0.464499), (-0.0765502, 0.0995531, -0.416487), (-0.0765502, 0.0995531, -0.416487), (-0.0765502, 0.0995531, -0.416487), (-0.0765502, 0.0995531, -0.416487), (-0.0765502, 0.0995531, -0.416487), (-0.0760209, 0.012515, -0.983917), (-0.0760209, 0.012515, -0.983917), (-0.0760209, 0.012515, -0.983917), (-0.0760209, 0.012515, -0.983917), (-0.0760209, 0.012515, -0.983917), (-0.075459, 0.00598427, -0.762941), (-0.075459, 0.00598427, -0.762941), (-0.075459, 0.00598427, -0.762941), (-0.075459, 0.00598427, -0.762941), (-0.075459, 0.00598427, -0.762941), (-0.0729809, -0.0273539, -0.954993), (-0.0729809, -0.0273539, -0.954993), (-0.0729809, -0.0273539, -0.954993), (-0.0729809, -0.0273539, -0.954993), (-0.0729809, -0.0273539, -0.954993), (-0.0724586, 0.052468, -0.430689), (-0.0724586, 0.052468, -0.430689), (-0.0724586, 0.052468, -0.430689), (-0.0724586, 0.052468, -0.430689), (-0.0724586, 0.052468, -0.430689), (-0.0704091, 0.021927, -0.955454), (-0.0704091, 0.021927, -0.955454), (-0.0704091, 0.021927, -0.955454), (-0.0704091, 0.021927, -0.955454), (-0.0704091, 0.021927, -0.955454), (-0.0685302, -0.00271347, -0.937577), (-0.0685302, -0.00271347, -0.937577), (-0.0685302, -0.00271347, -0.937577), (-0.0685302, -0.00271347, -0.937577), (-0.0685302, -0.00271347, -0.937577), (-0.0645022, 0.0102579, -0.278794), (-0.0645022, 0.0102579, -0.278794), (-0.0645022, 0.0102579, -0.278794), (-0.0645022, 0.0102579, -0.278794), (-0.0645022, 0.0102579, -0.278794), (-0.0625531, -0.0143215, -0.260841), (-0.0625531, -0.0143215, -0.260841), (-0.0625531, -0.0143215, -0.260841), (-0.0625531, -0.0143215, -0.260841), (-0.0625531, -0.0143215, -0.260841), (-0.059527, 0.098784, -0.441783), (-0.059527, 0.098784, -0.441783), (-0.059527, 0.098784, -0.441783), (-0.059527, 0.098784, -0.441783), (-0.059527, 0.098784, -0.441783), (-0.0583237, 0.0348372, -0.261825), (-0.0583237, 0.0348372, -0.261825), (-0.0583237, 0.0348372, -0.261825), (-0.0583237, 0.0348372, -0.261825), (-0.0583237, 0.0348372, -0.261825), (-0.0569981, 0.0696837, -0.45056), (-0.0569981, 0.0696837, -0.45056), (-0.0569981, 0.0696837, -0.45056), (-0.0569981, 0.0696837, -0.45056), (-0.0569981, 0.0696837, -0.45056), (-0.0568993, 0.0185215, -0.306908), (-0.0567963, 0.0767351, -0.420887), (-0.0567963, 0.0767351, -0.420887), (-0.0567963, 0.0767351, -0.420887), (-0.0567963, 0.0767351, -0.420887), (-0.0567963, 0.0767351, -0.420887), (-0.0562613, 0.0142676, -0.308265), (-0.0553726, 0.0227384, -0.306425), (-0.05517, -0.00493285, -0.232777), (-0.05517, -0.00493285, -0.232777), (-0.05517, -0.00493285, -0.232777), (-0.05517, -0.00493285, -0.232777), (-0.05517, -0.00493285, -0.232777), (-0.0536295, 0.0111163, -0.310133), (-0.0525561, 0.0254486, -0.233385), (-0.0525561, 0.0254486, -0.233385), (-0.0525561, 0.0254486, -0.233385), (-0.0525561, 0.0254486, -0.233385), (-0.0525561, 0.0254486, -0.233385), (-0.0521883, -0.00408715, -0.993226), (-0.0521883, -0.00408715, -0.993226), (-0.0521883, -0.00408715, -0.993226), (-0.0521883, -0.00408715, -0.993226), (-0.0521883, -0.00408715, -0.993226), (-0.0520903, 0.0257882, -0.306946), (-0.0503095, -0.0287276, -0.975349), (-0.0503095, -0.0287276, -0.975349), (-0.0503095, -0.0287276, -0.975349), (-0.0503095, -0.0287276, -0.975349), (-0.0503095, -0.0287276, -0.975349), (-0.0497093, 0.00991213, -0.312011), (-0.0479319, 0.0268537, -0.30833), (-0.0477376, 0.0205533, -0.97581), (-0.0477376, 0.0205533, -0.97581), (-0.0477376, 0.0205533, -0.97581), (-0.0477376, 0.0205533, -0.97581), (-0.0477376, 0.0205533, -0.97581), (-0.0455509, 0.0109777, -0.313396), (-0.0446977, -0.0193157, -0.946886), (-0.0446977, -0.0193157, -0.946886), (-0.0446977, -0.0193157, -0.946886), (-0.0446977, -0.0193157, -0.946886), (-0.0446977, -0.0193157, -0.946886), (-0.0440117, 0.0256496, -0.310209), (-0.0431082, 0.0111413, -0.947171), (-0.0431082, 0.0111413, -0.947171), (-0.0431082, 0.0111413, -0.947171), (-0.0431082, 0.0111413, -0.947171), (-0.0431082, 0.0111413, -0.947171), (-0.043064, 0.00884692, -0.257145), (-0.043064, 0.00884692, -0.257145), (-0.043064, 0.00884692, -0.257145), (-0.043064, 0.00884692, -0.257145), (-0.043064, 0.00884692, -0.257145), (-0.0422858, -0.0135857, -1.02115), (-0.0422686, 0.0140275, -0.313917), (-0.0415249, -0.0107017, -1.02181), (-0.0415249, -0.0107017, -1.02181), (-0.0415069, -0.0165237, -1.02085), (-0.04138, 0.0224983, -0.312076), (-0.04138, 0.0224983, -0.312076), (-0.0409598, 0.0178118, -0.656492), (-0.0407419, 0.0182443, -0.313434), (-0.0399709, 0.0124726, -0.657542), (-0.0399457, 0.0231568, -0.657488), (-0.0399457, 0.0231568, -0.657488), (-0.0394808, 0.00588599, -0.245919), (-0.0394579, 0.0707953, -0.724213), (-0.0394579, 0.0707953, -0.724213), (-0.0394579, 0.0707953, -0.724213), (-0.0394579, 0.0707953, -0.724213), (-0.0394579, 0.0707953, -0.724213), (-0.0394283, -0.00864466, -1.02265), (-0.0393971, -0.0187287, -1.02098), (-0.0384471, 0.000296185, -0.246965), (-0.0376053, 0.0113414, -0.24556), (-0.0372441, 0.00856956, -0.660356), (-0.0372006, 0.0270751, -0.660263), (-0.0366119, -0.0599653, -0.155541), (-0.0366119, -0.0599653, -0.155541), (-0.0366119, -0.0599653, -0.155541), (-0.0366119, -0.0599653, -0.155541), (-0.0366119, -0.0599653, -0.155541), (-0.0365576, -0.00796566, -1.02344), (-0.0365216, -0.0196097, -1.02152), (-0.0353786, 0.0450814, -0.7401), (-0.0353786, 0.0450814, -0.7401), (-0.0353786, 0.0450814, -0.7401), (-0.0353786, 0.0450814, -0.7401), (-0.0353786, 0.0450814, -0.7401), (-0.0353489, -0.0342886, -0.139128), (-0.0353489, -0.0342886, -0.139128), (-0.0353489, -0.0342886, -0.139128), (-0.0353489, -0.0342886, -0.139128), (-0.0353489, -0.0342886, -0.139128), (-0.035163, -0.0329357, -0.169598), (-0.035163, -0.0329357, -0.169598), (-0.035163, -0.0329357, -0.169598), (-0.035163, -0.0329357, -0.169598), (-0.035163, -0.0329357, -0.169598), (-0.0347814, -0.00393028, -0.248416), (-0.0339274, -1.33656e-08, -0.163056), (-0.0336821, -0.00884666, -1.02398), (-0.033651, -0.0189307, -1.02231), (-0.0335101, 0.00714865, -0.664181), (-0.0334598, 0.028517, -0.664073), (-0.0334516, -1.26866e-08, -0.183889), (-0.0333233, 0.0152005, -0.245983), (-0.0333183, 0.000758916, -0.181182), (-0.031985, 0.00725497, -0.163133), (-0.031985, 0.00725497, -0.163133), (-0.0319849, -0.00725498, -0.163133), (-0.0319468, -0.00619584, -0.181942), (-0.0318608, -1.56072e-08, -0.0942763), (-0.0318472, -0.00493613, -0.970515), (-0.0318472, -0.00493613, -0.970515), (-0.0318472, -0.00493613, -0.970515), (-0.0318472, -0.00493613, -0.970515), (-0.0318472, -0.00493613, -0.970515), (-0.0316094, 0.00688639, -0.183784), (-0.0316094, 0.00688639, -0.183784), (-0.0316094, -0.0068864, -0.183784), (-0.0315723, -0.0110516, -1.02411), (-0.0315543, -0.0168736, -1.02315), (-0.0310411, 0.00751032, -0.180937), (-0.0307935, -0.0139897, -1.02381), (-0.0297694, 0.00859055, -0.667991), (-0.0297258, 0.0270961, -0.667897), (-0.0295992, 0.00848509, -0.0945087), (-0.0295992, 0.00848509, -0.0945087), (-0.0295992, -0.00848511, -0.0945087), (-0.0294658, -0.00566094, -0.249885), (-0.028993, 0.0720511, -0.752834), (-0.028993, 0.0720511, -0.752834), (-0.028993, 0.0720511, -0.752834), (-0.028993, 0.0720511, -0.752834), (-0.028993, 0.0720511, -0.752834), (-0.0277821, 0.0164294, -0.247075), (-0.0272941, -0.0114904, -0.183013), (-0.0271754, 0.0463371, -0.710751), (-0.0271754, 0.0463371, -0.710751), (-0.0271754, 0.0463371, -0.710751), (-0.0271754, 0.0463371, -0.710751), (-0.0271754, 0.0463371, -0.710751), (-0.0270242, 0.0125089, -0.670765), (-0.026999, 0.0231931, -0.670711), (-0.0266782, 0.012566, -0.163345), (-0.0266782, -0.012566, -0.163345), (-0.0265764, 0.0119276, -0.183496), (-0.0265764, -0.0119276, -0.183496), (-0.0260102, 0.0178538, -0.671761), (-0.0257254, 0.0122493, -0.181272), (-0.0242479, -1.73476e-08, -0.0257895), (-0.0239246, -0.00443204, -0.250977), (-0.0234202, 0.0146966, -0.0951437), (-0.0234202, -0.0146966, -0.0951437), (-0.0224665, 0.0146988, -0.248543), (-0.0224155, -1.05743e-08, -0.251502), (-0.0220804, 0.0194357, -0.670514), (-0.0217472, 0.00946123, -0.0262059), (-0.0217472, 0.00946123, -0.0262059), (-0.0217472, -0.00946125, -0.0262059), (-0.0209162, 0.00574889, -0.251148), (-0.0209162, 0.00574889, -0.251148), (-0.0209162, -0.0057489, -0.251148), (-0.0206542, 0.0250893, -0.670401), (-0.0206542, 0.0250893, -0.670401), (-0.0206069, -0.0137062, -0.184109), (-0.0205211, 0.0138438, -0.67107), (-0.0197013, 0.0137728, -0.183103), (-0.0197012, -0.0137728, -0.183103), (-0.0196426, -0.000572883, -0.2514), (-0.019429, 0.0145099, -0.163634), (-0.0194289, -0.0145099, -0.163634), (-0.019149, -1.78798e-08, 0.00369924), (-0.0190037, -0.0586124, -0.130674), (-0.0190037, -0.0586124, -0.130674), (-0.0190037, -0.0586124, -0.130674), (-0.0190037, -0.0586124, -0.130674), (-0.0190037, -0.0586124, -0.130674), (-0.0188008, 0.0104723, -0.249995), (-0.0188008, 0.0104723, -0.249995), (-0.0187956, 0.0137062, -0.182098), (-0.0187034, -0.0564234, -0.179975), (-0.0187034, -0.0564234, -0.179975), (-0.0187034, -0.0564234, -0.179975), (-0.0187034, -0.0564234, -0.179975), (-0.0187034, -0.0564234, -0.179975), (-0.0180229, 0.0217661, -0.736166), (-0.0177671, 0.00488248, -0.25104), (-0.0168437, 0.0899749, -0.731354), (-0.0168437, 0.0899749, -0.731354), (-0.0168437, 0.0899749, -0.731354), (-0.0168437, 0.0899749, -0.731354), (-0.0168437, 0.0899749, -0.731354), (-0.0168202, 0.00995737, -0.250181), (-0.0168202, -0.00995738, -0.250181), (-0.0167022, 0.0270066, -0.73582), (-0.0167022, 0.0270066, -0.73582), (-0.0166596, -0.0148778, -0.153418), (-0.0166596, -0.0148778, -0.153418), (-0.0166596, -0.0148778, -0.153418), (-0.0166596, -0.0148778, -0.153418), (-0.0166596, -0.0148778, -0.153418), (-0.0166247, 0.0292898, -0.670761), (-0.0165852, 0.0165473, -0.736014), (-0.0165835, 0.00975152, 0.00320364), (-0.0165835, 0.00975152, 0.00320364), (-0.0165835, -0.00975154, 0.00320363), (-0.0163941, 0.00981186, -0.67192), (-0.0158608, 0.0218014, -0.743256), (-0.0157204, 0.0740829, -0.705345), (-0.0157204, 0.0740829, -0.705345), (-0.0157204, 0.0740829, -0.705345), (-0.0157204, 0.0740829, -0.705345), (-0.0157204, 0.0740829, -0.705345), (-0.0149796, 0.0169702, -0.0960112), (-0.0149795, -0.0169702, -0.0960112), (-0.0149152, 0.0163873, -0.0273433), (-0.0149151, -0.0163873, -0.0273433), (-0.0145087, 0.027053, -0.743047), (-0.0145087, 0.027053, -0.743047), (-0.0144772, 0.0165715, -0.742827), (-0.0138575, -0.0412888, -0.0141918), (-0.0138575, -0.0412888, -0.0141918), (-0.0138575, -0.0412888, -0.0141918), (-0.0138575, -0.0412888, -0.0141918), (-0.0138575, -0.0412888, -0.0141918), (-0.0136771, -0.0122493, -0.184934), (-0.0129772, 0.0308645, -0.735067), (-0.0128261, 0.0119276, -0.18271), (-0.0128261, -0.0119276, -0.18271), (-0.0127744, 0.0127484, -0.735403), (-0.0121797, 0.012566, -0.163923), (-0.0121797, -0.012566, -0.163923), (-0.0121084, 0.0114904, -0.183193), (-0.0120624, -0.0380869, -0.0444702), (-0.0120624, -0.0380869, -0.0444702), (-0.0120624, -0.0380869, -0.0444702), (-0.0120624, -0.0380869, -0.0444702), (-0.0120624, -0.0380869, -0.0444702), (-0.0112249, 0.0114978, -0.248862), (-0.0112249, -0.0114978, -0.248862), (-0.0110716, 0.0309115, -0.671499), (-0.0108053, 0.00842037, -0.672836), (-0.0107831, 0.0309191, -0.742257), (-0.0107285, 0.0127645, -0.741875), (-0.0102432, 0.0483689, -0.757061), (-0.0102432, 0.0483689, -0.757061), (-0.0102432, 0.0483689, -0.757061), (-0.0102432, 0.0483689, -0.757061), (-0.0102432, 0.0483689, -0.757061), (-0.00961007, 0.0115862, -0.869647), (-0.00957451, 0.0168901, 0.00184962), (-0.00957449, -0.0168901, 0.00184962), (-0.00911994, 0.0324769, -0.731053), (-0.00911994, 0.0324769, -0.731053), (-0.00911994, 0.0324769, -0.731053), (-0.00911994, 0.0324769, -0.731053), (-0.00911994, 0.0324769, -0.731053), (-0.00906095, -0.0656911, -0.0318494), (-0.00906095, -0.0656911, -0.0318494), (-0.00906095, -0.0656911, -0.0318494), (-0.00906095, -0.0656911, -0.0318494), (-0.00906095, -0.0656911, -0.0318494), (-0.0087164, -0.0722923, -0.155919), (-0.0087164, -0.0722923, -0.155919), (-0.0087164, -0.0722923, -0.155919), (-0.0087164, -0.0722923, -0.155919), (-0.0087164, -0.0722923, -0.155919), (-0.0084152, 0.00706458, -0.869196), (-0.00840101, 0.0160526, -0.870464), (-0.00840101, 0.0160526, -0.870464), (-0.0083614, -0.00751033, -0.18527), (-0.00784578, 0.0323061, -0.734109), (-0.00779312, 0.0068864, -0.182423), (-0.0077931, -0.00688638, -0.182423), (-0.00761163, 0.0113875, -0.734497), (-0.00745572, 0.00619585, -0.184264), (-0.00745572, 0.00619585, -0.184264), (-0.00687294, 0.00725498, -0.164134), (-0.00687293, -0.00725496, -0.164134), (-0.00667261, -0.0307467, -0.129361), (-0.00667261, -0.0307467, -0.129361), (-0.00667261, -0.0307467, -0.129361), (-0.00667261, -0.0307467, -0.129361), (-0.00667261, -0.0307467, -0.129361), (-0.00653892, 0.0146966, -0.0968786), (-0.00653889, -0.0146966, -0.0968786), (-0.00645071, 0.0189708, -0.80626), (-0.00637227, -0.0285578, -0.178662), (-0.00637227, -0.0285578, -0.178662), (-0.00637227, -0.0285578, -0.178662), (-0.00637227, -0.0285578, -0.178662), (-0.00637227, -0.0285578, -0.178662), (-0.00608422, -0.000758918, -0.185024), (-0.00595091, 1.06223e-08, -0.182317), (-0.00568237, 0.0323637, -0.741097), (-0.00562958, 0.00995738, -0.247541), (-0.00562957, -0.00995737, -0.247541), (-0.00561935, 0.0114006, -0.740656), (-0.0055824, 0.0189225, -0.0288971), (-0.00558237, -0.0189225, -0.0288971), (-0.00548284, 0.02952, -0.672415), (-0.00525224, 0.0100421, -0.673573), (-0.00513657, 0.00369919, -0.869231), (-0.00511198, 0.0192668, -0.871427), (-0.0050365, 0.0136036, -0.805772), (-0.00498291, 0.0243325, -0.806636), (-0.00498291, 0.0243325, -0.806636), (-0.00493052, 1.11908e-08, -0.164212), (-0.00376114, -0.0250638, -0.455407), (-0.00376114, -0.0250638, -0.455407), (-0.00376114, -0.0250638, -0.455407), (-0.00376114, -0.0250638, -0.455407), (-0.00376114, -0.0250638, -0.455407), (-0.00268302, 0.0309451, -0.733203), (-0.00248023, 0.0128291, -0.733539), (-0.00153354, 0.0057489, -0.246575), (-0.00153353, -0.00574888, -0.246575), (-0.00135589, 0.0254882, -0.673265), (-0.00122276, 0.0142426, -0.673934), (-0.00111924, 0.00966911, -0.805304), (-0.00102642, 0.0282522, -0.8068), (-0.000652678, 0.00239181, -0.869743), (-0.000624288, 0.0203678, -0.872278), (-0.000573184, 0.0309998, -0.739877), (-0.000518606, 0.0128452, -0.739496), (-0.000359935, 0.00848511, -0.0975136), (-0.000359922, -0.00848508, -0.0975136), (-0.000218484, 0.014476, -0.609594), (-3.4282e-05, 8.83422e-09, -0.246221), (-8.68449e-09, 0.0195031, 2.72454e-09), (1.8561e-08, -0.0195031, -3.63273e-09), (0.000203402, 0.0198962, -0.673821), (0.00112775, 0.0271463, -0.732592), (0.00116873, 0.0201805, -0.609658), (0.00116873, 0.0201805, -0.609658), (0.00121049, 0.00888349, -0.610668), (0.00121184, 0.0761147, -0.751655), (0.00121184, 0.0761147, -0.751655), (0.00121184, 0.0761147, -0.751655), (0.00121184, 0.0761147, -0.751655), (0.00121184, 0.0761147, -0.751655), (0.00124483, 0.016687, -0.732786), (0.00135819, -9.23614e-09, -0.315443), (0.00151938, -0.0178249, -0.0261606), (0.00151938, -0.0178249, -0.0261606), (0.00151938, -0.0178249, -0.0261606), (0.00151938, -0.0178249, -0.0261606), (0.00151938, -0.0178249, -0.0261606), (0.00173676, 0.0148942, -0.606391), (0.00190173, 1.30883e-08, -0.097746), (0.00256545, 0.0219274, -0.73244), (0.00259415, 0.00502138, -0.314911), (0.00259415, 0.00502138, -0.314911), (0.00259416, -0.00502139, -0.314911), (0.00271895, 0.00922865, -0.607577), (0.00302943, 0.0504007, -0.709573), (0.00302943, 0.0504007, -0.709573), (0.00302943, 0.0504007, -0.709573), (0.00302943, 0.0504007, -0.709573), (0.00302943, 0.0504007, -0.709573), (0.00304685, 0.0205598, -0.6072), (0.00304685, 0.0205598, -0.6072), (0.00317545, 0.0271928, -0.738926), (0.00320696, 0.0167113, -0.738705), (0.00375038, 0.0163873, -0.0304508), (0.0037504, -0.0163873, -0.0304509), (0.00383502, 0.00349276, -0.870595), (0.0038596, 0.0190604, -0.87279), (0.0041866, 1.73738e-07, -0.320774), (0.00425146, 0.00822159, -0.80498), (0.00435863, 0.0296795, -0.806708), (0.00455907, 0.0219628, -0.738497), (0.00500044, 0.0244686, -0.610841), (0.00507275, 0.0049016, -0.612591), (0.00539789, 0.00498801, -0.320208), (0.00539789, 0.00498801, -0.320208), (0.00542511, -0.00498771, -0.320271), (0.00573025, 0.00508116, -0.61044), (0.00597087, 0.00869729, -0.313459), (0.00597088, -0.0086973, -0.313459), (0.00629818, 0.0247073, -0.609788), (0.00637606, -0.0624891, -0.00574008), (0.00637606, -0.0624891, -0.00574008), (0.00637606, -0.0624891, -0.00574008), (0.00637606, -0.0624891, -0.00574008), (0.00637606, -0.0624891, -0.00574008), (0.00699047, 0.0157318, -0.874864), (0.00699047, 0.0157318, -0.874864), (0.00699047, 0.0157318, -0.874864), (0.00699047, 0.0157318, -0.874864), (0.00699047, 0.0157318, -0.874864), (0.00707498, -0.0303808, -0.483417), (0.00707498, -0.0303808, -0.483417), (0.00707498, -0.0303808, -0.483417), (0.00707498, -0.0303808, -0.483417), (0.00707498, -0.0303808, -0.483417), (0.00712404, 0.00670703, -0.871558), (0.00713823, 0.015695, -0.872825), (0.00802363, 0.0368531, -0.896844), (0.00802363, 0.0368531, -0.896844), (0.00802363, 0.0368531, -0.896844), (0.00802363, 0.0368531, -0.896844), (0.00802363, 0.0368531, -0.896844), (0.0083331, 0.0111734, -0.872374), (0.00835839, -0.0522236, -0.462169), (0.00835839, -0.0522236, -0.462169), (0.00835839, -0.0522236, -0.462169), (0.00835839, -0.0522236, -0.462169), (0.00835839, -0.0522236, -0.462169), (0.00873442, 0.00863931, -0.318724), (0.00878156, -0.00863913, -0.318833), (0.00928015, -0.0573084, -0.0547318), (0.00928015, -0.0573084, -0.0547318), (0.00928015, -0.0573084, -0.0547318), (0.00928015, -0.0573084, -0.0547318), (0.00928015, -0.0573084, -0.0547318), (0.00941352, 0.0353955, -0.331883), (0.00941352, 0.0353955, -0.331883), (0.00941352, 0.0353955, -0.331883), (0.00941352, 0.0353955, -0.331883), (0.00941352, 0.0353955, -0.331883), (0.00941503, 0.0773704, -0.722306), (0.00941503, 0.0773704, -0.722306), (0.00941503, 0.0773704, -0.722306), (0.00941503, 0.0773704, -0.722306), (0.00941503, 0.0773704, -0.722306), (0.0095745, 0.0168901, -0.00184962), (0.00957452, -0.0168901, -0.00184962), (0.00963651, 0.00964888, -0.804888), (0.00972933, 0.028232, -0.806384), (0.00978697, -0.0542344, -0.139739), (0.00978697, -0.0542344, -0.139739), (0.00978697, -0.0542344, -0.139739), (0.00978697, -0.0542344, -0.139739), (0.00978697, -0.0542344, -0.139739), (0.00996377, 0.00356308, -0.614214), (0.00997287, -0.0528815, -0.170208), (0.00997287, -0.0528815, -0.170208), (0.00997287, -0.0528815, -0.170208), (0.00997287, -0.0528815, -0.170208), (0.00997287, -0.0528815, -0.170208), (0.0102499, 0.0261913, -0.612827), (0.0103334, 0.00359723, -0.614848), (0.0105825, 0.00946124, -0.0315883), (0.0105825, -0.00946122, -0.0315883), (0.0105835, 0.0100428, -0.311474), (0.0105836, -0.0100428, -0.311474), (0.0106196, 0.0262254, -0.613461), (0.0109864, 0.0450899, -0.867627), (0.0109864, 0.0450899, -0.867627), (0.0109864, 0.0450899, -0.867627), (0.0109864, 0.0450899, -0.867627), (0.0109864, 0.0450899, -0.867627), (0.0112359, -0.0272049, -0.153795), (0.0112359, -0.0272049, -0.153795), (0.0112359, -0.0272049, -0.153795), (0.0112359, -0.0272049, -0.153795), (0.0112359, -0.0272049, -0.153795), (0.0125044, -0.00364118, -0.469787), (0.0125044, -0.00364118, -0.469787), (0.0125044, -0.00364118, -0.469787), (0.0125044, -0.00364118, -0.469787), (0.0125044, -0.00364118, -0.469787), (0.012915, -0.0329062, -0.00222386), (0.012915, -0.0329062, -0.00222386), (0.012915, -0.0329062, -0.00222386), (0.012915, -0.0329062, -0.00222386), (0.012915, -0.0329062, -0.00222386), (0.0130832, 1.45389e-08, -0.0320046), (0.0133022, 0.00997571, -0.31672), (0.0133566, -0.00997571, -0.316846), (0.0134943, 0.0516565, -0.738194), (0.0134943, 0.0516565, -0.738194), (0.0134943, 0.0516565, -0.738194), (0.0134943, 0.0516565, -0.738194), (0.0134943, 0.0516565, -0.738194), (0.013593, 0.0135685, -0.805052), (0.0136466, 0.0242975, -0.805915), (0.0142852, 0.00508117, -0.617887), (0.0145811, -0.0389838, -0.435406), (0.0145811, -0.0389838, -0.435406), (0.0145811, -0.0389838, -0.435406), (0.0145811, -0.0389838, -0.435406), (0.0145811, -0.0389838, -0.435406), (0.0148531, 0.0247073, -0.617235), (0.0150608, 0.0189303, -0.805428), (0.0151962, 0.0086973, -0.30949), (0.0151962, -0.00869729, -0.30949), (0.0155106, 0.0248869, -0.615084), (0.0155829, 0.00531988, -0.616834), (0.0158191, -0.0277255, -0.0512156), (0.0158191, -0.0277255, -0.0512156), (0.0158191, -0.0277255, -0.0512156), (0.0158191, -0.0277255, -0.0512156), (0.0158191, -0.0277255, -0.0512156), (0.0165835, 0.00975154, -0.00320363), (0.0165835, -0.00975151, -0.00320364), (0.0171437, -0.00895821, -0.440114), (0.0171437, -0.00895821, -0.440114), (0.0171437, -0.00895821, -0.440114), (0.0171437, -0.00895821, -0.440114), (0.0171437, -0.00895821, -0.440114), (0.0175365, 0.00922867, -0.620475), (0.0178644, 0.0205598, -0.620099), (0.0178772, 0.00863913, -0.314733), (0.0179243, -0.00863931, -0.314842), (0.0185729, 0.00502139, -0.308037), (0.0185729, -0.00502138, -0.308037), (0.0188466, 0.0148943, -0.621285), (0.019149, 1.4985e-08, -0.00369924), (0.0193728, 0.020905, -0.617007), (0.0194146, 0.00960798, -0.618018), (0.0198089, 7.59936e-09, -0.307506), (0.0206758, -0.0723897, -0.0307951), (0.0206758, -0.0723897, -0.0307951), (0.0206758, -0.0723897, -0.0307951), (0.0206758, -0.0723897, -0.0307951), (0.0206758, -0.0723897, -0.0307951), (0.0208018, 0.0153125, -0.618081), (0.0212336, 0.0049877, -0.313295), (0.0212609, -0.00498801, -0.313358), (0.0216263, -0.0200047, -0.594484), (0.0216263, -0.0200047, -0.594484), (0.0216263, -0.0200047, -0.594484), (0.0216263, -0.0200047, -0.594484), (0.0216263, -0.0200047, -0.594484), (0.0223592, 0.0101988, -0.900622), (0.0223592, 0.0101988, -0.900622), (0.0223592, 0.0101988, -0.900622), (0.0223592, 0.0101988, -0.900622), (0.0223592, 0.0101988, -0.900622), (0.0224721, -1.75364e-07, -0.312792), (0.0229456, 0.0232474, -0.307397), (0.0229456, 0.0232474, -0.307397), (0.0229456, 0.0232474, -0.307397), (0.0229456, 0.0232474, -0.307397), (0.0229456, 0.0232474, -0.307397), (0.0242729, 0.0533383, -0.312197), (0.0242729, 0.0533383, -0.312197), (0.0242729, 0.0533383, -0.312197), (0.0242729, 0.0533383, -0.312197), (0.0242729, 0.0533383, -0.312197), (0.0249775, 0.00929032, -0.33444), (0.0249775, 0.00929032, -0.33444), (0.0249775, 0.00929032, -0.33444), (0.0249775, 0.00929032, -0.33444), (0.0249775, 0.00929032, -0.33444), (0.0263112, -0.0252152, -0.5648), (0.0263112, -0.0252152, -0.5648), (0.0263112, -0.0252152, -0.5648), (0.0263112, -0.0252152, -0.5648), (0.0263112, -0.0252152, -0.5648), (0.0267617, 0.000887889, -0.381706), (0.027079, 0.00900789, -0.551649), (0.0271247, 0.0579786, -0.342207), (0.0271247, 0.0579786, -0.342207), (0.0271247, 0.0579786, -0.342207), (0.0271247, 0.0579786, -0.342207), (0.0271247, 0.0579786, -0.342207), (0.0271534, 0.023526, -0.853348), (0.0271534, 0.023526, -0.853348), (0.0271534, 0.023526, -0.853348), (0.0271534, 0.023526, -0.853348), (0.0271534, 0.023526, -0.853348), (0.0275604, 0.0307553, -0.355954), (0.0275604, 0.0307553, -0.355954), (0.0275604, 0.0307553, -0.355954), (0.0275604, 0.0307553, -0.355954), (0.0275604, 0.0307553, -0.355954), (0.0279451, 0.00559674, -0.381289), (0.0279451, 0.00559674, -0.381289), (0.0280221, -0.00381483, -0.381497), (0.0283809, 0.0142383, -0.551627), (0.0283809, 0.0142383, -0.551627), (0.028451, 0.00385948, -0.552464), (0.0288251, 0.0577012, -0.88891), (0.0288251, 0.0577012, -0.88891), (0.0288251, 0.0577012, -0.88891), (0.0288251, 0.0577012, -0.88891), (0.0288251, 0.0577012, -0.88891), (0.0312552, 0.00904999, -0.380358), (0.0312561, -0.0245235, -0.0251062), (0.0312561, -0.0245235, -0.0251062), (0.0312561, -0.0245235, -0.0251062), (0.0312561, -0.0245235, -0.0251062), (0.0312561, -0.0245235, -0.0251062), (0.0313885, -0.00725132, -0.380719), (0.0320077, 0.0181492, -0.552404), (0.0321141, -0.0475867, -0.480727), (0.0321141, -0.0475867, -0.480727), (0.0321141, -0.0475867, -0.480727), (0.0321141, -0.0475867, -0.480727), (0.0321141, -0.0475867, -0.480727), (0.0321292, 0.000172585, -0.553853), (0.03285, -0.0468354, -0.585296), (0.03285, -0.0468354, -0.585296), (0.03285, -0.0468354, -0.585296), (0.03285, -0.0468354, -0.585296), (0.03285, -0.0468354, -0.585296), (0.0337111, 0.00178769, -0.576897), (0.0337111, 0.00178769, -0.576897), (0.0337111, 0.00178769, -0.576897), (0.0337111, 0.00178769, -0.576897), (0.0337111, 0.00178769, -0.576897), (0.0341821, 0.001962, -0.87374), (0.0341821, 0.001962, -0.87374), (0.0341821, 0.001962, -0.87374), (0.0341821, 0.001962, -0.87374), (0.0341821, 0.001962, -0.87374), (0.0342575, -0.0521277, -0.0124855), (0.0342575, -0.0521277, -0.0124855), (0.0342575, -0.0521277, -0.0124855), (0.0342575, -0.0521277, -0.0124855), (0.0342575, -0.0521277, -0.0124855), (0.0346767, -0.0175612, -0.485436), (0.0346767, -0.0175612, -0.485436), (0.0346767, -0.0175612, -0.485436), (0.0346767, -0.0175612, -0.485436), (0.0346767, -0.0175612, -0.485436), (0.035805, 0.0103223, -0.379163), (0.0358538, 0.0361373, -0.909303), (0.0358538, 0.0361373, -0.909303), (0.0358538, 0.0361373, -0.909303), (0.0358538, 0.0361373, -0.909303), (0.0358538, 0.0361373, -0.909303), (0.0359589, -0.00850079, -0.37958), (0.0360526, -0.0489258, -0.0427638), (0.0360526, -0.0489258, -0.0427638), (0.0360526, -0.0489258, -0.0427638), (0.0360526, -0.0489258, -0.0427638), (0.0360526, -0.0489258, -0.0427638), (0.0367534, -0.0529038, -0.451055), (0.0367534, -0.0529038, -0.451055), (0.0367534, -0.0529038, -0.451055), (0.0367534, -0.0529038, -0.451055), (0.0367534, -0.0529038, -0.451055), (0.0368371, 0.0030393, -0.445908), (0.0369878, 0.0196927, -0.553771), (0.0371281, -0.0010649, -0.555445), (0.0375803, 0.00503751, -0.489665), (0.0377283, 0.00518092, -0.492103), (0.0380339, 0.00772265, -0.445615), (0.0380339, 0.00772265, -0.445615), (0.0381369, -0.00162522, -0.445976), (0.0388169, 0.00987659, -0.489482), (0.0388169, 0.00987659, -0.489482), (0.038925, 0.000236853, -0.490019), (0.0389949, 0.0100085, -0.491839), (0.0389949, 0.0100085, -0.491839), (0.0390033, 0.000353325, -0.491883), (0.0403754, 0.00907287, -0.378024), (0.0405087, -0.00722844, -0.378385), (0.040648, 0.0494644, -0.862029), (0.040648, 0.0494644, -0.862029), (0.040648, 0.0494644, -0.862029), (0.040648, 0.0494644, -0.862029), (0.040648, 0.0494644, -0.862029), (0.0408994, -0.00432132, -0.458673), (0.0408994, -0.00432132, -0.458673), (0.0408994, -0.00432132, -0.458673), (0.0408994, -0.00432132, -0.458673), (0.0408994, -0.00432132, -0.458673), (0.0414067, 0.0111699, -0.445176), (0.0415851, -0.00502105, -0.445802), (0.0419867, 0.0184553, -0.555362), (0.0421082, 0.000478614, -0.556812), (0.0421828, -0.0261641, -0.437424), (0.0421828, -0.0261641, -0.437424), (0.0421828, -0.0261641, -0.437424), (0.0421828, -0.0261641, -0.437424), (0.0421828, -0.0261641, -0.437424), (0.0423034, 0.0134575, -0.489517), (0.0424637, 0.0135426, -0.491163), (0.0424783, -0.00318072, -0.49124), (0.0424907, -0.00323904, -0.490448), (0.0437418, 0.00563637, -0.377246), (0.0438187, -0.00377519, -0.377454), (0.0442908, -0.0331944, -0.610061), (0.0442908, -0.0331944, -0.610061), (0.0442908, -0.0331944, -0.610061), (0.0442908, -0.0331944, -0.610061), (0.0442908, -0.0331944, -0.610061), (0.0448229, -0.00314373, -0.60487), (0.0448229, -0.00314373, -0.60487), (0.0448229, -0.00314373, -0.60487), (0.0448229, -0.00314373, -0.60487), (0.0448229, -0.00314373, -0.60487), (0.0450021, 0.000933658, -0.377037), (0.0456649, 0.0147684, -0.556751), (0.0457351, 0.00438954, -0.557588), (0.0460518, 0.0124574, -0.444709), (0.0462577, -0.00623829, -0.445432), (0.0470369, 0.00961995, -0.557566), (0.0471055, 0.0148207, -0.489762), (0.0472053, 0.0148361, -0.490255), (0.0472221, -0.00447426, -0.490344), (0.0473218, -0.00445881, -0.490837), (0.0488488, 0.00547296, -0.558108), (0.0490202, 0.0383225, -0.302588), (0.0490202, 0.0383225, -0.302588), (0.0490202, 0.0383225, -0.302588), (0.0490202, 0.0383225, -0.302588), (0.0490202, 0.0383225, -0.302588), (0.0494559, 0.0110992, -0.316335), (0.0494559, 0.0110992, -0.316335), (0.0494559, 0.0110992, -0.316335), (0.0494559, 0.0110992, -0.316335), (0.0494559, 0.0110992, -0.316335), (0.0502338, -9.33703e-05, -0.557515), (0.0503075, 0.0110431, -0.557793), (0.0503075, 0.0110431, -0.557793), (0.0507244, 0.0112402, -0.444339), (0.0509027, -0.00495077, -0.444965), (0.0516031, 0.0597875, -0.324102), (0.0516031, 0.0597875, -0.324102), (0.0516031, 0.0597875, -0.324102), (0.0516031, 0.0597875, -0.324102), (0.0516031, 0.0597875, -0.324102), (0.0518716, -0.0416249, -0.56203), (0.0518716, -0.0416249, -0.56203), (0.0518716, -0.0416249, -0.56203), (0.0518716, -0.0416249, -0.56203), (0.0518716, -0.0416249, -0.56203), (0.0519367, 0.0136009, -0.490152), (0.0519491, 0.0135426, -0.489359), (0.0519637, -0.00318071, -0.489436), (0.0520208, 0.0145733, -0.895024), (0.0520208, 0.0145733, -0.895024), (0.0520208, 0.0145733, -0.895024), (0.0520208, 0.0145733, -0.895024), (0.0520208, 0.0145733, -0.895024), (0.052124, -0.00309562, -0.491082), (0.0523077, 0.0157395, -0.346345), (0.0523077, 0.0157395, -0.346345), (0.0523077, 0.0157395, -0.346345), (0.0523077, 0.0157395, -0.346345), (0.0523077, 0.0157395, -0.346345), (0.0524037, -0.0115742, -0.556839), (0.0524037, -0.0115742, -0.556839), (0.0524037, -0.0115742, -0.556839), (0.0524037, -0.0115742, -0.556839), (0.0524037, -0.0115742, -0.556839), (0.0530189, -0.0314812, -0.465434), (0.0530189, -0.0314812, -0.465434), (0.0530189, -0.0314812, -0.465434), (0.0530189, -0.0314812, -0.465434), (0.0530189, -0.0314812, -0.465434), (0.053635, 0.0458304, -0.351145), (0.053635, 0.0458304, -0.351145), (0.053635, 0.0458304, -0.351145), (0.053635, 0.0458304, -0.351145), (0.053635, 0.0458304, -0.351145), (0.0540912, -0.00416439, -0.556173), (0.0541726, 0.00784437, -0.444165), (0.0542189, 0.0151246, -0.556654), (0.0542755, -0.00150349, -0.444527), (0.0549836, 0.0228102, -0.865807), (0.0549836, 0.0228102, -0.865807), (0.0549836, 0.0228102, -0.865807), (0.0549836, 0.0228102, -0.865807), (0.0549836, 0.0228102, -0.865807), (0.0554241, 0.0100085, -0.488716), (0.0554325, 0.000353339, -0.48876), (0.0554724, 0.00317985, -0.444234), (0.0555024, 0.010125, -0.49058), (0.0556105, 0.000485264, -0.491117), (0.0560167, 0.0439315, -0.887786), (0.0560167, 0.0439315, -0.887786), (0.0560167, 0.0439315, -0.887786), (0.0560167, 0.0439315, -0.887786), (0.0560167, 0.0439315, -0.887786), (0.0566991, 0.00518093, -0.488496), (0.0568471, 0.00532435, -0.490934), (0.0593876, -0.00564927, -0.554442), (0.059535, 0.0166237, -0.554997), (0.0629834, -0.0465563, -0.590003), (0.0629834, -0.0465563, -0.590003), (0.0629834, -0.0465563, -0.590003), (0.0629834, -0.0465563, -0.590003), (0.0629834, -0.0465563, -0.590003), (0.0638445, 0.00206672, -0.581604), (0.0638445, 0.00206672, -0.581604), (0.0638445, 0.00206672, -0.581604), (0.0638445, 0.00206672, -0.581604), (0.0638445, 0.00206672, -0.581604), (0.0647037, -0.00415013, -0.552785), (0.0648313, 0.0151388, -0.553266), (0.0671671, 0.0336823, -0.326659), (0.0671671, 0.0336823, -0.326659), (0.0671671, 0.0336823, -0.326659), (0.0671671, 0.0336823, -0.326659), (0.0671671, 0.0336823, -0.326659), (0.0686151, -6.86707e-05, -0.551647), (0.0686888, 0.0110678, -0.551924), (0.0700737, 0.00550148, -0.551331), (0.0703833, -0.0195535, -0.6021), (0.0703833, -0.0195535, -0.6021), (0.0703833, -0.0195535, -0.6021), (0.0703833, -0.0195535, -0.6021), (0.0703833, -0.0195535, -0.6021), (0.0750682, -0.0247639, -0.572416), (0.0750682, -0.0247639, -0.572416), (0.0750682, -0.0247639, -0.572416), (0.0750682, -0.0247639, -0.572416), (0.0750682, -0.0247639, -0.572416), (0.0760149, 0.00168542, -0.620272), (0.0772907, -0.00445308, -0.619019), (0.0776239, 0.00786242, -0.619904), (0.0776239, 0.00786242, -0.619904), (0.0811096, -0.00890827, -0.616479), (0.0816867, 0.0124228, -0.618012), (0.0864482, -0.0104864, -0.613335), (0.0871146, 0.0141446, -0.615105), (0.0918761, -0.0087646, -0.610427), (0.0924533, 0.0125665, -0.61196), (0.0959389, -0.00420424, -0.608536), (0.0962721, 0.00811125, -0.609421), (0.097548, 0.00197276, -0.608168), (0.122279, 0.000454153, -0.753521), (0.122279, 0.000454153, -0.753521), (0.122279, 0.000454153, -0.753521), (0.122279, 0.000454153, -0.753521), (0.122279, 0.000454153, -0.753521), (0.124575, 0.00473896, -0.783631), (0.124575, 0.00473896, -0.783631), (0.124575, 0.00473896, -0.783631), (0.124575, 0.00473896, -0.783631), (0.124575, 0.00473896, -0.783631), (0.127205, -0.0233236, -0.771976), (0.127205, -0.0233236, -0.771976), (0.127205, -0.0233236, -0.771976), (0.127205, -0.0233236, -0.771976), (0.127205, -0.0233236, -0.771976), (0.137989, 0.0242319, -0.764387), (0.137989, 0.0242319, -0.764387), (0.137989, 0.0242319, -0.764387), (0.137989, 0.0242319, -0.764387), (0.137989, 0.0242319, -0.764387), (0.142245, -0.0211742, -0.745529), (0.142245, -0.0211742, -0.745529), (0.142245, -0.0211742, -0.745529), (0.142245, -0.0211742, -0.745529), (0.142245, -0.0211742, -0.745529), (0.145959, -0.0142412, -0.794249), (0.145959, -0.0142412, -0.794249), (0.145959, -0.0142412, -0.794249), (0.145959, -0.0142412, -0.794249), (0.145959, -0.0142412, -0.794249), (0.14891, 0.0082165, -0.740838), (0.14891, 0.0082165, -0.740838), (0.14891, 0.0082165, -0.740838), (0.14891, 0.0082165, -0.740838), (0.14891, 0.0082165, -0.740838), (0.152624, 0.0151495, -0.789558), (0.152624, 0.0151495, -0.789558), (0.152624, 0.0151495, -0.789558), (0.152624, 0.0151495, -0.789558), (0.152624, 0.0151495, -0.789558), (0.156879, -0.0302566, -0.7707), (0.156879, -0.0302566, -0.7707), (0.156879, -0.0302566, -0.7707), (0.156879, -0.0302566, -0.7707), (0.156879, -0.0302566, -0.7707), (0.167664, 0.0172989, -0.763111), (0.167664, 0.0172989, -0.763111), (0.167664, 0.0172989, -0.763111), (0.167664, 0.0172989, -0.763111), (0.167664, 0.0172989, -0.763111), (0.170294, -0.0107637, -0.751456), (0.170294, -0.0107637, -0.751456), (0.170294, -0.0107637, -0.751456), (0.170294, -0.0107637, -0.751456), (0.170294, -0.0107637, -0.751456), (0.172589, -0.00647885, -0.781566), (0.172589, -0.00647885, -0.781566), (0.172589, -0.00647885, -0.781566), (0.172589, -0.00647885, -0.781566), (0.172589, -0.00647885, -0.781566), (0.21709, -0.021283, -0.816952), (0.217633, -0.0242049, -0.816247), (0.217856, -0.0183315, -0.816773), (0.217856, -0.0183315, -0.816773), (0.219341, -0.0263145, -0.814846), (0.219728, -0.0161414, -0.815757), (0.221756, -0.0270463, -0.813124), (0.222202, -0.0152995, -0.814176), (0.224231, -0.0262044, -0.811544), (0.224617, -0.0160313, -0.812455), (0.226102, -0.0240143, -0.810528), (0.226325, -0.0181409, -0.811054), (0.226869, -0.0210628, -0.810348)] (
                    interpolation = "vertex"
                )
                int[] faceVertexCounts = [3, 3, 3, 3, 3, 3, 3, 3, 3, 3, 3, 3, 3, 3, 3, 3, 3, 3, 3, 3, 3, 3, 3, 3, 3, 3, 3, 3, 3, 3, 3, 3, 3, 3, 3, 3, 3, 3, 3, 3, 3, 3, 3, 3, 3, 3, 3, 3, 3, 3, 3, 3, 3, 3, 3, 3, 3, 3, 3, 3, 3, 3, 3, 3, 3, 3, 3, 3, 3, 3, 3, 3, 3, 3, 3, 3, 3, 3, 3, 3, 3, 3, 3, 3, 3, 3, 3, 3, 3, 3, 3, 3, 3, 3, 3, 3, 3, 3, 3, 3, 3, 3, 3, 3, 3, 3, 3, 3, 3, 3, 3, 3, 3, 3, 3, 3, 3, 3, 3, 3, 3, 3, 3, 3, 3, 3, 3, 3, 3, 3, 3, 3, 3, 3, 3, 3, 3, 3, 3, 3, 3, 3, 3, 3, 3, 3, 3, 3, 3, 3, 3, 3, 3, 3, 3, 3, 3, 3, 3, 3, 3, 3, 3, 3, 3, 3, 3, 3, 3, 3, 3, 3, 3, 3, 3, 3, 3, 3, 3, 3, 3, 3, 3, 3, 3, 3, 3, 3, 3, 3, 3, 3, 3, 3, 3, 3, 3, 3, 3, 3, 3, 3, 3, 3, 3, 3, 3, 3, 3, 3, 3, 3, 3, 3, 3, 3, 3, 3, 3, 3, 3, 3, 3, 3, 3, 3, 3, 3, 3, 3, 3, 3, 3, 3, 3, 3, 3, 3, 3, 3, 3, 3, 3, 3, 3, 3, 3, 3, 3, 3, 3, 3, 3, 3, 3, 3, 3, 3, 3, 3, 3, 3, 3, 3, 3, 3, 3, 3, 3, 3, 3, 3, 3, 3, 3, 3, 3, 3, 3, 3, 3, 3, 3, 3, 3, 3, 3, 3, 3, 3, 3, 3, 3, 3, 3, 3, 3, 3, 3, 3, 3, 3, 3, 3, 3, 3, 3, 3, 3, 3, 3, 3, 3, 3, 3, 3, 3, 3, 3, 3, 3, 3, 3, 3, 3, 3, 3, 3, 3, 3, 3, 3, 3, 3, 3, 3, 3, 3, 3, 3, 3, 3, 3, 3, 3, 3, 3, 3, 3, 3, 3, 3, 3, 3, 3, 3, 3, 3, 3, 3, 3, 3, 3, 3, 3, 3, 3, 3, 3, 3, 3, 3, 3, 3, 3, 3, 3, 3, 3, 3, 3, 3, 3, 3, 3, 3, 3, 3, 3, 3, 3, 3, 3, 3, 3, 3, 3, 3, 3, 3, 3, 3, 3, 3, 3, 3, 3, 3, 3, 3, 3, 3, 3, 3, 3, 3, 3, 3, 3, 3, 3, 3, 3, 3, 3, 3, 3, 3, 3, 3, 3, 3, 3, 3, 3, 3, 3, 3, 3, 3, 3, 3, 3, 3, 3, 3, 3, 3, 3, 3, 3, 3, 3, 3, 3, 3, 3, 3, 3, 3, 3, 3, 3, 3, 3, 3, 3, 3, 3, 3, 3, 3, 3, 3, 3, 3, 3, 3, 3, 3, 3, 3, 3, 3, 3, 3, 3, 3, 3, 3, 3, 3, 3, 3, 3, 3, 3, 3, 3, 3, 3, 3, 3, 3, 3, 3, 3, 3, 3, 3, 3, 3, 3, 3, 3, 3, 3, 3, 3, 3, 3, 3, 3, 3, 3, 3, 3, 3, 3, 3, 3, 3, 3, 3, 3, 3, 3, 3, 3, 3, 3, 3, 3, 3, 3, 3, 3, 3, 3, 3, 3, 3, 3, 3, 3, 3, 3, 3, 3, 3, 3, 3, 3, 3, 3, 3, 3, 3, 3, 3, 3, 3, 3, 3, 3, 3, 3, 3, 3, 3, 3, 3, 3, 3, 3, 3, 3, 3, 3, 3, 3, 3, 3, 3, 3, 3, 3, 3, 3, 3, 3, 3, 3, 3, 3, 3, 3, 3, 3, 3, 3, 3, 3, 3, 3, 3, 3, 3, 3, 3, 3, 3, 3, 3, 3, 3, 3, 3, 3, 3, 3, 3, 3, 3, 3, 3, 3, 3, 3, 3, 3, 3, 3, 3, 3, 3, 3, 3, 3, 3, 3, 3, 3, 3, 3, 3, 3, 3, 3, 3, 3, 3, 3, 3, 3, 3, 3, 3, 3, 3, 3, 3, 3, 3, 3, 3, 3, 3, 3, 3, 3, 3, 3, 3, 3, 3, 3, 3, 3, 3, 3, 3, 3, 3, 3, 3, 3, 3, 3, 3, 3, 3, 3, 3, 3, 3, 3, 3, 3, 3, 3, 3, 3, 3, 3, 3, 3, 3, 3, 3, 3, 3, 3, 3, 3, 3, 3, 3, 3, 3, 3, 3, 3, 3, 3, 3, 3, 3, 3, 3, 3, 3, 3, 3, 3, 3, 3, 3, 3, 3, 3, 3, 3, 3, 3, 3, 3, 3, 3, 3, 3, 3, 3, 3, 3, 3, 3, 3, 3, 3, 3, 3, 3, 3, 3, 3, 3, 3, 3, 3, 3, 3, 3, 3, 3, 3, 3, 3, 3, 3, 3, 3, 3, 3, 3, 3, 3, 3, 3, 3, 3, 3, 3, 3, 3, 3, 3, 3, 3, 3, 3, 3, 3, 3, 3, 3, 3, 3, 3, 3, 3, 3, 3, 3, 3, 3, 3, 3, 3, 3, 3, 3, 3, 3, 3, 3, 3, 3, 3, 3, 3, 3, 3, 3, 3, 3, 3, 3, 3, 3, 3, 3, 3, 3, 3, 3, 3, 3, 3, 3, 3, 3, 3, 3, 3, 3, 3, 3, 3, 3, 3, 3, 3, 3, 3, 3, 3, 3, 3, 3, 3, 3, 3, 3, 3, 3, 3, 3, 4, 4, 4, 4, 4, 4, 4, 4, 4, 4, 4, 4, 4, 4, 4, 4, 4, 4, 4, 4, 4, 4, 4, 4, 4, 4, 4, 4, 4, 4, 4, 4, 4, 4, 4, 4, 4, 4, 4, 4, 4, 4, 4, 4, 4, 4, 4, 4, 4, 4, 4, 4, 4, 4, 4, 4, 4, 4, 4, 4, 4, 4, 4, 4, 4, 4, 4, 4, 4, 4, 4, 4, 4, 4, 4, 4, 4, 4, 4, 4, 4, 4, 4, 4, 4, 4, 4, 4, 4, 4, 4, 4, 4, 4, 4, 4, 4, 4, 4, 4, 4, 4, 4, 4, 4, 4, 4, 4, 4, 4, 4, 4, 4, 4, 4, 4, 4, 4, 4, 4, 4, 4, 4, 4, 4, 4, 4, 4, 4, 4, 4, 4, 4, 4, 4, 4, 4, 4, 4, 4, 4, 4, 4, 4, 4, 4, 4, 4, 4, 4, 4, 4, 4, 4, 4, 4, 4, 4, 4, 4, 4, 4, 4, 4, 4, 4, 4, 4, 4, 4, 4, 4, 4, 4, 4, 4, 4, 4, 4, 4, 4, 4, 4, 4, 4, 4, 4, 4, 4, 4, 4, 4, 4, 4, 4, 4, 4, 4, 4, 4, 4, 4, 4, 4, 4, 4, 4, 4, 4, 4, 4, 4, 4, 4, 4, 4, 4, 4, 4, 4, 4, 4, 4, 4, 4, 4, 4, 4, 4, 4, 4, 4, 4, 4, 4, 4, 4, 4, 4, 4, 4, 4, 4, 4, 4, 4, 4, 4, 4, 4, 4, 4, 4, 4, 4, 4, 4, 4, 4, 4, 4, 4, 4, 4, 4, 4, 4, 4, 4, 4, 4, 4, 4, 4, 4, 4, 4, 4, 4, 4, 4, 4, 4, 4, 4, 4, 4, 4, 4, 4, 4, 4, 4, 4, 4, 4, 4, 4, 4, 4, 4, 4, 4, 4, 4, 4, 4, 4, 4, 4, 4, 4, 4, 4, 4, 4, 4, 4, 4, 4, 4, 4, 4, 4, 4, 4, 4, 4, 4, 4, 4, 4, 4, 4, 4, 4, 4, 4, 4, 4, 4, 4, 4, 4, 4, 4, 4, 4, 4, 4, 4, 4, 4, 4, 4, 4, 4, 4, 4, 4, 4, 4, 4, 4, 4, 4, 4, 4, 4, 4, 4, 4, 4, 4, 4, 4, 4, 4, 4, 4, 4, 4, 4, 4, 4, 4, 4, 4, 4, 4, 4, 4, 4, 4, 4, 4, 4, 4, 4, 4, 4, 4, 4, 4, 4, 4, 4, 4, 4, 4, 4, 4, 4, 4, 4, 4, 4, 4, 4, 4, 4, 4, 4, 4, 4, 4, 4, 4, 4, 4, 4, 4, 4, 4, 4, 4, 4, 4, 4, 4, 4, 4, 4, 4, 4, 4, 4, 4, 4, 4, 4, 4, 4, 4, 4, 4, 4, 4, 4, 4, 4, 4, 4, 4, 4, 4, 4, 4, 4, 4, 4, 4, 4, 4, 4, 4, 4, 4, 4, 4, 4, 4, 4, 4, 4, 4, 4, 4, 4, 4, 4, 4, 4, 4, 4, 4, 4, 4, 4, 4, 4, 4, 4, 4, 4, 4, 4, 4, 4, 4, 4, 4, 4, 4, 4, 4, 4, 4, 4, 4, 4, 4, 4, 4, 4, 4, 4, 4, 4, 4, 4, 4, 4, 4, 4, 4, 4, 4, 4, 4, 4, 4, 4, 4, 4, 4, 4, 4, 4, 4, 4, 4, 4, 4, 4, 4, 4, 4, 4, 4, 4, 4, 4, 4, 4, 4, 4, 4, 4, 4, 4, 4, 4, 4]
                int[] faceVertexIndices = [291, 44, 289, 44, 291, 55, 288, 41, 272, 41, 288, 43, 272, 41, 39, 39, 260, 272, 39, 253, 260, 253, 39, 37, 37, 236, 253, 236, 37, 35, 236, 35, 33, 236, 33, 229, 33, 235, 229, 235, 33, 34, 34, 242, 235, 242, 34, 36, 36, 259, 242, 259, 36, 38, 40, 259, 38, 259, 40, 266, 266, 40, 42, 266, 42, 284, 291, 42, 55, 42, 291, 284, 418, 289, 410, 289, 418, 291, 409, 272, 385, 272, 409, 288, 385, 272, 260, 260, 366, 385, 260, 336, 366, 336, 260, 253, 253, 304, 336, 304, 253, 236, 304, 236, 229, 304, 229, 295, 229, 303, 295, 303, 229, 235, 235, 329, 303, 329, 235, 242, 242, 360, 329, 360, 242, 259, 266, 360, 259, 360, 266, 382, 382, 266, 284, 382, 284, 400, 418, 284, 291, 284, 418, 400, 524, 410, 508, 410, 524, 418, 507, 385, 464, 385, 507, 409, 464, 385, 366, 464, 366, 411, 411, 366, 336, 411, 336, 380, 336, 353, 380, 353, 336, 304, 353, 304, 295, 353, 295, 337, 295, 341, 337, 341, 295, 303, 303, 367, 341, 367, 303, 329, 329, 396, 367, 396, 329, 360, 360, 457, 396, 457, 360, 382, 457, 382, 400, 457, 400, 502, 524, 400, 418, 400, 524, 502, 381, 436, 389, 436, 381, 403, 388, 482, 447, 482, 388, 435, 530, 482, 561, 482, 530, 447, 596, 561, 658, 561, 596, 530, 675, 658, 727, 658, 675, 596, 675, 727, 741, 675, 741, 700, 741, 676, 700, 676, 741, 728, 659, 597, 676, 659, 676, 728, 562, 531, 597, 562, 597, 659, 483, 448, 531, 483, 531, 562, 390, 483, 437, 483, 390, 448, 381, 437, 403, 437, 381, 390, 342, 389, 358, 389, 342, 381, 357, 447, 383, 447, 357, 388, 383, 530, 445, 530, 383, 447, 516, 530, 596, 530, 516, 445, 557, 596, 675, 596, 557, 516, 557, 675, 700, 557, 700, 581, 700, 558, 581, 558, 700, 676, 558, 676, 597, 597, 517, 558, 517, 597, 531, 531, 446, 517, 531, 384, 446, 384, 531, 448, 448, 359, 384, 359, 448, 390, 342, 390, 381, 390, 342, 359, 330, 358, 339, 358, 330, 342, 338, 383, 375, 383, 338, 357, 375, 445, 401, 445, 375, 383, 462, 445, 516, 445, 462, 401, 509, 516, 557, 516, 509, 462, 509, 557, 581, 509, 581, 539, 581, 510, 539, 510, 581, 558, 510, 558, 517, 517, 463, 510, 446, 402, 463, 446, 463, 517, 376, 446, 384, 446, 376, 402, 340, 384, 359, 384, 340, 376, 330, 359, 342, 359, 330, 340, 349, 330, 339, 330, 349, 335, 377, 338, 375, 338, 377, 348, 398, 375, 401, 375, 398, 377, 459, 401, 462, 401, 459, 398, 459, 462, 509, 459, 509, 504, 504, 509, 539, 504, 539, 525, 539, 505, 525, 505, 539, 510, 510, 460, 505, 460, 510, 463, 402, 399, 460, 402, 460, 463, 399, 376, 378, 376, 399, 402, 340, 350, 378, 340, 378, 376, 330, 335, 350, 330, 350, 340, 392, 335, 349, 335, 392, 386, 391, 348, 377, 377, 424, 391, 377, 470, 424, 470, 377, 398, 398, 527, 470, 527, 398, 459, 459, 547, 527, 547, 459, 504, 504, 560, 547, 560, 504, 525, 560, 525, 505, 560, 505, 548, 548, 505, 460, 548, 460, 528, 528, 399, 471, 399, 528, 460, 471, 378, 425, 378, 471, 399, 393, 378, 350, 378, 393, 425, 335, 386, 393, 335, 393, 350, 584, 386, 392, 386, 584, 574, 583, 391, 424, 424, 610, 583, 610, 424, 470, 470, 677, 610, 677, 470, 527, 527, 718, 677, 718, 527, 547, 547, 738, 718, 547, 744, 738, 744, 547, 560, 744, 560, 548, 744, 548, 739, 719, 548, 528, 548, 719, 739, 678, 528, 471, 528, 678, 719, 611, 471, 425, 471, 611, 678, 585, 425, 393, 425, 585, 611, 386, 574, 585, 386, 585, 393, 607, 574, 584, 574, 607, 600, 583, 610, 606, 610, 641, 606, 610, 677, 641, 677, 701, 641, 677, 718, 701, 718, 736, 701, 718, 738, 736, 738, 751, 736, 738, 763, 751, 763, 738, 744, 763, 744, 739, 763, 739, 752, 737, 739, 719, 739, 737, 752, 702, 719, 678, 719, 702, 737, 642, 678, 611, 678, 642, 702, 608, 611, 585, 611, 608, 642, 600, 608, 574, 574, 608, 585, 802, 600, 607, 600, 802, 784, 801, 606, 641, 641, 812, 801, 812, 641, 701, 701, 851, 812, 851, 701, 736, 736, 882, 851, 882, 736, 751, 751, 907, 882, 751, 919, 907, 919, 751, 763, 919, 763, 752, 919, 752, 908, 908, 737, 883, 737, 908, 752, 857, 737, 702, 737, 857, 883, 818, 702, 642, 702, 818, 857, 803, 642, 608, 642, 803, 818, 600, 784, 803, 600, 803, 608, 874, 784, 802, 784, 874, 868, 894, 801, 812, 801, 894, 873, 812, 922, 894, 922, 812, 851, 851, 943, 922, 943, 851, 882, 943, 882, 907, 907, 985, 943, 907, 995, 985, 995, 907, 919, 995, 919, 908, 995, 908, 987, 987, 908, 883, 987, 883, 944, 944, 857, 923, 857, 944, 883, 923, 818, 895, 818, 923, 857, 875, 818, 803, 818, 875, 895, 784, 868, 875, 784, 875, 803, 877, 868, 874, 868, 877, 871, 903, 873, 894, 873, 903, 876, 925, 894, 922, 894, 925, 903, 943, 955, 925, 943, 925, 922, 985, 996, 955, 985, 955, 943, 985, 1004, 996, 1004, 985, 995, 1004, 995, 987, 1004, 987, 997, 997, 987, 944, 997, 944, 963, 928, 944, 923, 944, 928, 963, 906, 923, 895, 923, 906, 928, 878, 895, 875, 895, 878, 906, 871, 875, 868, 875, 871, 878, 877, 805, 785, 877, 785, 871, 804, 876, 903, 903, 819, 804, 869, 903, 925, 903, 869, 819, 869, 955, 896, 955, 869, 925, 896, 996, 920, 996, 896, 955, 920, 996, 1004, 920, 1004, 924, 1004, 921, 924, 921, 1004, 997, 997, 897, 921, 897, 997, 963, 963, 870, 897, 870, 963, 928, 928, 825, 870, 825, 928, 906, 906, 806, 825, 806, 906, 878, 785, 878, 871, 878, 785, 806, 559, 785, 805, 805, 566, 559, 604, 804, 819, 804, 604, 565, 673, 819, 869, 819, 673, 604, 720, 869, 896, 869, 720, 673, 742, 896, 920, 896, 742, 720, 742, 920, 924, 742, 924, 750, 924, 743, 750, 743, 924, 921, 743, 921, 897, 897, 721, 743, 721, 897, 870, 870, 674, 721, 674, 870, 825, 825, 605, 674, 605, 825, 806, 806, 567, 605, 559, 806, 785, 806, 559, 567, 566, 395, 387, 566, 387, 559, 433, 565, 604, 565, 433, 394, 472, 604, 673, 604, 472, 433, 532, 673, 720, 673, 532, 472, 549, 720, 742, 720, 549, 532, 549, 742, 750, 549, 750, 563, 750, 550, 563, 550, 750, 743, 550, 743, 721, 721, 533, 550, 533, 721, 674, 674, 473, 533, 473, 674, 605, 605, 438, 473, 438, 605, 567, 567, 397, 438, 387, 567, 559, 567, 387, 397, 427, 387, 395, 387, 427, 417, 458, 394, 433, 394, 458, 426, 472, 503, 458, 472, 458, 433, 532, 545, 503, 532, 503, 472, 549, 564, 545, 549, 545, 532, 564, 549, 563, 564, 563, 582, 582, 563, 550, 582, 550, 573, 573, 550, 533, 573, 533, 546, 506, 533, 473, 533, 506, 546, 461, 473, 438, 473, 461, 506, 434, 438, 397, 438, 434, 461, 387, 417, 434, 387, 434, 397, 450, 417, 427, 417, 450, 439, 458, 474, 449, 458, 449, 426, 503, 526, 474, 503, 474, 458, 545, 555, 526, 545, 526, 503, 564, 594, 555, 564, 555, 545, 564, 603, 594, 603, 564, 582, 603, 582, 573, 603, 573, 595, 556, 573, 546, 573, 556, 595, 529, 546, 506, 546, 529, 556, 475, 506, 461, 506, 475, 529, 451, 461, 434, 461, 451, 475, 439, 451, 417, 417, 451, 434, 538, 439, 450, 439, 538, 518, 537, 449, 474, 474, 552, 537, 552, 474, 526, 526, 602, 552, 602, 526, 555, 555, 661, 602, 555, 709, 661, 709, 555, 594, 594, 717, 709, 717, 594, 603, 717, 603, 595, 717, 595, 708, 660, 595, 556, 595, 660, 708, 601, 556, 529, 556, 601, 660, 551, 529, 475, 529, 551, 601, 551, 451, 536, 451, 551, 475, 536, 439, 518, 439, 536, 451, 481, 538, 501, 538, 481, 518, 500, 552, 535, 552, 500, 537, 535, 602, 554, 602, 535, 552, 599, 602, 661, 602, 599, 554, 599, 661, 709, 599, 709, 629, 629, 709, 717, 629, 717, 635, 717, 628, 635, 628, 717, 708, 708, 598, 628, 598, 708, 660, 660, 553, 598, 553, 660, 601, 551, 534, 553, 551, 553, 601, 499, 551, 536, 551, 499, 534, 481, 536, 518, 536, 481, 499, 283, 501, 286, 501, 283, 481, 285, 535, 301, 535, 285, 500, 301, 554, 312, 554, 301, 535, 331, 554, 599, 554, 331, 312, 331, 599, 629, 331, 629, 351, 351, 629, 635, 351, 635, 354, 635, 352, 354, 352, 635, 628, 628, 332, 352, 332, 628, 598, 332, 598, 553, 553, 313, 332, 313, 553, 534, 534, 302, 313, 287, 534, 499, 534, 287, 302, 283, 499, 481, 499, 283, 287, 593, 294, 290, 593, 290, 580, 612, 293, 592, 293, 612, 306, 679, 306, 612, 306, 679, 334, 716, 334, 679, 334, 716, 356, 735, 356, 716, 356, 735, 374, 374, 735, 740, 374, 740, 379, 740, 373, 379, 373, 740, 734, 734, 355, 373, 355, 734, 710, 710, 333, 355, 333, 710, 667, 667, 305, 333, 305, 667, 609, 609, 292, 305, 292, 609, 586, 290, 586, 580, 586, 290, 292, 93, 290, 294, 290, 93, 91, 306, 92, 293, 92, 306, 105, 334, 105, 306, 105, 334, 122, 334, 139, 122, 139, 334, 356, 356, 141, 139, 141, 356, 374, 374, 148, 141, 148, 374, 379, 148, 379, 373, 148, 373, 142, 142, 373, 355, 142, 355, 140, 140, 355, 333, 140, 333, 133, 133, 333, 305, 133, 305, 116, 116, 305, 292, 116, 292, 104, 104, 290, 91, 290, 104, 292, 2, 91, 93, 91, 2, 0, 1, 92, 105, 1, 105, 4, 105, 6, 4, 6, 105, 122, 122, 8, 6, 8, 122, 139, 139, 10, 8, 10, 139, 141, 141, 12, 10, 12, 141, 148, 12, 148, 142, 12, 142, 11, 142, 9, 11, 9, 142, 140, 9, 140, 133, 9, 133, 7, 7, 133, 116, 7, 116, 5, 5, 116, 104, 5, 104, 3, 3, 91, 0, 91, 3, 104, 942, 872, 880, 872, 942, 929, 879, 986, 941, 986, 879, 904, 904, 1006, 986, 1006, 904, 926, 926, 1018, 1006, 1018, 926, 956, 956, 1025, 1018, 1025, 956, 993, 993, 1026, 1025, 1026, 993, 1003, 1026, 1003, 994, 1026, 994, 1024, 1024, 957, 1017, 957, 1024, 994, 1017, 927, 1005, 927, 1017, 957, 1005, 905, 984, 905, 1005, 927, 984, 881, 940, 881, 984, 905, 872, 929, 940, 872, 940, 881, 1040, 929, 942, 929, 1040, 1037, 1039, 941, 986, 986, 1042, 1039, 1042, 986, 1006, 1006, 1044, 1042, 1044, 1006, 1018, 1018, 1046, 1044, 1018, 1048, 1046, 1048, 1018, 1025, 1025, 1049, 1048, 1049, 1025, 1026, 1049, 1026, 1024, 1049, 1024, 1047, 1045, 1024, 1017, 1024, 1045, 1047, 1043, 1017, 1005, 1017, 1043, 1045, 1041, 1005, 984, 1005, 1041, 1043, 1041, 940, 1038, 940, 1041, 984, 1038, 929, 1037, 929, 1038, 940, 1113, 1037, 1040, 1037, 1113, 1110, 1112, 1039, 1042, 1042, 1115, 1112, 1115, 1042, 1044, 1044, 1117, 1115, 1117, 1044, 1046, 1046, 1119, 1117, 1046, 1121, 1119, 1121, 1046, 1048, 1048, 1122, 1121, 1122, 1048, 1049, 1122, 1049, 1047, 1122, 1047, 1120, 1047, 1118, 1120, 1118, 1047, 1045, 1045, 1116, 1118, 1116, 1045, 1043, 1043, 1114, 1116, 1114, 1043, 1041, 1038, 1114, 1041, 1114, 1038, 1111, 1111, 1037, 1110, 1037, 1111, 1038, 69, 125, 189, 123, 67, 47, 70, 190, 130, 68, 128, 58, 66, 56, 45, 124, 49, 165, 191, 127, 225, 132, 192, 231, 60, 129, 170, 46, 57, 94, 126, 167, 224, 193, 227, 233, 131, 230, 172, 59, 169, 96, 48, 95, 164, 226, 168, 216, 234, 228, 218, 173, 232, 217, 98, 171, 215, 166, 97, 214, 25, 20, 76, 18, 23, 13, 27, 78, 112, 26, 111, 52, 24, 50, 15, 19, 14, 28, 77, 22, 82, 114, 80, 180, 54, 113, 150, 17, 51, 62, 21, 30, 81, 79, 84, 179, 115, 182, 152, 53, 149, 64, 16, 61, 29, 83, 32, 118, 181, 85, 120, 153, 183, 121, 65, 151, 119, 31, 63, 117, 280, 240, 213, 241, 282, 247, 278, 212, 207, 279, 208, 222, 281, 223, 246, 239, 245, 158, 211, 238, 138, 205, 210, 90, 220, 206, 110, 244, 221, 147, 237, 156, 137, 209, 136, 89, 204, 88, 108, 219, 109, 145, 243, 146, 157, 135, 154, 74, 87, 134, 72, 106, 86, 71, 143, 107, 73, 155, 144, 75, 345, 270, 258, 271, 347, 277, 343, 257, 251, 344, 252, 264, 346, 265, 276, 269, 275, 203, 256, 268, 188, 249, 255, 163, 262, 250, 178, 274, 263, 198, 267, 201, 187, 254, 186, 162, 248, 161, 176, 261, 177, 196, 273, 197, 202, 185, 199, 102, 160, 184, 100, 174, 159, 99, 194, 175, 101, 200, 195, 103, 778, 965, 937, 964, 777, 798, 776, 935, 767, 774, 765, 649, 775, 651, 796, 966, 800, 981, 939, 967, 1021, 768, 936, 931, 648, 764, 769, 797, 652, 787, 968, 983, 1023, 938, 1019, 933, 766, 930, 771, 650, 770, 786, 799, 789, 979, 1022, 982, 949, 934, 1020, 948, 773, 932, 946, 788, 772, 945, 980, 790, 947, 621, 759, 836, 758, 619, 631, 622, 837, 792, 620, 791, 681, 618, 680, 630, 760, 633, 852, 838, 761, 958, 794, 839, 988, 683, 793, 884, 632, 682, 807, 762, 854, 959, 840, 960, 990, 795, 989, 886, 684, 885, 809, 634, 808, 853, 961, 856, 1000, 992, 962, 1002, 888, 991, 1001, 811, 887, 999, 855, 810, 998, 575, 466, 453, 468, 577, 722, 576, 455, 695, 578, 697, 813, 579, 814, 724, 469, 723, 644, 452, 465, 489, 696, 456, 614, 815, 699, 843, 726, 816, 860, 467, 643, 491, 454, 490, 613, 698, 616, 841, 817, 845, 862, 725, 858, 646, 493, 645, 746, 615, 492, 745, 842, 617, 747, 861, 844, 749, 647, 859, 748, 831, 754, 780, 756, 832, 914, 833, 782, 969, 835, 971, 1013, 834, 1012, 916, 757, 915, 910, 779, 753, 826, 970, 783, 951, 1015, 973, 1034, 918, 1014, 1029, 755, 909, 827, 781, 828, 950, 972, 953, 1032, 1016, 1036, 1031, 917, 1027, 912, 829, 911, 1007, 952, 830, 1008, 1033, 954, 1010, 1030, 1035, 1011, 913, 1028, 1009, 484, 370, 317, 372, 486, 588, 485, 318, 477, 487, 479, 703, 488, 705, 590, 371, 587, 442, 315, 368, 297, 476, 316, 363, 704, 480, 571, 591, 707, 657, 369, 440, 299, 314, 296, 361, 478, 365, 569, 706, 572, 656, 589, 655, 444, 300, 441, 420, 362, 298, 419, 568, 364, 421, 654, 570, 423, 443, 653, 422, 428, 326, 321, 328, 430, 520, 429, 323, 512, 431, 514, 685, 432, 686, 522, 327, 519, 414, 319, 324, 307, 511, 322, 406, 687, 515, 665, 523, 688, 671, 325, 412, 309, 320, 308, 404, 513, 408, 663, 689, 666, 672, 521, 669, 416, 311, 413, 495, 405, 310, 494, 662, 407, 496, 670, 664, 498, 415, 668, 497, 1101, 1074, 1092, 1073, 1100, 1083, 1103, 1094, 1108, 1104, 1109, 1099, 1102, 1097, 1084, 1071, 1081, 1054, 1090, 1072, 1063, 1106, 1093, 1079, 1098, 1107, 1089, 1082, 1095, 1068, 1070, 1052, 1061, 1091, 1064, 1077, 1105, 1078, 1088, 1096, 1087, 1069, 1080, 1066, 1053, 1060, 1050, 1055, 1075, 1062, 1057, 1086, 1076, 1059, 1067, 1085, 1058, 1051, 1065, 1056, 893, 902, 978, 900, 891, 733, 892, 976, 850, 890, 848, 694, 889, 693, 731, 898, 732, 714, 977, 901, 867, 849, 974, 823, 692, 846, 626, 729, 691, 543, 899, 715, 865, 975, 866, 824, 847, 821, 627, 690, 624, 541, 730, 544, 712, 863, 713, 639, 822, 864, 640, 625, 820, 638, 540, 623, 636, 711, 542, 637, 594, 603, 717, 709, 536, 451, 439, 518, 1040, 1037, 929, 942, 1049, 1026, 1024, 1047, 351, 629, 635, 354, 283, 287, 499, 481, 942, 929, 872, 880, 381, 403, 436, 389, 381, 390, 437, 403, 741, 728, 676, 700, 675, 727, 741, 700, 1026, 1003, 994, 1024, 629, 709, 717, 635, 481, 499, 536, 518, 1110, 1037, 1040, 1113, 1049, 1047, 1120, 1122, 148, 12, 10, 141, 104, 91, 0, 3, 342, 359, 390, 381, 342, 381, 389, 358, 557, 675, 700, 581, 700, 676, 558, 581, 330, 342, 358, 339, 330, 340, 359, 342, 581, 558, 510, 539, 509, 557, 581, 539, 374, 735, 740, 379, 290, 292, 586, 580, 266, 40, 42, 284, 390, 448, 483, 437, 388, 435, 482, 447, 37, 35, 236, 253, 924, 921, 743, 750, 596, 658, 727, 675, 597, 676, 728, 659, 995, 987, 997, 1004, 871, 868, 874, 877, 559, 785, 805, 566, 291, 284, 42, 55, 236, 35, 33, 229, 139, 141, 10, 8, 5, 116, 104, 3, 802, 784, 600, 607, 919, 763, 752, 908, 995, 919, 908, 987, 874, 868, 784, 802, 335, 350, 340, 330, 335, 330, 339, 349, 379, 148, 141, 374, 292, 290, 91, 104, 600, 574, 584, 607, 744, 739, 752, 763, 539, 510, 505, 525, 504, 509, 539, 525, 448, 531, 562, 483, 447, 482, 561, 530, 531, 597, 659, 562, 530, 561, 658, 596, 750, 743, 550, 563, 566, 395, 387, 559, 374, 356, 716, 735, 586, 292, 305, 609, 1004, 997, 921, 924, 877, 805, 785, 871, 457, 382, 400, 502, 336, 304, 353, 380, 524, 502, 400, 418, 353, 304, 295, 337, 608, 585, 574, 600, 599, 629, 351, 331, 738, 744, 763, 751, 302, 534, 499, 287, 340, 376, 384, 359, 338, 357, 383, 375, 676, 597, 517, 558, 516, 596, 675, 557, 462, 516, 557, 509, 558, 517, 463, 510, 357, 388, 447, 383, 448, 390, 359, 384, 417, 387, 395, 427, 12, 148, 142, 11, 563, 550, 573, 582, 2, 0, 91, 93, 804, 819, 673, 604, 382, 266, 284, 400, 253, 236, 304, 336, 525, 560, 547, 504, 525, 505, 548, 560, 574, 386, 392, 584, 574, 585, 393, 386, 386, 335, 349, 392, 386, 393, 350, 335, 560, 548, 739, 744, 560, 744, 738, 547, 418, 400, 284, 291, 304, 236, 229, 295, 1038, 1037, 1110, 1111, 1049, 1122, 1121, 1048, 628, 352, 354, 635, 481, 501, 286, 283, 356, 374, 141, 139, 116, 305, 292, 104, 1112, 1039, 1042, 1115, 1047, 1045, 1118, 1120, 122, 139, 8, 6, 7, 133, 116, 5, 564, 582, 603, 594, 451, 434, 417, 439, 439, 417, 427, 450, 40, 266, 259, 38, 39, 37, 253, 260, 995, 1004, 996, 985, 871, 878, 875, 868, 55, 44, 289, 291, 34, 235, 229, 33, 600, 784, 803, 608, 751, 763, 919, 907, 907, 919, 995, 985, 784, 868, 875, 803, 825, 806, 605, 674, 734, 373, 379, 740, 376, 402, 446, 384, 375, 383, 445, 401, 401, 445, 516, 462, 402, 463, 517, 446, 597, 531, 446, 517, 445, 530, 596, 516, 383, 447, 530, 445, 531, 448, 384, 446, 294, 290, 580, 593, 140, 9, 11, 142, 92, 105, 4, 1, 742, 920, 924, 750, 105, 122, 6, 4, 9, 140, 133, 7, 559, 567, 806, 785, 872, 929, 940, 881, 582, 573, 595, 603, 993, 1003, 1026, 1025, 459, 462, 509, 504, 510, 463, 460, 505, 350, 378, 376, 340, 348, 338, 375, 377, 879, 904, 986, 941, 356, 334, 679, 716, 609, 305, 333, 667, 1024, 994, 957, 1017, 331, 312, 554, 599, 313, 553, 534, 302, 38, 259, 242, 36, 41, 39, 260, 272, 43, 41, 272, 288, 36, 242, 235, 34, 598, 332, 352, 628, 500, 535, 301, 285, 1111, 1114, 1041, 1038, 1048, 1121, 1119, 1046, 673, 819, 869, 720, 1115, 1042, 1044, 1117, 293, 612, 679, 306, 1045, 1043, 1116, 1118, 920, 996, 1004, 924, 785, 806, 878, 871, 734, 710, 333, 355, 396, 329, 360, 457, 385, 366, 464, 507, 367, 303, 329, 396, 366, 336, 380, 411, 418, 410, 508, 524, 535, 554, 312, 301, 332, 598, 553, 313, 303, 341, 337, 295, 549, 742, 750, 563, 387, 397, 567, 559, 870, 825, 674, 721, 1043, 1041, 1114, 1116, 1117, 1044, 1046, 1119, 737, 752, 739, 719, 610, 641, 606, 583, 661, 709, 629, 599, 594, 709, 661, 555, 475, 451, 536, 551, 534, 551, 536, 499, 399, 460, 463, 402, 398, 401, 462, 459, 402, 376, 378, 399, 377, 375, 401, 398, 720, 869, 896, 742, 897, 870, 721, 743, 987, 944, 963, 997, 876, 873, 894, 903, 148, 379, 373, 142, 93, 91, 290, 294, 642, 611, 585, 608, 1025, 1026, 1049, 1048, 1038, 940, 929, 1037, 606, 641, 812, 801, 894, 873, 801, 812, 908, 752, 737, 883, 987, 908, 883, 944, 718, 738, 751, 736, 708, 628, 635, 717, 518, 439, 450, 538, 603, 595, 708, 717, 518, 538, 501, 481, 1047, 1024, 1017, 1045, 941, 986, 1042, 1039, 984, 905, 881, 940, 334, 356, 139, 122, 133, 333, 305, 116, 956, 993, 1025, 1018, 904, 926, 1006, 986, 1017, 957, 927, 1005, 985, 996, 955, 943, 878, 906, 895, 875, 504, 547, 527, 459, 505, 460, 528, 548, 585, 611, 425, 393, 583, 391, 424, 610, 391, 348, 377, 424, 393, 425, 378, 350, 719, 739, 548, 528, 718, 527, 547, 738, 417, 434, 397, 387, 564, 549, 563, 582, 818, 642, 608, 803, 895, 818, 803, 875, 882, 907, 985, 943, 736, 751, 907, 882, 266, 382, 360, 259, 260, 253, 336, 366, 291, 289, 410, 418, 235, 303, 295, 229, 702, 737, 719, 678, 1005, 927, 905, 984, 926, 956, 1018, 1006, 677, 701, 641, 610, 642, 702, 678, 611, 718, 736, 701, 677, 475, 461, 434, 451, 474, 449, 426, 458, 997, 963, 897, 921, 804, 876, 903, 819, 594, 555, 545, 564, 142, 373, 355, 140, 105, 92, 293, 306, 743, 721, 533, 550, 394, 565, 604, 433, 928, 963, 944, 923, 903, 894, 922, 925, 122, 105, 306, 334, 140, 355, 333, 133, 736, 851, 812, 701, 944, 883, 857, 923, 812, 851, 922, 894, 883, 737, 702, 857, 470, 377, 398, 527, 399, 378, 471, 528, 906, 928, 923, 895, 943, 955, 925, 922, 857, 702, 642, 818, 851, 882, 943, 922, 923, 857, 818, 895, 595, 573, 546, 556, 599, 554, 602, 661, 551, 534, 553, 601, 551, 601, 529, 475, 602, 526, 555, 661, 610, 424, 470, 677, 611, 678, 471, 425, 677, 470, 527, 718, 678, 719, 528, 471, 598, 708, 660, 553, 259, 360, 329, 242, 272, 260, 366, 385, 288, 272, 385, 409, 242, 329, 303, 235, 896, 955, 996, 920, 906, 878, 806, 825, 537, 552, 535, 500, 660, 708, 595, 556, 537, 449, 474, 552, 1018, 1025, 1048, 1046, 1041, 984, 940, 1038, 1045, 1017, 1005, 1043, 986, 1006, 1044, 1042, 526, 474, 458, 503, 555, 526, 503, 545, 532, 720, 742, 549, 605, 567, 397, 438, 552, 602, 554, 535, 552, 474, 526, 602, 601, 660, 556, 529, 426, 394, 433, 458, 550, 533, 546, 573, 529, 506, 461, 475, 963, 928, 870, 897, 819, 903, 925, 869, 1006, 1018, 1046, 1044, 1043, 1005, 984, 1041, 556, 546, 506, 529, 721, 674, 473, 533, 433, 604, 673, 472, 869, 925, 955, 896, 928, 906, 825, 870, 472, 673, 720, 532, 674, 605, 438, 473, 434, 461, 438, 397, 549, 564, 545, 532, 472, 503, 458, 433, 506, 546, 533, 473, 461, 506, 473, 438, 532, 545, 503, 472, 385, 507, 409, 409, 464, 366, 411, 411, 303, 367, 341, 341, 457, 360, 382, 382, 377, 470, 424, 424, 527, 398, 459, 459, 399, 528, 460, 460, 471, 378, 425, 425, 812, 641, 701, 701, 736, 882, 851, 851, 804, 604, 565, 565, 742, 896, 920, 920, 743, 921, 897, 897, 806, 567, 605, 605, 708, 598, 628, 628, 553, 660, 601, 601, 612, 293, 592, 592, 306, 679, 334, 334, 734, 355, 373, 373, 333, 710, 667, 667, 69, 125, 189, 189, 123, 67, 47, 47, 70, 190, 130, 130, 68, 128, 58, 58, 66, 56, 45, 45, 124, 49, 165, 165, 191, 127, 225, 225, 132, 192, 231, 231, 60, 129, 170, 170, 46, 57, 94, 94, 126, 167, 224, 224, 193, 227, 233, 233, 131, 230, 172, 172, 59, 169, 96, 96, 48, 95, 164, 164, 226, 168, 216, 216, 234, 228, 218, 218, 173, 232, 217, 217, 98, 171, 215, 215, 166, 97, 214, 214, 25, 20, 76, 76, 18, 23, 13, 13, 27, 78, 112, 112, 26, 111, 52, 52, 24, 50, 15, 15, 19, 14, 28, 28, 77, 22, 82, 82, 114, 80, 180, 180, 54, 113, 150, 150, 17, 51, 62, 62, 21, 30, 81, 81, 79, 84, 179, 179, 115, 182, 152, 152, 53, 149, 64, 64, 16, 61, 29, 29, 83, 32, 118, 118, 181, 85, 120, 120, 153, 183, 121, 121, 65, 151, 119, 119, 31, 63, 117, 117, 280, 240, 213, 213, 241, 282, 247, 247, 278, 212, 207, 207, 279, 208, 222, 222, 281, 223, 246, 246, 239, 245, 158, 158, 211, 238, 138, 138, 205, 210, 90, 90, 220, 206, 110, 110, 244, 221, 147, 147, 237, 156, 137, 137, 209, 136, 89, 89, 204, 88, 108, 108, 219, 109, 145, 145, 243, 146, 157, 157, 135, 154, 74, 74, 87, 134, 72, 72, 106, 86, 71, 71, 143, 107, 73, 73, 155, 144, 75, 75, 345, 270, 258, 258, 271, 347, 277, 277, 343, 257, 251, 251, 344, 252, 264, 264, 346, 265, 276, 276, 269, 275, 203, 203, 256, 268, 188, 188, 249, 255, 163, 163, 262, 250, 178, 178, 274, 263, 198, 198, 267, 201, 187, 187, 254, 186, 162, 162, 248, 161, 176, 176, 261, 177, 196, 196, 273, 197, 202, 202, 185, 199, 102, 102, 160, 184, 100, 100, 174, 159, 99, 99, 194, 175, 101, 101, 200, 195, 103, 103, 778, 965, 937, 937, 964, 777, 798, 798, 776, 935, 767, 767, 774, 765, 649, 649, 775, 651, 796, 796, 966, 800, 981, 981, 939, 967, 1021, 1021, 768, 936, 931, 931, 648, 764, 769, 769, 797, 652, 787, 787, 968, 983, 1023, 1023, 938, 1019, 933, 933, 766, 930, 771, 771, 650, 770, 786, 786, 799, 789, 979, 979, 1022, 982, 949, 949, 934, 1020, 948, 948, 773, 932, 946, 946, 788, 772, 945, 945, 980, 790, 947, 947, 621, 759, 836, 836, 758, 619, 631, 631, 622, 837, 792, 792, 620, 791, 681, 681, 618, 680, 630, 630, 760, 633, 852, 852, 838, 761, 958, 958, 794, 839, 988, 988, 683, 793, 884, 884, 632, 682, 807, 807, 762, 854, 959, 959, 840, 960, 990, 990, 795, 989, 886, 886, 684, 885, 809, 809, 634, 808, 853, 853, 961, 856, 1000, 1000, 992, 962, 1002, 1002, 888, 991, 1001, 1001, 811, 887, 999, 999, 855, 810, 998, 998, 575, 466, 453, 453, 468, 577, 722, 722, 576, 455, 695, 695, 578, 697, 813, 813, 579, 814, 724, 724, 469, 723, 644, 644, 452, 465, 489, 489, 696, 456, 614, 614, 815, 699, 843, 843, 726, 816, 860, 860, 467, 643, 491, 491, 454, 490, 613, 613, 698, 616, 841, 841, 817, 845, 862, 862, 725, 858, 646, 646, 493, 645, 746, 746, 615, 492, 745, 745, 842, 617, 747, 747, 861, 844, 749, 749, 647, 859, 748, 748, 831, 754, 780, 780, 756, 832, 914, 914, 833, 782, 969, 969, 835, 971, 1013, 1013, 834, 1012, 916, 916, 757, 915, 910, 910, 779, 753, 826, 826, 970, 783, 951, 951, 1015, 973, 1034, 1034, 918, 1014, 1029, 1029, 755, 909, 827, 827, 781, 828, 950, 950, 972, 953, 1032, 1032, 1016, 1036, 1031, 1031, 917, 1027, 912, 912, 829, 911, 1007, 1007, 952, 830, 1008, 1008, 1033, 954, 1010, 1010, 1030, 1035, 1011, 1011, 913, 1028, 1009, 1009, 484, 370, 317, 317, 372, 486, 588, 588, 485, 318, 477, 477, 487, 479, 703, 703, 488, 705, 590, 590, 371, 587, 442, 442, 315, 368, 297, 297, 476, 316, 363, 363, 704, 480, 571, 571, 591, 707, 657, 657, 369, 440, 299, 299, 314, 296, 361, 361, 478, 365, 569, 569, 706, 572, 656, 656, 589, 655, 444, 444, 300, 441, 420, 420, 362, 298, 419, 419, 568, 364, 421, 421, 654, 570, 423, 423, 443, 653, 422, 422, 428, 326, 321, 321, 328, 430, 520, 520, 429, 323, 512, 512, 431, 514, 685, 685, 432, 686, 522, 522, 327, 519, 414, 414, 319, 324, 307, 307, 511, 322, 406, 406, 687, 515, 665, 665, 523, 688, 671, 671, 325, 412, 309, 309, 320, 308, 404, 404, 513, 408, 663, 663, 689, 666, 672, 672, 521, 669, 416, 416, 311, 413, 495, 495, 405, 310, 494, 494, 662, 407, 496, 496, 670, 664, 498, 498, 415, 668, 497, 497, 1101, 1074, 1092, 1092, 1073, 1100, 1083, 1083, 1103, 1094, 1108, 1108, 1104, 1109, 1099, 1099, 1102, 1097, 1084, 1084, 1071, 1081, 1054, 1054, 1090, 1072, 1063, 1063, 1106, 1093, 1079, 1079, 1098, 1107, 1089, 1089, 1082, 1095, 1068, 1068, 1070, 1052, 1061, 1061, 1091, 1064, 1077, 1077, 1105, 1078, 1088, 1088, 1096, 1087, 1069, 1069, 1080, 1066, 1053, 1053, 1060, 1050, 1055, 1055, 1075, 1062, 1057, 1057, 1086, 1076, 1059, 1059, 1067, 1085, 1058, 1058, 1051, 1065, 1056, 1056, 893, 902, 978, 978, 900, 891, 733, 733, 892, 976, 850, 850, 890, 848, 694, 694, 889, 693, 731, 731, 898, 732, 714, 714, 977, 901, 867, 867, 849, 974, 823, 823, 692, 846, 626, 626, 729, 691, 543, 543, 899, 715, 865, 865, 975, 866, 824, 824, 847, 821, 627, 627, 690, 624, 541, 541, 730, 544, 712, 712, 863, 713, 639, 639, 822, 864, 640, 640, 625, 820, 638, 638, 540, 623, 636, 636, 711, 542, 637, 637]
                                uniform int[] primvars:skel:jointIndices = [0, 0, 0, 0, 0, 0, 0, 0, 0, 0, 0, 0, 0, 0, 0, 0, 0, 0, 0, 0, 0, 0, 0, 0, 0, 0, 0, 0, 0, 0, 0, 0, 0, 0, 0, 0, 0, 0, 0, 0, 0, 0, 0, 0, 0, 0, 0, 0, 0, 0, 0, 0, 0, 0, 0, 0, 0, 0, 0, 0, 0, 0, 0, 0, 0, 0, 0, 0, 0, 0, 0, 0, 0, 0, 0, 0, 0, 0, 0, 0, 0, 0, 0, 0, 0, 0, 0, 0, 0, 0, 0, 0, 0, 0, 0, 0, 0, 0, 0, 0, 0, 0, 0, 0, 0, 0, 0, 0, 0, 0, 0, 0, 0, 0, 0, 0, 0, 0, 0, 0, 0, 0, 0, 0, 0, 0, 0, 0, 0, 0, 0, 0, 0, 0, 0, 0, 0, 0, 0, 0, 0, 0, 0, 0, 0, 0, 0, 0, 0, 0, 0, 0, 0, 0, 0, 0, 0, 0, 0, 0, 0, 0, 0, 0, 0, 0, 0, 0, 0, 0, 0, 0, 0, 0, 0, 0, 0, 0, 0, 0, 0, 0, 0, 0, 0, 0, 0, 0, 0, 0, 0, 0, 0, 0, 0, 0, 0, 0, 0, 0, 0, 0, 0, 0, 0, 0, 0, 0, 0, 0, 0, 0, 0, 0, 0, 0, 0, 0, 0, 0, 0, 0, 0, 0, 0, 0, 0, 0, 0, 0, 0, 0, 0, 0, 0, 0, 0, 0, 0, 0, 0, 0, 0, 0, 0, 0, 0, 0, 0, 0, 0, 0, 0, 0, 0, 0, 0, 0, 0, 0, 0, 0, 0, 0, 0, 0, 0, 0, 0, 0, 0, 0, 0, 0, 0, 0, 0, 0, 0, 0, 0, 0, 0, 0, 0, 0, 0, 0, 0, 0, 0, 0, 0, 0, 0, 0, 0, 0, 0, 0, 0, 0, 0, 0, 0, 0, 0, 0, 0, 0, 0, 0, 0, 0, 0, 0, 0, 0, 0, 0, 0, 0, 0, 0, 0, 0, 0, 0, 0, 0, 0, 0, 0, 0, 0, 0, 0, 0, 0, 0, 0, 0, 0, 0, 0, 0, 0, 0, 0, 0, 0, 0, 0, 0, 0, 0, 0, 0, 0, 0, 0, 0, 0, 0, 0, 0, 0, 0, 0, 0, 0, 0, 0, 0, 0, 0, 0, 0, 0, 0, 0, 0, 0, 0, 0, 0, 0, 0, 0, 0, 0, 0, 0, 0, 0, 0, 0, 0, 0, 0, 0, 0, 0, 0, 0, 0, 0, 0, 0, 0, 0, 0, 0, 0, 0, 0, 0, 0, 0, 0, 0, 0, 0, 0, 0, 0, 0, 0, 0, 0, 0, 0, 0, 0, 0, 0, 0, 0, 0, 0, 0, 0, 0, 0, 0, 0, 0, 0, 0, 0, 0, 0, 0, 0, 0, 0, 0, 0, 0, 0, 0, 0, 0, 0, 0, 0, 0, 0, 0, 0, 0, 0, 0, 0, 0, 0, 0, 0, 0, 0, 0, 0, 0, 0, 0, 0, 0, 0, 0, 0, 0, 0, 0, 0, 0, 0, 0, 0, 0, 0, 0, 0, 0, 0, 0, 0, 0, 0, 0, 0, 0, 0, 0, 0, 0, 0, 0, 0, 0, 0, 0, 0, 0, 0, 0, 0, 0, 0, 0, 0, 0, 0, 0, 0, 0, 0, 0, 0, 0, 0, 0, 0, 0, 0, 0, 0, 0, 0, 0, 0, 0, 0, 0, 0, 0, 0, 0, 0, 0, 0, 0, 0, 0, 0, 0, 0, 0, 0, 0, 0, 0, 0, 0, 0, 0, 0, 0, 0, 0, 0, 0, 0, 0, 0, 0, 0, 0, 0, 0, 0, 0, 0, 0, 0, 0, 0, 0, 0, 0, 0, 0, 0, 0, 0, 0, 0, 0, 0, 0, 0, 0, 0, 0, 0, 0, 0, 0, 0, 0, 0, 0, 0, 0, 0, 0, 0, 0, 0, 0, 0, 0, 0, 0, 0, 0, 0, 0, 0, 0, 0, 0, 0, 0, 0, 0, 0, 0, 0, 0, 0, 0, 0, 0, 0, 0, 0, 0, 0, 0, 0, 0, 0, 0, 0, 0, 0, 0, 0, 0, 0, 0, 0, 0, 0, 0, 0, 0, 0, 0, 0, 0, 0, 0, 0, 0, 0, 0, 0, 0, 0, 0, 0, 0, 0, 0, 0, 0, 0, 0, 0, 0, 0, 0, 0, 0, 0, 0, 0, 0, 0, 0, 0, 0, 0, 0, 0, 0, 0, 0, 0, 0, 0, 0, 0, 0, 0, 0, 0, 0, 0, 0, 0, 0, 0, 0, 0, 0, 0, 0, 0, 0, 0, 0, 0, 0, 0, 0, 0, 0, 0, 0, 0, 0, 0, 0, 0, 0, 0, 0, 0, 0, 0, 0, 0, 0, 0, 0, 0, 0, 0, 0, 0, 0, 0, 0, 0, 0, 0, 0, 0, 0, 0, 0, 0, 0, 0, 0, 0, 0, 0, 0, 0, 0, 0, 0, 0, 0, 0, 0, 0, 0, 0, 0, 0, 0, 0, 0, 0, 0, 0, 0, 0, 0, 0, 0, 0, 0, 0, 0, 0, 0, 0, 0, 0, 0, 0, 0, 0, 0, 0, 0, 0, 0, 0, 0, 0, 0, 0, 0, 0, 0, 0, 0, 0, 0, 0, 0, 0, 0, 0, 0, 0, 0, 0, 0, 0, 0, 0, 0, 0, 0, 0, 0, 0, 0, 0, 0, 0, 0, 0, 0, 0, 0, 0, 0, 0, 0, 0, 0, 0, 0, 0, 0, 0, 0, 0, 0, 0, 0, 0, 0, 0, 0, 0, 0, 0, 0, 0, 0, 0, 0, 0, 0, 0, 0, 0, 0, 0, 0, 0, 0, 0, 0, 0, 0, 0, 0, 0, 0, 0, 0, 0, 0, 0, 0, 0, 0, 0, 0, 0, 0, 0, 0, 0, 0, 0, 0, 0, 0, 0, 0, 0, 0, 0, 0, 0, 0, 0, 0, 0, 0, 0, 0, 0, 0, 0, 0, 0, 0, 0, 0, 0, 0, 0, 0, 0, 0, 0, 0, 0, 0, 0, 0, 0, 0, 0, 0, 0, 0, 0, 0, 0, 0, 0, 0, 0, 0, 0, 0, 0, 0, 0, 0, 0, 0, 0, 0, 0, 0, 0, 0, 0, 0, 0, 0, 0, 0, 0, 0, 0, 0, 0, 0, 0, 0, 0, 0, 0, 0, 0, 0, 0, 0, 0, 0, 0, 0, 0, 0, 0, 0, 0, 0, 0, 0, 0, 0, 0, 0, 0, 0, 0, 0, 0, 0, 0, 0, 0, 0, 0, 0, 0, 0, 0, 0, 0, 0, 0, 0, 0, 0, 0, 0, 0, 0, 0, 0, 0, 0, 0, 0, 0, 0, 0, 0, 0, 0, 0, 0, 0, 0, 0, 0, 0, 0, 0, 0, 0, 0, 0, 0, 0, 0, 0, 0, 0, 0, 0, 0, 0, 0, 0, 0, 0, 0, 0, 0, 0, 0, 0, 0, 0, 0, 0, 0, 0, 0, 0, 0, 0, 0, 0, 0] (
                                    elementSize = 1
                                    interpolation = "vertex"
                                )
                                uniform float[] primvars:skel:jointWeights = [1, 1, 1, 1, 1, 1, 1, 1, 1, 1, 1, 1, 1, 1, 1, 1, 1, 1, 1, 1, 1, 1, 1, 1, 1, 1, 1, 1, 1, 1, 1, 1, 1, 1, 1, 1, 1, 1, 1, 1, 1, 1, 1, 1, 1, 1, 1, 1, 1, 1, 1, 1, 1, 1, 1, 1, 1, 1, 1, 1, 1, 1, 1, 1, 1, 1, 1, 1, 1, 1, 1, 1, 1, 1, 1, 1, 1, 1, 1, 1, 1, 1, 1, 1, 1, 1, 1, 1, 1, 1, 1, 1, 1, 1, 1, 1, 1, 1, 1, 1, 1, 1, 1, 1, 1, 1, 1, 1, 1, 1, 1, 1, 1, 1, 1, 1, 1, 1, 1, 1, 1, 1, 1, 1, 1, 1, 1, 1, 1, 1, 1, 1, 1, 1, 1, 1, 1, 1, 1, 1, 1, 1, 1, 1, 1, 1, 1, 1, 1, 1, 1, 1, 1, 1, 1, 1, 1, 1, 1, 1, 1, 1, 1, 1, 1, 1, 1, 1, 1, 1, 1, 1, 1, 1, 1, 1, 1, 1, 1, 1, 1, 1, 1, 1, 1, 1, 1, 1, 1, 1, 1, 1, 1, 1, 1, 1, 1, 1, 1, 1, 1, 1, 1, 1, 1, 1, 1, 1, 1, 1, 1, 1, 1, 1, 1, 1, 1, 1, 1, 1, 1, 1, 1, 1, 1, 1, 1, 1, 1, 1, 1, 1, 1, 1, 1, 1, 1, 1, 1, 1, 1, 1, 1, 1, 1, 1, 1, 1, 1, 1, 1, 1, 1, 1, 1, 1, 1, 1, 1, 1, 1, 1, 1, 1, 1, 1, 1, 1, 1, 1, 1, 1, 1, 1, 1, 1, 1, 1, 1, 1, 1, 1, 1, 1, 1, 1, 1, 1, 1, 1, 1, 1, 1, 1, 1, 1, 1, 1, 1, 1, 1, 1, 1, 1, 1, 1, 1, 1, 1, 1, 1, 1, 1, 1, 1, 1, 1, 1, 1, 1, 1, 1, 1, 1, 1, 1, 1, 1, 1, 1, 1, 1, 1, 1, 1, 1, 1, 1, 1, 1, 1, 1, 1, 1, 1, 1, 1, 1, 1, 1, 1, 1, 1, 1, 1, 1, 1, 1, 1, 1, 1, 1, 1, 1, 1, 1, 1, 1, 1, 1, 1, 1, 1, 1, 1, 1, 1, 1, 1, 1, 1, 1, 1, 1, 1, 1, 1, 1, 1, 1, 1, 1, 1, 1, 1, 1, 1, 1, 1, 1, 1, 1, 1, 1, 1, 1, 1, 1, 1, 1, 1, 1, 1, 1, 1, 1, 1, 1, 1, 1, 1, 1, 1, 1, 1, 1, 1, 1, 1, 1, 1, 1, 1, 1, 1, 1, 1, 1, 1, 1, 1, 1, 1, 1, 1, 1, 1, 1, 1, 1, 1, 1, 1, 1, 1, 1, 1, 1, 1, 1, 1, 1, 1, 1, 1, 1, 1, 1, 1, 1, 1, 1, 1, 1, 1, 1, 1, 1, 1, 1, 1, 1, 1, 1, 1, 1, 1, 1, 1, 1, 1, 1, 1, 1, 1, 1, 1, 1, 1, 1, 1, 1, 1, 1, 1, 1, 1, 1, 1, 1, 1, 1, 1, 1, 1, 1, 1, 1, 1, 1, 1, 1, 1, 1, 1, 1, 1, 1, 1, 1, 1, 1, 1, 1, 1, 1, 1, 1, 1, 1, 1, 1, 1, 1, 1, 1, 1, 1, 1, 1, 1, 1, 1, 1, 1, 1, 1, 1, 1, 1, 1, 1, 1, 1, 1, 1, 1, 1, 1, 1, 1, 1, 1, 1, 1, 1, 1, 1, 1, 1, 1, 1, 1, 1, 1, 1, 1, 1, 1, 1, 1, 1, 1, 1, 1, 1, 1, 1, 1, 1, 1, 1, 1, 1, 1, 1, 1, 1, 1, 1, 1, 1, 1, 1, 1, 1, 1, 1, 1, 1, 1, 1, 1, 1, 1, 1, 1, 1, 1, 1, 1, 1, 1, 1, 1, 1, 1, 1, 1, 1, 1, 1, 1, 1, 1, 1, 1, 1, 1, 1, 1, 1, 1, 1, 1, 1, 1, 1, 1, 1, 1, 1, 1, 1, 1, 1, 1, 1, 1, 1, 1, 1, 1, 1, 1, 1, 1, 1, 1, 1, 1, 1, 1, 1, 1, 1, 1, 1, 1, 1, 1, 1, 1, 1, 1, 1, 1, 1, 1, 1, 1, 1, 1, 1, 1, 1, 1, 1, 1, 1, 1, 1, 1, 1, 1, 1, 1, 1, 1, 1, 1, 1, 1, 1, 1, 1, 1, 1, 1, 1, 1, 1, 1, 1, 1, 1, 1, 1, 1, 1, 1, 1, 1, 1, 1, 1, 1, 1, 1, 1, 1, 1, 1, 1, 1, 1, 1, 1, 1, 1, 1, 1, 1, 1, 1, 1, 1, 1, 1, 1, 1, 1, 1, 1, 1, 1, 1, 1, 1, 1, 1, 1, 1, 1, 1, 1, 1, 1, 1, 1, 1, 1, 1, 1, 1, 1, 1, 1, 1, 1, 1, 1, 1, 1, 1, 1, 1, 1, 1, 1, 1, 1, 1, 1, 1, 1, 1, 1, 1, 1, 1, 1, 1, 1, 1, 1, 1, 1, 1, 1, 1, 1, 1, 1, 1, 1, 1, 1, 1, 1, 1, 1, 1, 1, 1, 1, 1, 1, 1, 1, 1, 1, 1, 1, 1, 1, 1, 1, 1, 1, 1, 1, 1, 1, 1, 1, 1, 1, 1, 1, 1, 1, 1, 1, 1, 1, 1, 1, 1, 1, 1, 1, 1, 1, 1, 1, 1, 1, 1, 1, 1, 1, 1, 1, 1, 1, 1, 1, 1, 1, 1, 1, 1, 1, 1, 1, 1, 1, 1, 1, 1, 1, 1, 1, 1, 1, 1, 1, 1, 1, 1, 1, 1, 1, 1, 1, 1, 1, 1, 1, 1, 1, 1, 1, 1, 1, 1, 1, 1, 1, 1, 1, 1, 1, 1, 1, 1, 1, 1, 1, 1, 1, 1, 1, 1, 1, 1, 1, 1, 1, 1, 1, 1, 1, 1, 1, 1, 1, 1, 1, 1, 1, 1, 1, 1, 1, 1, 1, 1, 1, 1, 1, 1, 1, 1, 1, 1, 1, 1, 1, 1, 1, 1, 1, 1, 1, 1, 1, 1, 1, 1, 1, 1, 1, 1, 1, 1, 1, 1, 1, 1, 1, 1, 1, 1, 1, 1, 1, 1, 1, 1, 1, 1, 1, 1, 1, 1, 1, 1, 1, 1, 1, 1, 1, 1, 1, 1, 1, 1, 1, 1, 1, 1, 1, 1, 1, 1, 1, 1, 1, 1, 1, 1, 1, 1, 1, 1, 1, 1, 1, 1, 1, 1, 1, 1, 1, 1, 1, 1, 1, 1, 1, 1, 1, 1, 1, 1, 1, 1, 1, 1, 1, 1, 1, 1, 1, 1, 1, 1, 1, 1, 1, 1, 1, 1, 1, 1, 1, 1, 1, 1, 1, 1, 1, 1, 1, 1, 1, 1, 1, 1, 1, 1, 1, 1, 1, 1, 1, 1, 1, 1, 1, 1] (
                                    elementSize = 1
                                    interpolation = "vertex"
                                )
                                uniform token primvars:skel:skinningMethod = "classicLinear"
                            }

                            def Skeleton "PartSkeleton" (
                                prepend apiSchemas = ["SkelBindingAPI"]
                            )
                            {
                                uniform matrix4d[] bindTransforms = [( (1, 0, 0, 0), (0, 1, 0, 0), (0, 0, 1, 0), (0, 0, 0, 1) )]
                                uniform token[] jointNames = ["root"]
                                uniform token[] joints = ["root"]
                                uniform token purpose = "guide"
                                uniform matrix4d[] restTransforms = [( (1, 0, 0, 0), (0, 1, 0, 0), (0, 0, 1, 0), (0, 0, 0, 1) )]
                                append rel skel:animationSource = </Tree/AssemblyPartsInstancer/Prototypes/Mesh_1/PartSkelRoot/PartAnimation>
                                uniform token visibility = "invisible"
                            }
                        }
                    }
                    def Xform "Mesh_2"
                    {
                        def SkelRoot "PartSkelRoot" (
                            kind = "component"
                        )
                        {
                            def SkelAnimation "PartAnimation"
                            {
                                uniform token[] joints = ["root"]
                                quath[] rotations = [(1, 0, 0, 0)]
                                half3[] scales = [(1, 1, 1)]
                                float3[] translations = [(0, 0, 0)]
                            }

                            def Mesh "PartMesh" (
                                prepend apiSchemas = ["SkelBindingAPI"]
                            )
                            {
                                uniform token[] skel:joints = ["root"]
                                uniform matrix4d primvars:skel:geomBindTransform = ( (1, 0, 0, 0), (0, 1, 0, 0), (0, 0, 1, 0), (0, 0, 0, 1) )
                                append rel skel:skeleton = </Tree/AssemblyPartsInstancer/Prototypes/Mesh_2/PartSkelRoot/PartSkeleton>
                                uniform token subdivisionScheme = "none"
                                uniform token orientation = "rightHanded"
                point3f[] points = [(-0.121387, -0.0521662, -0.93772), (-0.121387, -0.0521662, -0.93772), (-0.121387, -0.0521662, -0.93772), (-0.105114, 0.0332867, -0.83228), (-0.104616, 0.0324194, -0.834231), (-0.104541, 0.0344714, -0.830526), (-0.103179, 0.032102, -0.835857), (-0.10305, 0.0356561, -0.829439), (-0.101189, 0.0324194, -0.836722), (-0.10104, 0.0365234, -0.829311), (-0.0991786, 0.0332867, -0.836593), (-0.0990499, 0.0368408, -0.830175), (-0.0981566, -0.04168, -0.905394), (-0.0981566, -0.04168, -0.905394), (-0.0981566, -0.04168, -0.905394), (-0.0976872, 0.0344714, -0.835507), (-0.0976129, 0.0365233, -0.831801), (-0.0971142, 0.0356561, -0.833752), (-0.0971142, 0.0356561, -0.833752), (-0.0907499, -0.04168, -0.963137), (-0.0907499, -0.04168, -0.963137), (-0.0907499, -0.04168, -0.963137), (-0.080646, -0.102789, -0.966715), (-0.0801991, -0.104933, -0.966611), (-0.0799675, -0.100716, -0.966947), (-0.0799675, -0.100716, -0.966947), (-0.0787465, -0.106575, -0.966664), (-0.0783453, -0.0992716, -0.967247), (-0.0766775, -0.107275, -0.96686), (-0.0762142, -0.0988413, -0.967533), (-0.0745463, -0.106844, -0.967146), (-0.0741964, -0.0288647, -0.80374), (-0.0741964, -0.0288647, -0.80374), (-0.0741964, -0.0288647, -0.80374), (-0.0741964, -0.0288647, -0.80374), (-0.0741451, -0.0995408, -0.967729), (-0.074027, -0.0490094, -0.787319), (-0.0736512, -0.0959879, -0.931597), (-0.0736512, -0.0959879, -0.931597), (-0.0736512, -0.0959879, -0.931597), (-0.0736512, -0.0959879, -0.931597), (-0.0734173, -0.0470365, -0.785203), (-0.0732034, -0.0505275, -0.789718), (-0.0729242, -0.105399, -0.967446), (-0.0726925, -0.101183, -0.967782), (-0.0724616, -0.0496664, -0.86539), (-0.0724616, -0.0496664, -0.86539), (-0.0724616, -0.0496664, -0.86539), (-0.0722456, -0.103327, -0.967679), (-0.0722307, -0.100662, -0.593921), (-0.0722307, -0.100662, -0.593921), (-0.0722307, -0.100662, -0.593921), (-0.0715375, -0.0451372, -0.783938), (-0.071167, -0.0511839, -0.791759), (-0.0688915, -0.0438207, -0.783863), (-0.0684637, -0.0508028, -0.792893), (-0.06752, -0.0311938, -0.930811), (-0.06752, -0.0311938, -0.930811), (-0.06752, -0.0311938, -0.930811), (-0.0661881, -0.0434396, -0.784997), (-0.0658176, -0.0494863, -0.792818), (-0.0649359, -0.0914732, -0.814094), (-0.0642179, -0.0948839, -0.81388), (-0.0641518, -0.044096, -0.787037), (-0.0639379, -0.0475871, -0.791553), (-0.0638661, -0.0881802, -0.814548), (-0.0638661, -0.0881802, -0.814548), (-0.0633282, -0.0456141, -0.789437), (-0.0633282, -0.0456141, -0.789437), (-0.0619045, -0.0974984, -0.813963), (-0.0612953, -0.0858873, -0.81512), (-0.0598223, -0.075741, -0.757237), (-0.0596478, -0.0724676, -0.755832), (-0.0586156, -0.0986161, -0.814321), (-0.0583079, -0.0784016, -0.759066), (-0.0579122, -0.0852088, -0.815657), (-0.0578312, -0.0694587, -0.755228), (-0.0574646, -0.0860161, -0.765347), (-0.0566854, -0.089605, -0.764996), (-0.0563693, -0.0825615, -0.766037), (-0.0563693, -0.0825615, -0.766037), (-0.0558362, -0.000303615, -0.246239), (-0.0558362, -0.000303615, -0.246239), (-0.0558362, -0.000303615, -0.246239), (-0.0555105, -0.0797365, -0.76083), (-0.0552325, -0.0979376, -0.814858), (-0.0548592, -0.0675203, -0.755587), (-0.0546233, -0.0863266, -0.816015), (-0.0542407, -0.0923666, -0.76508), (-0.0536932, -0.0801669, -0.766883), (-0.0531073, -0.0732141, -0.569932), (-0.0531073, -0.0732141, -0.569932), (-0.0531073, -0.0732141, -0.569932), (-0.0526617, -0.0956447, -0.81543), (-0.0523606, -0.0768531, -0.841908), (-0.0523606, -0.0768531, -0.841908), (-0.0523606, -0.0768531, -0.841908), (-0.05231, -0.088941, -0.816098), (-0.0521795, -0.0793881, -0.762055), (-0.0515919, -0.0923517, -0.815883), (-0.0515282, -0.0671719, -0.756812), (-0.0507853, -0.0935609, -0.765574), (-0.0501532, -0.079474, -0.767656), (-0.0492075, -0.0774498, -0.762414), (-0.0487308, -0.0685068, -0.758576), (-0.0473909, -0.0744408, -0.76181), (-0.0472453, -0.092868, -0.766348), (-0.0472164, -0.0711674, -0.760405), (-0.0472164, -0.0711674, -0.760405), (-0.0466979, -0.0806683, -0.768151), (-0.0459602, -0.0780849, -0.717742), (-0.045886, -0.0273071, -0.216804), (-0.045886, -0.0273071, -0.216804), (-0.045886, -0.0273071, -0.216804), (-0.0456719, -0.0775112, -0.717021), (-0.0455252, -0.0806875, -0.71748), (-0.0452585, -0.0811928, -0.71733), (-0.0450457, -0.075106, -0.718524), (-0.0450457, -0.075106, -0.718524), (-0.0445692, -0.0904734, -0.767193), (-0.0442797, -0.0746176, -0.717125), (-0.0442531, -0.0834299, -0.768234), (-0.0440617, -0.0273071, -0.274992), (-0.0440617, -0.0273071, -0.274992), (-0.0440617, -0.0273071, -0.274992), (-0.0438788, -0.0832956, -0.71838), (-0.0434739, -0.0870188, -0.767883), (-0.0431286, -0.0835972, -0.717398), (-0.04276, -0.0730544, -0.719466), (-0.0425434, -0.128109, -0.586183), (-0.0425434, -0.128109, -0.586183), (-0.0425434, -0.128109, -0.586183), (-0.0420309, -0.0224797, -0.859964), (-0.0420309, -0.0224797, -0.859964), (-0.0420309, -0.0224797, -0.859964), (-0.0417216, -0.0727822, -0.717764), (-0.0411739, -0.0846365, -0.719478), (-0.0401412, -0.0846535, -0.717929), (-0.0397157, -0.0724797, -0.720317), (-0.038683, -0.0724967, -0.718768), (-0.0381353, -0.084351, -0.720482), (-0.0370969, -0.0840789, -0.718779), (-0.0367283, -0.0735361, -0.720848), (-0.0364479, -0.0709781, -0.683544), (-0.0359781, -0.0738377, -0.719866), (-0.035774, -0.0738769, -0.683096), (-0.0356233, -0.068212, -0.684397), (-0.0356233, -0.068212, -0.684397), (-0.0355772, -0.0825156, -0.721121), (-0.0348112, -0.0820273, -0.719722), (-0.0345984, -0.0759404, -0.720916), (-0.0343317, -0.0764457, -0.720766), (-0.0343317, -0.0764457, -0.720766), (-0.034185, -0.0796221, -0.721225), (-0.0341115, -0.0543106, -0.245558), (-0.0341115, -0.0543106, -0.245558), (-0.0341115, -0.0543106, -0.245558), (-0.0338967, -0.0790484, -0.720504), (-0.0337821, -0.0761319, -0.683173), (-0.0335323, -0.0502713, -0.370427), (-0.0335323, -0.0502713, -0.370427), (-0.0335323, -0.0502713, -0.370427), (-0.0335212, -0.06632, -0.685427), (-0.0310059, -0.0771387, -0.683754), (-0.0307047, -0.0658089, -0.686356), (-0.0300159, -0.163642, -0.640413), (-0.0297804, -0.163597, -0.642593), (-0.0291327, -0.163763, -0.63841), (-0.0284893, -0.163642, -0.644365), (-0.0281894, -0.0766277, -0.684684), (-0.0279285, -0.0668158, -0.686938), (-0.0273674, -0.163928, -0.637119), (-0.0265951, -0.110538, -0.638828), (-0.0264885, -0.163763, -0.645254), (-0.0264885, -0.163763, -0.645254), (-0.0262964, -0.110138, -0.641212), (-0.0260872, -0.0747356, -0.685713), (-0.0259366, -0.0690707, -0.687014), (-0.0256561, -0.111073, -0.636645), (-0.0252626, -0.0719696, -0.686566), (-0.025193, -0.164094, -0.636888), (-0.0248403, -0.109979, -0.643159), (-0.0243142, -0.163928, -0.645023), (-0.0237313, -0.111599, -0.635247), (-0.02342, -0.100662, -0.562193), (-0.02342, -0.100662, -0.562193), (-0.02342, -0.100662, -0.562193), (-0.0231922, -0.164215, -0.637777), (-0.0226168, -0.110105, -0.644146), (-0.0226168, -0.110105, -0.644146), (-0.0225489, -0.164094, -0.643732), (-0.0219842, -0.0600741, -0.637348), (-0.0219299, -0.0496664, -0.836481), (-0.0219299, -0.0496664, -0.836481), (-0.0219299, -0.0496664, -0.836481), (-0.0219011, -0.164259, -0.639549), (-0.0216656, -0.164215, -0.641729), (-0.0213362, -0.111975, -0.635011), (-0.0212899, -0.0629773, -0.636845), (-0.0211942, -0.0573216, -0.638329), (-0.0211942, -0.0573216, -0.638329), (-0.0202217, -0.110481, -0.643909), (-0.0192974, -0.0652533, -0.636957), (-0.0191961, -0.071093, -0.624698), (-0.0191315, -0.0554574, -0.639526), (-0.0191127, -0.1121, -0.635998), (-0.0185977, -0.0695909, -0.627094), (-0.0183604, -0.0728985, -0.622602), (-0.0182968, -0.111007, -0.642511), (-0.0179071, -0.0812786, -0.624083), (-0.0179071, -0.0812786, -0.624083), (-0.0179071, -0.0812786, -0.624083), (-0.0179071, -0.0812786, -0.624083), (-0.0176566, -0.111942, -0.637944), (-0.0173579, -0.111541, -0.640328), (-0.0167256, -0.0687946, -0.629146), (-0.0165405, -0.0662922, -0.637651), (-0.0163489, -0.0549809, -0.640618), (-0.0163146, -0.0745235, -0.621367), (-0.0140815, -0.0689175, -0.630306), (-0.0140815, -0.0689175, -0.630306), (-0.0137579, -0.0658157, -0.638743), (-0.0136068, -0.0755327, -0.621323), (-0.013592, -0.0560198, -0.641313), (-0.0125574, -1.26842e-08, -0.00193962), (-0.0116952, -0.0639515, -0.63994), (-0.0115994, -0.0582958, -0.641424), (-0.0113737, -0.0699267, -0.630263), (-0.0109627, -0.0756556, -0.622483), (-0.0109488, -0.00633476, -0.00120206), (-0.0109051, -0.061199, -0.640921), (-0.0108013, 0.00633474, -0.00215746), (-0.0108013, 0.00633474, -0.00215746), (-0.00932787, -0.0715518, -0.629027), (-0.00909056, -0.0748593, -0.624536), (-0.00849219, -0.0733572, -0.626931), (-0.00815518, -0.0631796, -0.400159), (-0.00815518, -0.0631796, -0.400159), (-0.00815518, -0.0631796, -0.400159), (-0.00674538, -0.0631796, -0.341959), (-0.00674538, -0.0631796, -0.341959), (-0.00674538, -0.0631796, -0.341959), (-0.00640649, -0.0109721, -0.000142415), (-0.00615091, 0.0109721, -0.00179721), (-0.00542429, -0.0466463, -0.592958), (-0.00538128, -0.0475654, -0.59227), (-0.00475458, -0.0494184, -0.591145), (-0.00458497, -0.050791, -0.591653), (-0.00455012, -0.0445295, -0.593499), (-0.00455012, -0.0445295, -0.593499), (-0.00445501, -0.0443101, -0.595199), (-0.00262532, -0.0518836, -0.590246), (-0.00237456, -0.0533419, -0.591814), (-0.00231419, -0.0424966, -0.595012), (-0.00210645, -0.0430357, -0.597267), (-0.000797557, -0.00581096, -0.0771402), (-0.000147557, -0.0126695, 0.000955394), (0.000147564, 0.0126695, -0.000955394), (0.000392951, -0.0533814, -0.590502), (0.00065767, -0.0545346, -0.59271), (0.000727379, -0.0420115, -0.596402), (0.000819044, -0.0120878, -0.07659), (0.000924062, 0.000461143, -0.0772493), (0.000924062, 0.000461143, -0.0772493), (0.000992091, -0.0431647, -0.598609), (0.000992091, -0.0431647, -0.598609), (0.00349149, -0.0535104, -0.591844), (0.00369924, -0.0540495, -0.5941), (0.00375961, -0.0432042, -0.597297), (0.00401037, -0.0446625, -0.598865), (0.00467075, -0.0072747, -0.12538), (0.0053407, -0.0166876, -0.0757462), (0.00552259, 0.00504787, -0.076888), (0.00584005, -0.052236, -0.593913), (0.00593517, -0.0520166, -0.595612), (0.00597002, -0.0457551, -0.597458), (0.00613963, -0.0471277, -0.597966), (0.00615092, -0.0109721, 0.00179721), (0.00631139, -0.0134798, -0.125269), (0.00634276, -0.0010788, -0.125232), (0.00634276, -0.0010788, -0.125232), (0.0064065, 0.0109721, 0.000142417), (0.00676633, -0.0489807, -0.596841), (0.00680934, -0.0498998, -0.596154), (0.00714943, -0.00554506, -0.173865), (0.00725001, -0.00403512, -0.192272), (0.0077698, -0.00118964, -0.241715), (0.00875474, -3.47771e-05, -0.29122), (0.00878254, 0.000547531, -0.173467), (0.00878254, 0.000547531, -0.173467), (0.00878689, -0.0116413, -0.174182), (0.00887691, 0.00203411, -0.191839), (0.00887691, 0.00203411, -0.191839), (0.00888334, -0.0101041, -0.192684), (0.00900665, -0.00557174, -0.244206), (0.00900665, -0.00557174, -0.244206), (0.00900665, -0.00557174, -0.244206), (0.00900665, -0.00557174, -0.244206), (0.0093916, 0.00486342, -0.241448), (0.0093916, 0.00486342, -0.241448), (0.00939444, -0.00724374, -0.241938), (0.0103647, -0.00605138, -0.291253), (0.0103681, 0.00598017, -0.291118), (0.0103681, 0.00598017, -0.291118), (0.0108013, -0.00633474, 0.00215746), (0.0108251, -0.0180313, -0.124927), (0.0108333, -9.38862e-05, -0.359199), (0.0108794, 0.00344776, -0.124864), (0.0109488, 0.00633475, 0.00120207), (0.0115558, -0.0183777, -0.0748348), (0.0117659, 0.00672021, -0.0761532), (0.0123773, -0.00589654, -0.35895), (0.0123969, 0.00570791, -0.359306), (0.0123969, 0.00570791, -0.359306), (0.0125574, 1.07982e-08, 0.00193962), (0.0132486, 0.00500393, -0.173092), (0.0132562, -0.0161078, -0.174331), (0.0133281, 0.00647736, -0.191501), (0.0133393, -0.0145466, -0.192965), (0.0138253, 0.00929351, -0.241208), (0.0138302, -0.0116767, -0.242056), (0.0140118, -0.0329573, -0.544881), (0.0147666, -0.0104575, -0.291209), (0.0147724, 0.0103818, -0.290975), (0.0148145, -0.00310409, -0.408691), (0.01498, -0.0367784, -0.544092), (0.0150226, -0.0293282, -0.546285), (0.0150226, -0.0293282, -0.546285), (0.0162412, -0.0085626, -0.407983), (0.0163169, 0.00236394, -0.40911), (0.0163169, 0.00236394, -0.40911), (0.0166152, -0.0101452, -0.358625), (0.016649, 0.00995426, -0.35924), (0.0166646, 0.0051618, -0.0594363), (0.0166646, 0.0051618, -0.0594363), (0.0166646, 0.0051618, -0.0594363), (0.0166646, 0.0051618, -0.0594363), (0.0170024, -0.0197098, -0.124447), (0.0170651, 0.0050921, -0.124374), (0.017668, -0.0397675, -0.544127), (0.0177418, -0.0268635, -0.547926), (0.0177991, -0.0167054, -0.0741), (0.017981, 0.00503008, -0.0752418), (0.0183587, -0.0110002, -0.371684), (0.0183587, -0.0110002, -0.371684), (0.0183587, -0.0110002, -0.371684), (0.0183587, -0.0110002, -0.371684), (0.0186318, -0.0760879, -0.371691), (0.0186318, -0.0760879, -0.371691), (0.0186318, -0.0760879, -0.371691), (0.019351, 0.00663007, -0.172842), (0.0193597, -0.0177476, -0.174273), (0.0194109, 0.00810407, -0.191348), (0.0194238, -0.0161723, -0.19304), (0.0198828, 0.0109136, -0.241058), (0.0198885, -0.0133007, -0.242037), (0.0202147, -0.012549, -0.407176), (0.0203459, 0.0063763, -0.409128), (0.020781, -0.0120725, -0.2911), (0.0207877, 0.0119906, -0.290829), (0.0213554, -0.0411239, -0.544979), (0.0214406, -0.0262236, -0.549365), (0.0219724, -0.0101745, -0.456537), (0.0223197, -0.0101846, -0.458549), (0.0223976, -0.0121186, -0.0737388), (0.0224114, -0.0117015, -0.35831), (0.0224505, 0.0115074, -0.359021), (0.0225026, 0.000430331, -0.074398), (0.0231881, -0.0180654, -0.123957), (0.0232424, 0.00341362, -0.123894), (0.0232512, -0.0151357, -0.455494), (0.0233934, -0.00521593, -0.457391), (0.0233934, -0.00521593, -0.457391), (0.0234746, -0.0208633, -0.501398), (0.02353, -0.015223, -0.457852), (0.0237163, -0.00514615, -0.458519), (0.0237163, -0.00514615, -0.458519), (0.0241192, -0.00584653, -0.0738478), (0.0246153, -0.0252669, -0.500399), (0.0247293, -0.0165568, -0.502652), (0.0247293, -0.0165568, -0.502652), (0.0250543, -0.040484, -0.546418), (0.0251281, -0.02758, -0.550216), (0.0254546, 0.0049902, -0.172784), (0.0254621, -0.0161215, -0.174023), (0.0254955, 0.00647837, -0.191422), (0.0255066, -0.0145456, -0.192887), (0.0256704, -0.0139952, -0.406486), (0.0258218, 0.00785791, -0.40874), (0.0259412, 0.00928957, -0.24104), (0.0259461, -0.0116806, -0.241888), (0.0267962, -0.0104637, -0.290954), (0.026802, 0.0103755, -0.290719), (0.0268872, -0.0187703, -0.454542), (0.0270228, -0.0189114, -0.456613), (0.0271337, -0.00158873, -0.457829), (0.0273455, -0.00145777, -0.45777), (0.0277247, -0.0135389, -0.123589), (0.0277561, -0.00113794, -0.123552), (0.0277734, -0.0380193, -0.548059), (0.027816, -0.0305692, -0.550252), (0.0278459, -0.0285877, -0.499921), (0.0280433, -0.0135014, -0.503824), (0.0282128, -0.0101484, -0.358091), (0.0282467, 0.00995105, -0.358707), (0.0287843, -0.0343902, -0.549462), (0.0288548, 0.0690941, -0.0587029), (0.0288548, 0.0690941, -0.0587029), (0.0288548, 0.0690941, -0.0587029), (0.0293967, -0.00734298, -0.12344), (0.0299238, 0.000523752, -0.172933), (0.0299282, -0.0116651, -0.173648), (0.0299514, 0.00203586, -0.191703), (0.0299578, -0.0101023, -0.192549), (0.0303769, 0.0048566, -0.241158), (0.0303798, -0.00725055, -0.241648), (0.0311464, -0.0125135, -0.406098), (0.0312006, -0.00606214, -0.290811), (0.031204, 0.00596941, -0.290675), (0.0312775, 0.00641176, -0.40805), (0.0315613, -0.00557251, -0.173249), (0.0315847, -0.0040331, -0.192116), (0.0318622, -0.0202614, -0.455166), (0.0319063, -0.0201044, -0.453936), (0.0320016, -0.0011975, -0.24138), (0.0321908, -0.000264781, -0.457731), (0.0322348, -0.000107723, -0.456501), (0.0323006, -0.0299359, -0.500094), (0.032465, -0.00590209, -0.358026), (0.0324846, 0.00570235, -0.358382), (0.0325285, -0.0125157, -0.504601), (0.0328139, -4.71995e-05, -0.290709), (0.0340286, -0.000100298, -0.358132), (0.0351753, -0.00850118, -0.406116), (0.0352511, 0.00242535, -0.407242), (0.0361257, -0.0134749, -0.504861), (0.0366777, -0.00303316, -0.406535), (0.0367516, -0.0189114, -0.453898), (0.0367859, -0.0289502, -0.500871), (0.0369634, -0.0187804, -0.453839), (0.0369832, -0.0138639, -0.504773), (0.0370743, -0.00145776, -0.455054), (0.0372098, -0.00159883, -0.457126), (0.0372409, -0.00883782, -0.504306), (0.0372409, -0.00883782, -0.504306), (0.0373514, -0.0181087, -0.50458), (0.0400998, -0.0258948, -0.502043), (0.0402138, -0.0171847, -0.504296), (0.0403808, -0.015223, -0.453149), (0.0403982, -0.00544004, -0.503065), (0.0405671, -0.00514614, -0.453816), (0.0405895, -0.0214976, -0.50354), (0.0407036, -0.0151532, -0.454277), (0.0408459, -0.00523342, -0.456174), (0.0413545, -0.0215883, -0.503297), (0.0417774, -0.0101846, -0.453119), (0.0421247, -0.0101947, -0.455131), (0.0431111, 0.0344857, -0.653669), (0.0431111, 0.0344857, -0.653669), (0.0431111, 0.0344857, -0.653669), (0.0447515, -0.00419195, -0.50147), (0.0449724, -0.0227336, -0.502018), (0.0478497, 0.0580688, -0.620263), (0.0478497, 0.0580688, -0.620263), (0.0478497, 0.0580688, -0.620263), (0.047953, -0.0127177, -0.477718), (0.047953, -0.0127177, -0.477718), (0.047953, -0.0127177, -0.477718), (0.047953, -0.0127177, -0.477718), (0.0491344, -0.00542797, -0.499949), (0.0493257, -0.0214855, -0.500423), (0.0501953, 0.0514228, -0.0282578), (0.0501953, 0.0514228, -0.0282578), (0.0501953, 0.0514228, -0.0282578), (0.0523725, -0.00881692, -0.498908), (0.0524829, -0.0180878, -0.499182), (0.0535981, -0.0134507, -0.498627), (0.0536918, 0.0514228, -0.0863695), (0.0536918, 0.0514228, -0.0863695), (0.0536918, 0.0514228, -0.0863695), (0.0559107, -0.00705875, -0.549071), (0.056636, -0.00270595, -0.547723), (0.056636, -0.00270595, -0.547723), (0.0573252, -0.0114411, -0.549357), (0.0593066, 0.000450919, -0.545676), (0.0605002, -0.0146789, -0.548506), (0.0632069, 0.00156598, -0.543478), (0.0645852, -0.0159044, -0.546746), (0.0672918, 0.000340447, -0.541718), (0.0684855, -0.0147894, -0.544547), (0.0699445, 0.0580688, -0.674124), (0.0699445, 0.0580688, -0.674124), (0.0699445, 0.0580688, -0.674124), (0.0704669, -0.00289729, -0.540866), (0.071156, -0.0116325, -0.5425), (0.0718813, -0.00727969, -0.541153), (0.0746832, 0.0816519, -0.640717), (0.0746832, 0.0816519, -0.640717), (0.0746832, 0.0816519, -0.640717), (0.0750322, 0.0337514, -0.0559244), (0.0750322, 0.0337514, -0.0559244), (0.0750322, 0.0337514, -0.0559244), (0.094733, -0.0177311, -0.432741), (0.094733, -0.0177311, -0.432741), (0.094733, -0.0177311, -0.432741), (0.100958, -0.0467314, -0.461286), (0.100958, -0.0467314, -0.461286), (0.100958, -0.0467314, -0.461286), (0.102534, 0.0239435, -0.629292), (0.102534, 0.0239435, -0.629292), (0.102534, 0.0239435, -0.629292), (0.102534, 0.0239435, -0.629292), (0.105747, 0.0112691, -0.459801), (0.105747, 0.0112691, -0.459801), (0.105747, 0.0112691, -0.459801), (0.111972, -0.0177311, -0.488347), (0.111972, -0.0177311, -0.488347), (0.111972, -0.0177311, -0.488347), (0.120126, 0.0852398, -0.931646), (0.120635, 0.0831557, -0.932101), (0.120741, 0.0873239, -0.931351), (0.122131, 0.0816301, -0.932593), (0.122315, 0.0888495, -0.931294), (0.122954, 0.0321186, -0.66995), (0.124128, 0.0315355, -0.672544), (0.12416, 0.0271029, -0.670909), (0.124214, 0.0810717, -0.932991), (0.124332, 0.0368686, -0.668197), (0.124427, 0.0894079, -0.931491), (0.124722, 0.0363787, -0.670614), (0.124722, 0.0363787, -0.670614), (0.125804, 0.0265827, -0.672986), (0.126325, 0.0816301, -0.933188), (0.12651, 0.0888495, -0.931889), (0.127426, 0.0398146, -0.667713), (0.127627, 0.0231652, -0.670819), (0.1279, 0.0831557, -0.933131), (0.127925, 0.04008, -0.666121), (0.128006, 0.0873239, -0.932381), (0.128006, 0.0873239, -0.932381), (0.128515, 0.0852398, -0.932836), (0.1293, 0.0228474, -0.671821), (0.131516, 0.0409226, -0.664619), (0.132426, 0.0213608, -0.669702), (0.13277, 0.0408924, -0.664278), (0.13368, 0.0213306, -0.669362), (0.135896, 0.0394058, -0.66216), (0.137271, 0.0221732, -0.667859), (0.13757, 0.039088, -0.663162), (0.13777, 0.0224386, -0.666267), (0.138184, 0.0435506, -0.712016), (0.139278, 0.039042, -0.712914), (0.139393, 0.0356706, -0.660995), (0.139496, 0.0478992, -0.710712), (0.140475, 0.0258746, -0.663366), (0.140864, 0.0253846, -0.665783), (0.141037, 0.0351504, -0.663071), (0.141037, 0.0351504, -0.663071), (0.141044, 0.0531721, -0.75633), (0.141069, 0.0307178, -0.661437), (0.142027, 0.0491505, -0.757186), (0.142243, 0.0301346, -0.664031), (0.142246, 0.0571567, -0.755589), (0.142487, 0.0355815, -0.713165), (0.142863, 0.0509225, -0.709352), (0.144931, 0.0461693, -0.757926), (0.145311, 0.0600366, -0.755161), (0.146949, 0.0340963, -0.712703), (0.147384, 0.0518106, -0.708299), (0.147717, 0.0660873, -0.795286), (0.147717, 0.0660873, -0.795286), (0.147717, 0.0660873, -0.795286), (0.147717, 0.0660873, -0.795286), (0.148979, 0.0450274, -0.758353), (0.149418, 0.06104, -0.75516), (0.15147, 0.0349844, -0.71165), (0.151846, 0.0503254, -0.707836), (0.153086, 0.0460308, -0.758352), (0.153466, 0.0598981, -0.755587), (0.154837, 0.0380077, -0.710289), (0.155055, 0.0468649, -0.708088), (0.155055, 0.0468649, -0.708088), (0.155092, 0.0435341, -0.7097), (0.15553, 0.0477415, -0.707912), (0.15553, 0.0477415, -0.707912), (0.156149, 0.0423563, -0.708985), (0.156151, 0.0489107, -0.757923), (0.15637, 0.0391253, -0.709856), (0.15637, 0.056917, -0.756327), (0.15637, 0.056917, -0.756327), (0.157353, 0.0528953, -0.757182), (0.157567, 0.0506203, -0.704969), (0.157705, 0.130381, -0.793542), (0.157705, 0.130381, -0.793542), (0.157705, 0.130381, -0.793542), (0.159021, 0.0356966, -0.708336), (0.160657, 0.051399, -0.701661), (0.162336, 0.0341666, -0.705549), (0.163971, 0.049869, -0.698874), (0.165425, 0.0349453, -0.702242), (0.166623, 0.0464403, -0.697355), (0.167462, 0.0378241, -0.699299), (0.1679, 0.0420316, -0.697511), (0.176034, 0.113466, -0.760792), (0.176034, 0.113466, -0.760792), (0.176034, 0.113466, -0.760792), (0.186049, 0.113466, -0.818141), (0.186049, 0.113466, -0.818141), (0.186049, 0.113466, -0.818141), (0.193814, 0.0533572, -0.739151), (0.194096, 0.0568404, -0.737592), (0.194096, 0.0568404, -0.737592), (0.194686, 0.0496312, -0.73912), (0.195458, 0.0591475, -0.734859), (0.196479, 0.0466608, -0.737505), (0.197533, 0.0596603, -0.731685), (0.198713, 0.0452419, -0.734741), (0.199767, 0.0582414, -0.72892), (0.200789, 0.0457547, -0.731567), (0.20156, 0.055271, -0.727306), (0.20215, 0.0480618, -0.728834), (0.202433, 0.051545, -0.727274), (0.204378, 0.0965516, -0.785391), (0.204378, 0.0965516, -0.785391), (0.204378, 0.0965516, -0.785391), (0.243564, -0.00972395, -0.757874), (0.243564, -0.00972395, -0.757874), (0.243564, -0.00972395, -0.757874), (0.244297, 0.0553587, -0.757429), (0.244297, 0.0553587, -0.757429), (0.244297, 0.0553587, -0.757429), (0.244297, 0.0553587, -0.757429), (0.250841, 0.00294985, -0.71939), (0.250841, 0.00294985, -0.71939), (0.250841, 0.00294985, -0.71939), (0.281075, 0.00294985, -0.769141), (0.281075, 0.00294985, -0.769141), (0.281075, 0.00294985, -0.769141), (0.288352, 0.0156237, -0.730657), (0.288352, 0.0156237, -0.730657), (0.288352, 0.0156237, -0.730657), (0.328223, 0.0789975, -0.814272), (0.328363, 0.0809889, -0.813365), (0.328363, 0.0809889, -0.813365), (0.328673, 0.0768519, -0.814223), (0.329057, 0.0822926, -0.811744), (0.329593, 0.075127, -0.81323), (0.330118, 0.0825592, -0.809843), (0.330737, 0.0742851, -0.811559), (0.331261, 0.0817173, -0.808173), (0.331798, 0.0745517, -0.809658), (0.332182, 0.0799924, -0.807179), (0.332492, 0.0758554, -0.808037), (0.332632, 0.0778468, -0.80713)] (
                    interpolation = "vertex"
                )
                int[] faceVertexCounts = [3, 3, 3, 3, 3, 3, 3, 3, 3, 3, 3, 3, 3, 3, 3, 3, 3, 3, 3, 3, 3, 3, 3, 3, 3, 3, 3, 3, 3, 3, 3, 3, 3, 3, 3, 3, 3, 3, 3, 3, 3, 3, 3, 3, 3, 3, 3, 3, 3, 3, 3, 3, 3, 3, 3, 3, 3, 3, 3, 3, 3, 3, 3, 3, 3, 3, 3, 3, 3, 3, 3, 3, 3, 3, 3, 3, 3, 3, 3, 3, 3, 3, 3, 3, 3, 3, 3, 3, 3, 3, 3, 3, 3, 3, 3, 3, 3, 3, 3, 3, 3, 3, 3, 3, 3, 3, 3, 3, 3, 3, 3, 3, 3, 3, 3, 3, 3, 3, 3, 3, 3, 3, 3, 3, 3, 3, 3, 3, 3, 3, 3, 3, 3, 3, 3, 3, 3, 3, 3, 3, 3, 3, 3, 3, 3, 3, 3, 3, 3, 3, 3, 3, 3, 3, 3, 3, 3, 3, 3, 3, 3, 3, 3, 3, 3, 3, 3, 3, 3, 3, 3, 3, 3, 3, 3, 3, 3, 3, 3, 3, 3, 3, 3, 3, 3, 3, 3, 3, 3, 3, 3, 3, 3, 3, 3, 3, 3, 3, 3, 3, 3, 3, 3, 3, 3, 3, 3, 3, 3, 3, 3, 3, 3, 3, 3, 3, 3, 3, 3, 3, 3, 3, 3, 3, 3, 3, 3, 3, 3, 3, 3, 3, 3, 3, 3, 3, 3, 3, 3, 3, 3, 3, 3, 3, 3, 3, 3, 3, 3, 3, 3, 3, 3, 3, 3, 3, 3, 3, 3, 3, 3, 3, 3, 3, 3, 3, 3, 3, 3, 3, 3, 3, 3, 3, 3, 3, 3, 3, 3, 3, 3, 3, 3, 3, 3, 3, 3, 3, 3, 3, 3, 3, 3, 3, 3, 3, 3, 3, 3, 3, 3, 3, 3, 3, 3, 3, 3, 3, 3, 3, 3, 3, 3, 3, 3, 3, 3, 3, 3, 3, 3, 3, 3, 3, 3, 3, 3, 3, 3, 3, 3, 3, 3, 3, 3, 3, 3, 3, 3, 3, 3, 3, 3, 3, 3, 3, 3, 3, 3, 3, 3, 3, 3, 3, 3, 3, 3, 3, 3, 3, 3, 3, 3, 3, 3, 3, 3, 3, 3, 3, 3, 3, 3, 3, 3, 3, 3, 3, 3, 3, 3, 3, 3, 3, 3, 3, 3, 3, 3, 3, 3, 3, 3, 3, 3, 3, 3, 3, 3, 3, 3, 3, 3, 3, 3, 3, 3, 3, 3, 3, 3, 3, 3, 3, 3, 3, 3, 3, 3, 3, 3, 3, 3, 3, 3, 3, 3, 3, 3, 3, 3, 3, 3, 3, 3, 3, 3, 3, 3, 3, 3, 3, 3, 3, 3, 3, 3, 3, 3, 3, 3, 3, 3, 3, 3, 3, 3, 3, 3, 3, 3, 3, 3, 3, 3, 3, 3, 3, 3, 3, 3, 3, 3, 3, 3, 3, 3, 3, 3, 3, 3, 3, 3, 3, 3, 3, 3, 3, 3, 3, 3, 3, 3, 3, 3, 3, 3, 3, 3, 3, 3, 3, 3, 3, 3, 3, 3, 3, 3, 3, 3, 3, 3, 3, 3, 3, 3, 3, 3, 3, 3, 3, 3, 3, 3, 3, 3, 3, 3, 3, 3, 3, 3, 3, 3, 3, 3, 3, 3, 3, 3, 3, 3, 3, 3, 3, 3, 3, 3, 3, 3, 3, 3, 3, 3, 3, 3, 3, 3, 3, 3, 3, 3, 3, 3, 3, 3, 3, 3, 3, 3, 3, 3, 3, 3, 3, 3, 3, 3, 3, 3, 3, 3, 3, 3, 3, 3, 3, 3, 3, 3, 3, 3, 3, 3, 3, 3, 3, 3, 3, 3, 3, 3, 3, 3, 3, 3, 3, 3, 3, 3, 3, 3, 3, 3, 3, 3, 3, 3, 3, 3, 3, 3, 3, 3, 3, 3, 3, 3, 3, 3, 3, 3, 3, 3, 3, 3, 3, 3, 3, 3, 3, 3, 3, 3, 3, 3, 3, 3, 3, 3, 3, 3, 3, 3, 3, 3, 3, 3, 3, 3, 3, 3, 3, 3, 3, 3, 3, 3, 3, 3, 3, 3, 3, 3, 3, 3, 3, 3, 3, 3, 3, 3, 3, 3, 3, 3, 3, 3, 3, 3, 3, 3, 3, 3, 3, 3, 3, 3, 3, 3, 3, 3, 3, 3, 3, 3, 3, 3, 3, 3, 3, 3, 3, 3, 3, 3, 3, 3, 3, 3, 3, 3, 3, 3, 3, 3, 3, 3, 3, 3, 3, 3, 3, 3, 3, 3, 3, 3, 3, 3, 3, 3, 3, 3, 3, 3, 3, 3, 3, 3, 3, 3, 3, 3, 3, 3, 3, 3, 3, 3, 3, 3, 3, 3, 3, 3, 3, 3, 3, 3, 3, 3, 3, 3, 3, 3, 3, 3, 3, 3, 3, 3, 3, 3, 3, 3, 3, 3, 3, 3, 3, 3, 3, 3, 3, 3, 3, 3, 3, 3, 3, 3, 3, 3, 3, 3, 3, 3, 3, 3, 3, 3, 3, 3, 3, 3, 3, 3, 3, 3, 3, 3, 3, 3, 3, 3, 3, 3, 3, 3, 3, 3, 3, 3, 3, 3, 3, 3, 3, 3, 3, 3, 3, 3, 3, 3, 3, 3, 3, 3, 3, 4, 4, 4, 4, 4, 4, 4, 4, 4, 4, 4, 4, 4, 4, 4, 4, 4, 4, 4, 4, 4, 4, 4, 4, 4, 4, 4, 4, 4, 4, 4, 4, 4, 4, 4, 4, 4, 4, 4, 4, 4, 4, 4, 4, 4, 4, 4, 4, 4, 4, 4, 4, 4, 4, 4, 4, 4, 4, 4, 4, 4, 4, 4, 4, 4, 4, 4, 4, 4, 4, 4, 4, 4, 4, 4, 4, 4, 4, 4, 4, 4, 4, 4, 4, 4, 4, 4, 4, 4, 4, 4, 4, 4, 4, 4, 4, 4, 4, 4, 4, 4, 4, 4, 4, 4, 4, 4, 4, 4, 4, 4, 4, 4, 4, 4, 4, 4, 4, 4, 4, 4, 4, 4, 4, 4, 4, 4, 4, 4, 4, 4, 4, 4, 4, 4, 4, 4, 4, 4, 4, 4, 4, 4, 4, 4, 4, 4, 4, 4, 4, 4, 4, 4, 4, 4, 4, 4, 4, 4, 4, 4, 4, 4, 4, 4, 4, 4, 4, 4, 4, 4, 4, 4, 4, 4, 4, 4, 4, 4, 4, 4, 4, 4, 4, 4, 4, 4, 4, 4, 4, 4, 4, 4, 4, 4, 4, 4, 4, 4, 4, 4, 4, 4, 4, 4, 4, 4, 4, 4, 4, 4, 4, 4, 4, 4, 4, 4, 4, 4, 4, 4, 4, 4, 4, 4, 4, 4, 4, 4, 4, 4, 4, 4, 4, 4, 4, 4, 4, 4, 4, 4, 4, 4, 4, 4, 4, 4, 4, 4, 4, 4, 4, 4, 4, 4, 4, 4, 4, 4, 4, 4, 4, 4, 4, 4, 4, 4, 4, 4, 4, 4, 4, 4, 4, 4, 4, 4, 4, 4, 4, 4, 4, 4, 4, 4, 4, 4, 4, 4, 4, 4, 4, 4, 4, 4, 4, 4, 4, 4, 4, 4, 4, 4, 4, 4, 4, 4, 4, 4, 4, 4, 4, 4, 4, 4, 4, 4, 4, 4, 4, 4, 4, 4, 4, 4, 4, 4, 4, 4, 4, 4, 4, 4, 4, 4, 4, 4, 4, 4, 4, 4, 4, 4, 4, 4, 4, 4, 4, 4, 4, 4, 4, 4, 4, 4, 4, 4, 4, 4, 4, 4, 4, 4, 4, 4, 4, 4, 4, 4, 4, 4, 4, 4, 4, 4, 4, 4, 4, 4, 4, 4, 4, 4, 4, 4, 4, 4, 4, 4, 4, 4, 4, 4, 4, 4, 4, 4, 4, 4, 4, 4, 4, 4, 4, 4, 4, 4, 4, 4, 4, 4, 4, 4, 4, 4, 4, 4, 4, 4, 4, 4, 4, 4, 4, 4, 4, 4, 4, 4, 4, 4, 4, 4, 4, 4, 4, 4, 4, 4, 4, 4, 4, 4, 4, 4, 4, 4, 4, 4, 4, 4, 4, 4, 4]
                int[] faceVertexIndices = [174, 201, 182, 201, 174, 189, 173, 181, 188, 181, 173, 168, 175, 168, 166, 168, 175, 181, 172, 166, 165, 166, 172, 175, 178, 165, 167, 165, 178, 172, 183, 167, 171, 167, 183, 178, 197, 171, 180, 171, 197, 183, 197, 187, 205, 187, 197, 180, 187, 213, 205, 213, 187, 195, 196, 213, 195, 213, 196, 214, 190, 214, 196, 214, 190, 208, 182, 208, 190, 208, 182, 201, 189, 227, 201, 227, 189, 220, 188, 215, 219, 215, 188, 181, 215, 175, 206, 175, 215, 181, 203, 175, 172, 175, 203, 206, 207, 172, 178, 172, 207, 203, 218, 178, 183, 178, 218, 207, 222, 183, 197, 183, 222, 218, 222, 205, 228, 205, 222, 197, 205, 234, 228, 234, 205, 213, 214, 234, 213, 234, 214, 235, 208, 235, 214, 235, 208, 233, 201, 233, 208, 233, 201, 227, 227, 265, 269, 265, 227, 220, 219, 254, 264, 254, 219, 215, 254, 215, 206, 206, 250, 254, 250, 206, 203, 203, 244, 250, 244, 203, 207, 207, 246, 244, 207, 251, 246, 251, 207, 218, 251, 218, 222, 251, 222, 258, 228, 258, 222, 258, 228, 266, 228, 273, 266, 273, 228, 234, 234, 283, 273, 283, 234, 235, 235, 276, 283, 276, 235, 233, 276, 233, 227, 227, 269, 276, 590, 539, 589, 539, 590, 540, 588, 533, 578, 533, 588, 538, 578, 533, 528, 578, 528, 574, 528, 566, 574, 566, 528, 522, 522, 562, 566, 562, 522, 520, 562, 520, 518, 562, 518, 558, 518, 560, 558, 560, 518, 519, 519, 565, 560, 565, 519, 521, 521, 573, 565, 573, 521, 526, 573, 526, 532, 573, 532, 577, 577, 532, 536, 577, 536, 586, 590, 536, 540, 536, 590, 586, 581, 590, 589, 590, 581, 585, 576, 588, 578, 588, 576, 580, 576, 578, 574, 576, 574, 568, 574, 564, 568, 564, 574, 566, 566, 553, 564, 553, 566, 562, 562, 550, 553, 550, 562, 558, 550, 558, 560, 550, 560, 551, 551, 560, 565, 551, 565, 563, 565, 567, 563, 567, 565, 573, 567, 573, 577, 567, 577, 575, 575, 577, 586, 586, 579, 575, 579, 590, 585, 590, 579, 586, 557, 585, 581, 585, 557, 561, 548, 580, 576, 580, 548, 556, 548, 576, 568, 548, 568, 544, 544, 568, 564, 544, 564, 537, 564, 527, 537, 527, 564, 553, 553, 523, 527, 523, 553, 550, 523, 550, 551, 523, 551, 525, 525, 551, 563, 525, 563, 535, 563, 543, 535, 543, 563, 567, 567, 547, 543, 547, 567, 575, 547, 575, 579, 579, 555, 547, 555, 585, 561, 585, 555, 579, 15, 68, 64, 68, 15, 18, 67, 17, 16, 67, 16, 63, 63, 16, 11, 63, 11, 59, 11, 54, 59, 54, 11, 9, 54, 9, 7, 7, 52, 54, 52, 7, 5, 5, 41, 52, 3, 36, 41, 3, 41, 5, 42, 3, 4, 3, 42, 36, 4, 53, 42, 53, 4, 6, 53, 6, 8, 8, 55, 53, 8, 60, 55, 60, 8, 10, 10, 64, 60, 64, 10, 15, 64, 108, 105, 108, 64, 68, 107, 67, 63, 107, 63, 104, 104, 63, 59, 59, 100, 104, 59, 86, 100, 86, 59, 54, 76, 54, 52, 54, 76, 86, 76, 41, 72, 41, 76, 52, 72, 36, 71, 36, 72, 41, 74, 36, 42, 36, 74, 71, 42, 84, 74, 84, 42, 53, 55, 84, 53, 84, 55, 98, 98, 55, 60, 98, 60, 103, 60, 105, 103, 105, 60, 64, 153, 108, 152, 108, 153, 105, 151, 104, 144, 104, 151, 107, 144, 104, 100, 100, 139, 144, 139, 100, 86, 86, 135, 139, 86, 120, 135, 120, 86, 76, 120, 76, 72, 120, 72, 114, 72, 115, 114, 115, 72, 71, 71, 125, 115, 125, 71, 74, 74, 136, 125, 136, 74, 84, 84, 140, 136, 140, 84, 98, 140, 98, 103, 140, 103, 148, 153, 103, 105, 103, 153, 148, 444, 363, 376, 363, 444, 435, 375, 449, 443, 449, 375, 396, 396, 460, 449, 460, 396, 426, 426, 469, 460, 469, 426, 441, 441, 474, 469, 474, 441, 450, 450, 476, 474, 476, 450, 455, 476, 455, 448, 476, 448, 475, 475, 437, 470, 437, 475, 448, 470, 422, 461, 422, 470, 437, 461, 394, 451, 394, 461, 422, 451, 374, 445, 374, 451, 394, 445, 363, 435, 363, 445, 374, 435, 482, 480, 482, 435, 444, 443, 484, 481, 484, 443, 449, 449, 486, 484, 486, 449, 460, 486, 460, 469, 469, 488, 486, 488, 469, 474, 474, 493, 488, 474, 495, 493, 495, 474, 476, 495, 476, 475, 475, 494, 495, 494, 470, 489, 470, 494, 475, 489, 461, 487, 461, 489, 470, 485, 461, 451, 461, 485, 487, 483, 451, 445, 451, 483, 485, 483, 445, 435, 435, 480, 483, 480, 530, 524, 530, 480, 482, 481, 534, 529, 534, 481, 484, 484, 542, 534, 542, 484, 486, 542, 486, 488, 488, 546, 542, 546, 488, 493, 493, 552, 546, 493, 559, 552, 559, 493, 495, 559, 495, 494, 494, 554, 559, 554, 489, 549, 489, 554, 494, 549, 487, 545, 487, 549, 489, 541, 487, 485, 487, 541, 545, 531, 485, 483, 485, 531, 541, 531, 483, 480, 480, 524, 531, 524, 584, 582, 584, 524, 530, 529, 591, 583, 591, 529, 534, 534, 596, 591, 596, 534, 542, 596, 542, 546, 546, 598, 596, 598, 546, 552, 552, 600, 598, 552, 602, 600, 602, 552, 559, 602, 559, 554, 554, 601, 602, 601, 554, 549, 601, 549, 599, 545, 599, 549, 599, 545, 597, 545, 595, 597, 595, 545, 541, 541, 587, 595, 587, 541, 531, 587, 531, 524, 524, 582, 587, 609, 582, 584, 584, 611, 609, 583, 613, 610, 613, 583, 591, 591, 615, 613, 615, 591, 596, 615, 596, 598, 615, 598, 617, 617, 598, 600, 600, 619, 617, 600, 621, 619, 621, 600, 602, 621, 602, 601, 601, 620, 621, 620, 601, 599, 620, 599, 618, 618, 599, 597, 618, 597, 616, 597, 614, 616, 614, 597, 595, 595, 612, 614, 612, 595, 587, 612, 587, 582, 582, 609, 612, 641, 609, 611, 611, 643, 641, 610, 645, 642, 645, 610, 613, 645, 613, 615, 645, 615, 647, 647, 615, 617, 647, 617, 649, 649, 617, 619, 619, 651, 649, 651, 619, 621, 651, 621, 653, 621, 652, 653, 652, 621, 620, 652, 620, 618, 652, 618, 650, 618, 648, 650, 648, 618, 616, 616, 646, 648, 646, 616, 614, 614, 644, 646, 644, 614, 612, 612, 641, 644, 641, 612, 609, 263, 224, 232, 224, 263, 255, 262, 231, 243, 243, 272, 262, 272, 243, 257, 257, 310, 272, 257, 342, 310, 342, 257, 281, 281, 367, 342, 367, 281, 308, 308, 377, 367, 377, 308, 314, 377, 314, 304, 377, 304, 364, 341, 304, 277, 304, 341, 364, 309, 277, 256, 277, 309, 341, 309, 242, 271, 242, 309, 256, 271, 229, 261, 229, 271, 242, 261, 224, 255, 224, 261, 229, 280, 255, 263, 255, 280, 270, 279, 262, 272, 272, 307, 279, 310, 338, 307, 310, 307, 272, 369, 310, 342, 310, 369, 338, 342, 398, 369, 398, 342, 367, 367, 409, 398, 409, 367, 377, 409, 377, 364, 409, 364, 397, 368, 364, 341, 364, 368, 397, 337, 341, 309, 341, 337, 368, 337, 271, 305, 271, 337, 309, 305, 261, 278, 261, 305, 271, 278, 255, 270, 255, 278, 261, 289, 270, 280, 270, 289, 284, 315, 279, 307, 279, 315, 288, 350, 307, 338, 307, 350, 315, 369, 383, 350, 369, 350, 338, 369, 410, 383, 410, 369, 398, 398, 420, 410, 420, 398, 409, 420, 409, 397, 420, 397, 411, 411, 368, 384, 368, 411, 397, 384, 337, 351, 337, 384, 368, 316, 337, 305, 337, 316, 351, 278, 290, 316, 278, 316, 305, 270, 284, 290, 270, 290, 278, 289, 292, 285, 289, 285, 284, 315, 317, 291, 315, 291, 288, 352, 315, 350, 315, 352, 317, 383, 385, 352, 383, 352, 350, 383, 412, 385, 412, 383, 410, 410, 421, 412, 421, 410, 420, 420, 413, 421, 413, 420, 411, 411, 386, 413, 386, 411, 384, 351, 353, 386, 351, 386, 384, 318, 351, 316, 351, 318, 353, 290, 293, 318, 290, 318, 316, 284, 285, 293, 284, 293, 290, 299, 285, 292, 285, 299, 286, 319, 291, 317, 291, 319, 298, 354, 317, 352, 317, 354, 319, 385, 389, 354, 385, 354, 352, 385, 414, 389, 414, 385, 412, 412, 424, 414, 424, 412, 421, 421, 415, 424, 415, 421, 413, 415, 413, 386, 415, 386, 390, 390, 353, 355, 353, 390, 386, 320, 353, 318, 353, 320, 355, 293, 300, 320, 293, 320, 318, 285, 286, 300, 285, 300, 293, 303, 286, 299, 286, 303, 287, 323, 298, 319, 298, 323, 302, 359, 319, 354, 319, 359, 323, 389, 392, 359, 389, 359, 354, 389, 418, 392, 418, 389, 414, 414, 431, 418, 431, 414, 424, 431, 424, 415, 431, 415, 417, 417, 390, 391, 390, 417, 415, 391, 355, 358, 355, 391, 390, 322, 355, 320, 355, 322, 358, 300, 301, 322, 300, 322, 320, 286, 287, 301, 286, 301, 300, 313, 287, 303, 287, 313, 306, 323, 332, 312, 323, 312, 302, 366, 323, 359, 323, 366, 332, 404, 359, 392, 359, 404, 366, 392, 429, 404, 429, 392, 418, 418, 432, 429, 432, 418, 431, 431, 428, 432, 428, 431, 417, 428, 391, 403, 391, 428, 417, 403, 358, 365, 358, 403, 391, 365, 322, 331, 322, 365, 358, 301, 311, 331, 301, 331, 322, 311, 287, 306, 287, 311, 301, 330, 306, 313, 306, 330, 324, 332, 357, 329, 332, 329, 312, 366, 388, 357, 366, 357, 332, 419, 366, 404, 366, 419, 388, 404, 434, 419, 434, 404, 429, 429, 436, 434, 436, 429, 432, 436, 432, 428, 436, 428, 433, 416, 428, 403, 428, 416, 433, 387, 403, 365, 403, 387, 416, 387, 331, 356, 331, 387, 365, 356, 311, 328, 311, 356, 331, 328, 306, 324, 306, 328, 311, 372, 324, 330, 324, 372, 362, 395, 329, 357, 329, 395, 371, 395, 357, 388, 388, 425, 395, 425, 388, 419, 419, 442, 425, 419, 453, 442, 453, 419, 434, 434, 456, 453, 456, 434, 436, 456, 436, 433, 456, 433, 452, 439, 433, 416, 433, 439, 452, 423, 416, 387, 416, 423, 439, 393, 387, 356, 387, 393, 423, 393, 328, 370, 328, 393, 356, 370, 324, 362, 324, 370, 328, 380, 362, 372, 362, 380, 373, 402, 371, 395, 371, 402, 379, 425, 430, 402, 425, 402, 395, 440, 425, 442, 425, 440, 430, 453, 440, 442, 440, 453, 447, 447, 453, 456, 447, 456, 454, 456, 446, 454, 446, 456, 452, 438, 452, 439, 452, 438, 446, 427, 439, 423, 439, 427, 438, 427, 393, 401, 393, 427, 423, 378, 393, 370, 393, 378, 401, 373, 370, 362, 370, 373, 378, 321, 380, 327, 380, 321, 373, 326, 402, 340, 402, 326, 379, 340, 430, 361, 430, 340, 402, 382, 430, 440, 430, 382, 361, 382, 440, 447, 382, 447, 400, 400, 447, 454, 400, 454, 405, 454, 399, 405, 399, 454, 446, 446, 381, 399, 381, 446, 438, 438, 360, 381, 360, 438, 427, 360, 427, 401, 401, 339, 360, 325, 401, 378, 401, 325, 339, 321, 378, 373, 378, 321, 325, 245, 327, 249, 327, 245, 321, 248, 340, 253, 340, 248, 326, 260, 340, 361, 340, 260, 253, 268, 361, 382, 361, 268, 260, 268, 382, 400, 268, 400, 275, 275, 400, 405, 275, 405, 282, 405, 274, 282, 274, 405, 399, 399, 267, 274, 267, 399, 381, 267, 381, 360, 360, 259, 267, 259, 360, 339, 339, 252, 259, 247, 339, 325, 339, 247, 252, 245, 325, 321, 325, 245, 247, 191, 249, 200, 249, 191, 245, 199, 253, 204, 253, 199, 248, 204, 260, 217, 260, 204, 253, 223, 260, 268, 260, 223, 217, 223, 268, 275, 223, 275, 226, 226, 275, 282, 226, 282, 230, 282, 225, 230, 225, 282, 274, 274, 221, 225, 221, 274, 267, 267, 216, 221, 216, 267, 259, 216, 259, 252, 252, 202, 216, 198, 252, 247, 252, 198, 202, 191, 247, 245, 247, 191, 198, 143, 200, 147, 200, 143, 191, 146, 204, 162, 204, 146, 199, 162, 217, 164, 217, 162, 204, 170, 217, 223, 217, 170, 164, 170, 223, 226, 170, 226, 177, 177, 226, 230, 177, 230, 179, 230, 176, 179, 176, 230, 225, 225, 169, 176, 169, 225, 221, 221, 163, 169, 163, 221, 216, 163, 216, 202, 202, 158, 163, 145, 202, 198, 202, 145, 158, 143, 198, 191, 198, 143, 145, 110, 147, 118, 147, 110, 143, 117, 162, 128, 162, 117, 146, 128, 164, 138, 164, 128, 162, 142, 164, 170, 164, 142, 138, 142, 170, 177, 142, 177, 150, 150, 177, 179, 150, 179, 157, 179, 149, 157, 149, 179, 176, 176, 141, 149, 141, 176, 169, 169, 137, 141, 137, 169, 163, 137, 163, 158, 158, 127, 137, 116, 158, 145, 158, 116, 127, 110, 145, 143, 145, 110, 116, 77, 118, 80, 118, 77, 110, 79, 128, 89, 128, 79, 117, 89, 138, 102, 138, 89, 128, 109, 138, 142, 138, 109, 102, 109, 142, 150, 109, 150, 121, 121, 150, 157, 121, 157, 126, 157, 119, 126, 119, 157, 149, 149, 106, 119, 106, 149, 141, 141, 101, 106, 101, 141, 137, 101, 137, 127, 127, 88, 101, 78, 127, 116, 127, 78, 88, 77, 116, 110, 116, 77, 78, 61, 80, 66, 80, 61, 77, 65, 89, 70, 89, 65, 79, 70, 102, 75, 102, 70, 89, 87, 102, 109, 102, 87, 75, 87, 109, 121, 87, 121, 97, 97, 121, 126, 97, 126, 99, 126, 93, 99, 93, 126, 119, 119, 85, 93, 85, 119, 106, 106, 73, 85, 73, 106, 101, 73, 101, 88, 88, 69, 73, 62, 88, 78, 88, 62, 69, 61, 78, 77, 78, 61, 62, 22, 66, 25, 66, 22, 61, 24, 70, 27, 70, 24, 65, 27, 75, 29, 75, 27, 70, 35, 75, 87, 75, 35, 29, 35, 87, 97, 35, 97, 44, 44, 97, 99, 44, 99, 48, 99, 43, 48, 43, 99, 93, 93, 30, 43, 30, 93, 85, 85, 28, 30, 28, 85, 73, 28, 73, 69, 69, 26, 28, 23, 69, 62, 69, 23, 26, 22, 62, 61, 62, 22, 23, 131, 212, 186, 185, 211, 92, 184, 49, 129, 49, 184, 90, 91, 209, 50, 51, 210, 130, 623, 572, 607, 606, 570, 593, 594, 624, 608, 624, 594, 605, 592, 569, 603, 604, 571, 622, 458, 508, 463, 464, 510, 497, 490, 457, 496, 457, 462, 496, 498, 511, 492, 491, 509, 459, 500, 336, 478, 477, 334, 407, 408, 501, 479, 501, 408, 473, 406, 333, 471, 472, 335, 499, 94, 31, 45, 46, 32, 132, 47, 193, 96, 193, 47, 133, 134, 34, 194, 192, 33, 95, 506, 467, 515, 516, 468, 513, 517, 504, 507, 504, 517, 514, 512, 466, 503, 502, 465, 505, 155, 296, 113, 112, 294, 82, 111, 81, 154, 154, 81, 122, 83, 295, 123, 124, 297, 156, 0, 37, 12, 14, 39, 57, 20, 2, 56, 2, 13, 56, 58, 40, 21, 19, 38, 1, 626, 629, 635, 637, 631, 640, 634, 627, 639, 627, 636, 639, 638, 630, 633, 632, 628, 625, 349, 346, 241, 240, 344, 161, 347, 239, 160, 347, 160, 237, 159, 343, 236, 238, 345, 348, 347, 239, 160, 237, 2, 13, 56, 20, 111, 81, 122, 154, 184, 90, 49, 129, 408, 473, 501, 479, 594, 605, 624, 608, 47, 133, 193, 96, 517, 514, 504, 507, 634, 627, 636, 639, 457, 462, 496, 490, 354, 319, 317, 352, 390, 386, 353, 355, 359, 323, 319, 354, 391, 390, 355, 358, 341, 364, 304, 277, 262, 231, 243, 272, 368, 397, 364, 341, 279, 262, 272, 307, 397, 368, 384, 411, 288, 279, 307, 315, 69, 88, 78, 62, 109, 121, 97, 87, 173, 168, 181, 188, 197, 180, 187, 205, 384, 386, 413, 411, 317, 291, 288, 315, 127, 158, 145, 116, 170, 177, 150, 142, 26, 69, 62, 23, 87, 97, 44, 35, 78, 88, 127, 116, 109, 142, 150, 121, 540, 539, 589, 590, 519, 560, 558, 518, 188, 181, 215, 219, 219, 215, 254, 264, 145, 158, 202, 198, 170, 223, 226, 177, 223, 268, 275, 226, 198, 202, 252, 247, 222, 197, 205, 228, 428, 417, 391, 403, 332, 312, 302, 323, 228, 266, 258, 222, 581, 585, 590, 589, 557, 561, 585, 581, 550, 558, 560, 551, 523, 550, 551, 525, 433, 428, 403, 416, 357, 329, 312, 332, 385, 389, 354, 352, 322, 358, 355, 320, 320, 355, 353, 318, 389, 392, 359, 354, 332, 323, 359, 366, 391, 358, 365, 403, 323, 302, 298, 319, 415, 413, 386, 390, 319, 298, 291, 317, 400, 405, 282, 275, 417, 415, 390, 391, 247, 325, 321, 245, 341, 277, 256, 309, 351, 353, 386, 384, 243, 257, 310, 272, 352, 317, 315, 350, 641, 609, 611, 643, 314, 304, 364, 377, 621, 620, 652, 653, 255, 224, 232, 263, 73, 69, 26, 28, 29, 75, 87, 35, 198, 247, 245, 191, 275, 282, 230, 226, 145, 198, 191, 143, 226, 230, 179, 177, 23, 62, 61, 22, 97, 99, 48, 44, 447, 454, 405, 400, 325, 378, 373, 321, 150, 177, 179, 157, 110, 116, 145, 143, 53, 6, 8, 55, 11, 9, 54, 59, 451, 394, 374, 445, 441, 450, 474, 469, 301, 322, 320, 300, 300, 320, 318, 293, 412, 414, 389, 385, 414, 418, 392, 389, 303, 287, 286, 299, 431, 424, 415, 417, 413, 415, 424, 421, 299, 286, 285, 292, 420, 411, 413, 421, 309, 256, 242, 271, 257, 281, 342, 310, 289, 292, 285, 284, 85, 73, 28, 30, 27, 70, 75, 29, 22, 61, 66, 25, 99, 93, 43, 48, 308, 314, 377, 367, 261, 229, 224, 255, 559, 554, 601, 602, 609, 582, 584, 611, 530, 584, 582, 524, 602, 601, 620, 621, 137, 163, 158, 127, 142, 138, 164, 170, 286, 300, 293, 285, 424, 431, 418, 414, 421, 424, 414, 412, 287, 301, 300, 286, 93, 85, 30, 43, 24, 65, 70, 27, 387, 416, 403, 365, 366, 388, 357, 332, 101, 137, 127, 88, 109, 102, 138, 142, 101, 88, 69, 73, 75, 102, 109, 87, 271, 242, 229, 261, 281, 308, 367, 342, 612, 609, 641, 644, 651, 619, 621, 653, 353, 351, 316, 318, 385, 352, 350, 383, 417, 428, 432, 431, 313, 306, 287, 303, 121, 150, 157, 126, 77, 78, 116, 110, 62, 78, 77, 61, 121, 126, 99, 97, 358, 322, 331, 365, 366, 359, 392, 404, 485, 451, 445, 483, 469, 474, 493, 488, 84, 55, 60, 98, 384, 368, 337, 351, 338, 307, 272, 310, 368, 341, 309, 337, 350, 315, 307, 338, 447, 453, 456, 454, 84, 98, 140, 136, 259, 252, 202, 216, 217, 260, 268, 223, 164, 217, 223, 170, 216, 202, 158, 163, 139, 100, 86, 135, 373, 378, 370, 362, 410, 420, 421, 412, 270, 255, 263, 280, 377, 364, 397, 409, 409, 397, 411, 420, 284, 270, 280, 289, 284, 285, 293, 290, 176, 149, 157, 179, 143, 147, 118, 110, 383, 410, 412, 385, 290, 293, 318, 316, 143, 191, 200, 147, 230, 225, 176, 179, 282, 274, 225, 230, 191, 245, 249, 200, 422, 394, 451, 461, 163, 137, 141, 169, 162, 164, 138, 128, 301, 287, 306, 311, 431, 432, 429, 418, 586, 536, 540, 590, 418, 429, 404, 392, 311, 331, 322, 301, 441, 469, 460, 426, 520, 518, 558, 562, 169, 141, 149, 176, 146, 162, 128, 117, 399, 274, 282, 405, 613, 645, 642, 610, 620, 618, 650, 652, 321, 327, 249, 245, 382, 400, 275, 268, 252, 339, 325, 247, 59, 54, 86, 100, 204, 253, 260, 217, 267, 259, 216, 221, 538, 533, 578, 588, 162, 204, 217, 164, 221, 216, 163, 169, 521, 565, 560, 519, 436, 432, 428, 433, 330, 324, 306, 313, 128, 138, 102, 89, 137, 101, 106, 141, 106, 101, 73, 85, 70, 89, 102, 75, 225, 221, 169, 176, 199, 248, 253, 204, 146, 199, 204, 162, 274, 267, 221, 225, 61, 77, 80, 66, 126, 119, 93, 99, 110, 118, 80, 77, 149, 119, 126, 157, 434, 453, 442, 419, 339, 259, 267, 360, 614, 612, 644, 646, 356, 328, 370, 393, 649, 617, 619, 651, 369, 338, 310, 342, 337, 309, 271, 305, 351, 337, 305, 316, 383, 350, 338, 369, 555, 579, 585, 561, 65, 79, 89, 70, 119, 106, 85, 93, 141, 106, 119, 149, 117, 128, 89, 79, 8, 10, 60, 55, 559, 602, 600, 552, 587, 582, 609, 612, 531, 524, 582, 587, 602, 621, 619, 600, 270, 284, 290, 278, 278, 261, 255, 270, 367, 377, 409, 398, 54, 9, 7, 52, 398, 409, 420, 410, 553, 550, 523, 527, 388, 366, 404, 419, 365, 331, 356, 387, 485, 487, 461, 451, 486, 460, 469, 488, 541, 485, 483, 531, 488, 493, 552, 546, 645, 613, 615, 647, 618, 616, 648, 650, 328, 324, 362, 370, 436, 456, 453, 434, 369, 398, 410, 383, 278, 290, 316, 305, 342, 367, 398, 369, 305, 271, 261, 278, 340, 361, 268, 260, 548, 556, 580, 576, 616, 614, 646, 648, 483, 480, 524, 531, 647, 615, 617, 649, 174, 189, 201, 182, 525, 551, 563, 535, 495, 559, 552, 493, 401, 393, 370, 378, 447, 440, 442, 453, 395, 371, 329, 357, 452, 433, 416, 439, 197, 183, 171, 180, 445, 374, 363, 435, 577, 532, 536, 586, 522, 520, 562, 566, 432, 436, 434, 429, 311, 306, 324, 328, 450, 455, 476, 474, 446, 399, 405, 454, 373, 380, 327, 321, 388, 419, 442, 425, 357, 388, 425, 395, 175, 181, 168, 166, 533, 528, 574, 578, 526, 573, 565, 521, 331, 311, 328, 356, 429, 434, 419, 404, 195, 213, 205, 187, 423, 387, 356, 393, 439, 416, 387, 423, 480, 482, 530, 524, 559, 495, 494, 554, 381, 267, 274, 399, 372, 362, 324, 330, 456, 436, 433, 452, 326, 340, 253, 248, 573, 526, 532, 577, 528, 522, 566, 574, 437, 422, 461, 470, 426, 460, 449, 396, 6, 53, 42, 4, 16, 11, 59, 63, 579, 586, 590, 585, 562, 558, 550, 553, 486, 488, 546, 542, 545, 487, 485, 541, 476, 448, 437, 475, 380, 373, 362, 372, 452, 446, 454, 456, 140, 98, 103, 148, 543, 563, 567, 547, 86, 76, 120, 135, 554, 489, 487, 549, 554, 549, 599, 601, 591, 613, 610, 583, 534, 591, 583, 529, 601, 599, 618, 620, 440, 447, 400, 382, 339, 401, 378, 325, 435, 363, 376, 444, 547, 575, 579, 555, 564, 553, 527, 537, 576, 580, 588, 578, 551, 560, 565, 563, 396, 449, 443, 375, 568, 564, 544, 548, 481, 484, 534, 529, 483, 445, 435, 480, 474, 476, 495, 493, 10, 15, 64, 60, 52, 7, 5, 41, 484, 486, 542, 534, 273, 228, 234, 283, 220, 265, 269, 227, 182, 201, 208, 190, 183, 178, 167, 171, 218, 222, 258, 251, 595, 587, 612, 614, 598, 546, 552, 600, 617, 598, 600, 619, 541, 531, 587, 595, 172, 175, 166, 165, 196, 214, 213, 195, 215, 206, 250, 254, 36, 3, 4, 42, 17, 16, 63, 67, 440, 430, 425, 442, 427, 423, 393, 401, 470, 461, 487, 489, 460, 486, 484, 449, 15, 18, 68, 64, 3, 36, 41, 5, 438, 381, 399, 446, 379, 402, 340, 326, 74, 84, 136, 125, 190, 208, 214, 196, 178, 172, 165, 167, 86, 54, 52, 76, 402, 379, 371, 395, 446, 452, 439, 438, 596, 615, 613, 591, 597, 599, 549, 545, 599, 597, 616, 618, 542, 596, 591, 534, 144, 104, 100, 139, 597, 595, 614, 616, 596, 542, 546, 598, 615, 596, 598, 617, 545, 541, 595, 597, 382, 361, 430, 440, 360, 427, 401, 339, 430, 402, 395, 425, 438, 439, 423, 427, 575, 577, 586, 579, 566, 562, 553, 564, 444, 482, 480, 435, 476, 475, 494, 495, 475, 470, 489, 494, 449, 484, 481, 443, 427, 360, 381, 438, 402, 430, 361, 340, 578, 574, 568, 576, 573, 567, 563, 565, 189, 220, 227, 201, 222, 218, 183, 197, 148, 103, 105, 153, 76, 72, 114, 120, 574, 566, 564, 568, 567, 573, 577, 575, 181, 175, 206, 215, 213, 234, 228, 205, 283, 234, 235, 276, 276, 233, 227, 269, 207, 218, 251, 246, 206, 203, 244, 250, 71, 74, 125, 115, 151, 107, 104, 144, 53, 84, 74, 42, 63, 59, 100, 104, 153, 105, 108, 152, 72, 71, 115, 114, 203, 207, 246, 244, 60, 64, 105, 103, 76, 52, 41, 72, 201, 227, 233, 208, 218, 207, 178, 183, 203, 206, 175, 172, 214, 235, 234, 213, 71, 36, 42, 74, 67, 63, 104, 107, 64, 68, 108, 105, 72, 41, 36, 71, 208, 233, 235, 214, 207, 203, 172, 178, 228, 273, 266, 266, 276, 235, 233, 233, 548, 576, 568, 568, 544, 564, 537, 537, 563, 543, 535, 535, 547, 567, 575, 575, 55, 84, 53, 53, 98, 60, 103, 103, 476, 455, 448, 448, 475, 437, 470, 470, 489, 554, 494, 494, 549, 487, 545, 545, 340, 260, 253, 253, 268, 361, 382, 382, 267, 381, 360, 360, 339, 252, 259, 259, 131, 212, 186, 186, 185, 211, 92, 92, 91, 209, 50, 50, 51, 210, 130, 130, 623, 572, 607, 607, 606, 570, 593, 593, 592, 569, 603, 603, 604, 571, 622, 622, 458, 508, 463, 463, 464, 510, 497, 497, 498, 511, 492, 492, 491, 509, 459, 459, 500, 336, 478, 478, 477, 334, 407, 407, 406, 333, 471, 471, 472, 335, 499, 499, 94, 31, 45, 45, 46, 32, 132, 132, 134, 34, 194, 194, 192, 33, 95, 95, 506, 467, 515, 515, 516, 468, 513, 513, 512, 466, 503, 503, 502, 465, 505, 505, 155, 296, 113, 113, 112, 294, 82, 82, 83, 295, 123, 123, 124, 297, 156, 156, 0, 37, 12, 12, 14, 39, 57, 57, 58, 40, 21, 21, 19, 38, 1, 1, 626, 629, 635, 635, 637, 631, 640, 640, 638, 630, 633, 633, 632, 628, 625, 625, 349, 346, 241, 241, 240, 344, 161, 161, 159, 343, 236, 236, 238, 345, 348, 348]
                                uniform int[] primvars:skel:jointIndices = [0, 0, 0, 0, 0, 0, 0, 0, 0, 0, 0, 0, 0, 0, 0, 0, 0, 0, 0, 0, 0, 0, 0, 0, 0, 0, 0, 0, 0, 0, 0, 0, 0, 0, 0, 0, 0, 0, 0, 0, 0, 0, 0, 0, 0, 0, 0, 0, 0, 0, 0, 0, 0, 0, 0, 0, 0, 0, 0, 0, 0, 0, 0, 0, 0, 0, 0, 0, 0, 0, 0, 0, 0, 0, 0, 0, 0, 0, 0, 0, 0, 0, 0, 0, 0, 0, 0, 0, 0, 0, 0, 0, 0, 0, 0, 0, 0, 0, 0, 0, 0, 0, 0, 0, 0, 0, 0, 0, 0, 0, 0, 0, 0, 0, 0, 0, 0, 0, 0, 0, 0, 0, 0, 0, 0, 0, 0, 0, 0, 0, 0, 0, 0, 0, 0, 0, 0, 0, 0, 0, 0, 0, 0, 0, 0, 0, 0, 0, 0, 0, 0, 0, 0, 0, 0, 0, 0, 0, 0, 0, 0, 0, 0, 0, 0, 0, 0, 0, 0, 0, 0, 0, 0, 0, 0, 0, 0, 0, 0, 0, 0, 0, 0, 0, 0, 0, 0, 0, 0, 0, 0, 0, 0, 0, 0, 0, 0, 0, 0, 0, 0, 0, 0, 0, 0, 0, 0, 0, 0, 0, 0, 0, 0, 0, 0, 0, 0, 0, 0, 0, 0, 0, 0, 0, 0, 0, 0, 0, 0, 0, 0, 0, 0, 0, 0, 0, 0, 0, 0, 0, 0, 0, 0, 0, 0, 0, 0, 0, 0, 0, 0, 0, 0, 0, 0, 0, 0, 0, 0, 0, 0, 0, 0, 0, 0, 0, 0, 0, 0, 0, 0, 0, 0, 0, 0, 0, 0, 0, 0, 0, 0, 0, 0, 0, 0, 0, 0, 0, 0, 0, 0, 0, 0, 0, 0, 0, 0, 0, 0, 0, 0, 0, 0, 0, 0, 0, 0, 0, 0, 0, 0, 0, 0, 0, 0, 0, 0, 0, 0, 0, 0, 0, 0, 0, 0, 0, 0, 0, 0, 0, 0, 0, 0, 0, 0, 0, 0, 0, 0, 0, 0, 0, 0, 0, 0, 0, 0, 0, 0, 0, 0, 0, 0, 0, 0, 0, 0, 0, 0, 0, 0, 0, 0, 0, 0, 0, 0, 0, 0, 0, 0, 0, 0, 0, 0, 0, 0, 0, 0, 0, 0, 0, 0, 0, 0, 0, 0, 0, 0, 0, 0, 0, 0, 0, 0, 0, 0, 0, 0, 0, 0, 0, 0, 0, 0, 0, 0, 0, 0, 0, 0, 0, 0, 0, 0, 0, 0, 0, 0, 0, 0, 0, 0, 0, 0, 0, 0, 0, 0, 0, 0, 0, 0, 0, 0, 0, 0, 0, 0, 0, 0, 0, 0, 0, 0, 0, 0, 0, 0, 0, 0, 0, 0, 0, 0, 0, 0, 0, 0, 0, 0, 0, 0, 0, 0, 0, 0, 0, 0, 0, 0, 0, 0, 0, 0, 0, 0, 0, 0, 0, 0, 0, 0, 0, 0, 0, 0, 0, 0, 0, 0, 0, 0, 0, 0, 0, 0, 0, 0, 0, 0, 0, 0, 0, 0, 0, 0, 0, 0, 0, 0, 0, 0, 0, 0, 0, 0, 0, 0, 0, 0, 0, 0, 0, 0, 0, 0, 0, 0, 0, 0, 0, 0, 0, 0, 0, 0, 0, 0, 0, 0, 0, 0, 0, 0, 0, 0, 0, 0, 0, 0, 0, 0, 0, 0, 0, 0, 0, 0, 0, 0, 0, 0, 0, 0, 0, 0, 0, 0, 0, 0, 0, 0, 0, 0, 0, 0, 0, 0, 0, 0, 0, 0, 0, 0, 0, 0, 0, 0, 0, 0, 0, 0, 0, 0, 0, 0, 0, 0, 0, 0, 0, 0, 0, 0, 0, 0, 0, 0, 0, 0, 0, 0, 0, 0, 0, 0, 0, 0, 0, 0, 0, 0, 0, 0, 0, 0, 0, 0, 0, 0, 0, 0, 0, 0, 0, 0, 0, 0, 0, 0, 0, 0, 0, 0, 0, 0, 0, 0, 0, 0, 0, 0, 0] (
                                    elementSize = 1
                                    interpolation = "vertex"
                                )
                                uniform float[] primvars:skel:jointWeights = [1, 1, 1, 1, 1, 1, 1, 1, 1, 1, 1, 1, 1, 1, 1, 1, 1, 1, 1, 1, 1, 1, 1, 1, 1, 1, 1, 1, 1, 1, 1, 1, 1, 1, 1, 1, 1, 1, 1, 1, 1, 1, 1, 1, 1, 1, 1, 1, 1, 1, 1, 1, 1, 1, 1, 1, 1, 1, 1, 1, 1, 1, 1, 1, 1, 1, 1, 1, 1, 1, 1, 1, 1, 1, 1, 1, 1, 1, 1, 1, 1, 1, 1, 1, 1, 1, 1, 1, 1, 1, 1, 1, 1, 1, 1, 1, 1, 1, 1, 1, 1, 1, 1, 1, 1, 1, 1, 1, 1, 1, 1, 1, 1, 1, 1, 1, 1, 1, 1, 1, 1, 1, 1, 1, 1, 1, 1, 1, 1, 1, 1, 1, 1, 1, 1, 1, 1, 1, 1, 1, 1, 1, 1, 1, 1, 1, 1, 1, 1, 1, 1, 1, 1, 1, 1, 1, 1, 1, 1, 1, 1, 1, 1, 1, 1, 1, 1, 1, 1, 1, 1, 1, 1, 1, 1, 1, 1, 1, 1, 1, 1, 1, 1, 1, 1, 1, 1, 1, 1, 1, 1, 1, 1, 1, 1, 1, 1, 1, 1, 1, 1, 1, 1, 1, 1, 1, 1, 1, 1, 1, 1, 1, 1, 1, 1, 1, 1, 1, 1, 1, 1, 1, 1, 1, 1, 1, 1, 1, 1, 1, 1, 1, 1, 1, 1, 1, 1, 1, 1, 1, 1, 1, 1, 1, 1, 1, 1, 1, 1, 1, 1, 1, 1, 1, 1, 1, 1, 1, 1, 1, 1, 1, 1, 1, 1, 1, 1, 1, 1, 1, 1, 1, 1, 1, 1, 1, 1, 1, 1, 1, 1, 1, 1, 1, 1, 1, 1, 1, 1, 1, 1, 1, 1, 1, 1, 1, 1, 1, 1, 1, 1, 1, 1, 1, 1, 1, 1, 1, 1, 1, 1, 1, 1, 1, 1, 1, 1, 1, 1, 1, 1, 1, 1, 1, 1, 1, 1, 1, 1, 1, 1, 1, 1, 1, 1, 1, 1, 1, 1, 1, 1, 1, 1, 1, 1, 1, 1, 1, 1, 1, 1, 1, 1, 1, 1, 1, 1, 1, 1, 1, 1, 1, 1, 1, 1, 1, 1, 1, 1, 1, 1, 1, 1, 1, 1, 1, 1, 1, 1, 1, 1, 1, 1, 1, 1, 1, 1, 1, 1, 1, 1, 1, 1, 1, 1, 1, 1, 1, 1, 1, 1, 1, 1, 1, 1, 1, 1, 1, 1, 1, 1, 1, 1, 1, 1, 1, 1, 1, 1, 1, 1, 1, 1, 1, 1, 1, 1, 1, 1, 1, 1, 1, 1, 1, 1, 1, 1, 1, 1, 1, 1, 1, 1, 1, 1, 1, 1, 1, 1, 1, 1, 1, 1, 1, 1, 1, 1, 1, 1, 1, 1, 1, 1, 1, 1, 1, 1, 1, 1, 1, 1, 1, 1, 1, 1, 1, 1, 1, 1, 1, 1, 1, 1, 1, 1, 1, 1, 1, 1, 1, 1, 1, 1, 1, 1, 1, 1, 1, 1, 1, 1, 1, 1, 1, 1, 1, 1, 1, 1, 1, 1, 1, 1, 1, 1, 1, 1, 1, 1, 1, 1, 1, 1, 1, 1, 1, 1, 1, 1, 1, 1, 1, 1, 1, 1, 1, 1, 1, 1, 1, 1, 1, 1, 1, 1, 1, 1, 1, 1, 1, 1, 1, 1, 1, 1, 1, 1, 1, 1, 1, 1, 1, 1, 1, 1, 1, 1, 1, 1, 1, 1, 1, 1, 1, 1, 1, 1, 1, 1, 1, 1, 1, 1, 1, 1, 1, 1, 1, 1, 1, 1, 1, 1, 1, 1, 1, 1, 1, 1, 1, 1, 1, 1, 1, 1, 1, 1, 1, 1, 1, 1, 1, 1, 1, 1, 1, 1, 1, 1, 1, 1, 1, 1, 1, 1, 1, 1, 1, 1, 1, 1, 1, 1, 1, 1, 1, 1, 1, 1, 1, 1, 1, 1, 1, 1, 1, 1, 1, 1, 1, 1, 1, 1, 1] (
                                    elementSize = 1
                                    interpolation = "vertex"
                                )
                                uniform token primvars:skel:skinningMethod = "classicLinear"
                            }

                            def Skeleton "PartSkeleton" (
                                prepend apiSchemas = ["SkelBindingAPI"]
                            )
                            {
                                uniform matrix4d[] bindTransforms = [( (1, 0, 0, 0), (0, 1, 0, 0), (0, 0, 1, 0), (0, 0, 0, 1) )]
                                uniform token[] jointNames = ["root"]
                                uniform token[] joints = ["root"]
                                uniform token purpose = "guide"
                                uniform matrix4d[] restTransforms = [( (1, 0, 0, 0), (0, 1, 0, 0), (0, 0, 1, 0), (0, 0, 0, 1) )]
                                append rel skel:animationSource = </Tree/AssemblyPartsInstancer/Prototypes/Mesh_2/PartSkelRoot/PartAnimation>
                                uniform token visibility = "invisible"
                            }
                        }
                    }
        }
    }
}
